企业名称,统代,科技标签_高新技术产业,是否国企,龙头企业级别,2022从业人数,2023从业人数,2024从业人数,2022利润总额,实际授信额度,实际授信额度区间
嘉禾材料股份有限公司000000,9.1301e+017,0,0,县级,,6,,565,4240,"(3780.0, 7370.0]"
创元医药有限责任公司000001,9.13161e+017,1,1,县级,7,7,6,5656,11430,"(10954.0, 14480.0]"
汇通环保集团有限公司000002,9.1341316475255341e+017,0,0,县级,1,7,7,676767,7920,"(7370.0, 10954.0]"
盛世化工有限责任公司000003,9.13395e+017,0,1,,6,7,2,6767,33020,"(31471.0, 35000.0]"
鼎盛贸易集团有限公司000004,9.138710e+017,0,0,县级,2,5,5,5656,23950,"(21364.0, 24660.0]"
华信生物有限责任公司000005,9.1351462704828148e+017,0,0,国家级,4,4,5,565656,520,"(49.999, 3780.0]"
星河能源有限公司000006,9.13718e+017,0,1,省级,,3,7,5656,9850,"(7370.0, 10954.0]"
天成纺织股份有限公司000007,9.13331e+017,,0,,2,7,2,-2323432,16390,"(14480.0, 17855.0]"
联创医药集团有限公司000008,9.139973763116566e+017,1,0,,,1,1,-3434545,11450,"(10954.0, 14480.0]"
博雅电子股份有限公司000009,9.1317810e+017,0,0,县级,7,2,5,5656,17330,"(14480.0, 17855.0]"
华泰机械股份有限公司000010,9.138723430980500e+017,1,,国家级,1,1,3,343434,32200,"(31471.0, 35000.0]"
宏达环保有限公司000011,9.1399854353e+017,1,1,,,7,1,343434,23380,"(21364.0, 24660.0]"
天成机械集团有限公司000012,9.13849808412e+017,1,0,省级,1,5,3,676767,10050,"(7370.0, 10954.0]"
星河材料股份有限公司000013,9.13005242e+017,1,1,,6,6,3,6767,10330,"(7370.0, 10954.0]"
远航贸易有限公司000014,9.133315869e+017,0,0,省级,,3,2,-2323432,1760,"(49.999, 3780.0]"
宏达电子集团有限公司000015,9.1316073375433036e+017,1,0,市级,2,3,4,5656,30150,"(27972.0, 31471.0]"
博雅电子有限公司000016,9.13965e+017,1,0,省级,6,5,,5656,10740,"(7370.0, 10954.0]"
永泰贸易股份有限公司000017,9.13595e+017,0,1,县级,1,7,6,565,30230,"(27972.0, 31471.0]"
远航化工有限公司000018,9.13436995e+017,1,0,省级,,4,4,565,7170,"(3780.0, 7370.0]"
远航能源集团有限公司000019,9.130037e+017,0,0,县级,5,5,7,676767,9670,"(7370.0, 10954.0]"
中原能源集团有限公司000020,9.1387083172788957e+017,1,1,县级,2,1,7,676767,4410,"(3780.0, 7370.0]"
华泰材料有限责任公司000021,9.1345581e+017,0,1,,7,7,4,5656,11290,"(10954.0, 14480.0]"
金鼎化工股份有限公司000022,9.1354e+017,1,1,省级,3,,7,565,31580,"(31471.0, 35000.0]"
博雅纺织集团有限公司000023,9.1380699016272e+017,0,1,市级,4,4,6,5656,29710,"(27972.0, 31471.0]"
嘉禾环保有限责任公司000024,9.1310033e+017,0,0,国家级,3,7,,676767,840,"(49.999, 3780.0]"
华信智能有限责任公司000025,9.13904e+017,1,,,4,7,5,565,30680,"(27972.0, 31471.0]"
嘉禾食品有限责任公司000026,9.13850e+017,1,0,市级,7,,5,565656,14270,"(10954.0, 14480.0]"
嘉禾装备股份有限公司000027,9.1394531473e+017,1,1,县级,6,2,6,6767,33150,"(31471.0, 35000.0]"
瑞丰生物有限公司000028,9.133136783777e+017,,0,省级,4,7,3,-3434545,28770,"(27972.0, 31471.0]"
华泰电子有限责任公司000029,9.13313518e+017,0,1,市级,4,3,6,676767,14460,"(10954.0, 14480.0]"
星河环保有限责任公司000030,9.132710947775204e+017,1,0,国家级,3,2,6,-2323432,11280,"(10954.0, 14480.0]"
嘉禾食品集团有限公司000031,9.1386774964990913e+017,0,0,省级,,5,1,6767,4900,"(3780.0, 7370.0]"
远航纺织有限公司000032,9.13349361832421e+017,0,1,市级,1,6,,565656,11850,"(10954.0, 14480.0]"
汇通环保股份有限公司000033,9.135940139904902e+017,1,1,省级,6,4,5,5656,17980,"(17855.0, 21364.0]"
华信智能有限责任公司000034,9.1374680715e+017,1,1,国家级,6,1,4,565656,27490,"(24660.0, 27972.0]"
星河医药有限责任公司000035,9.132477109324e+017,0,0,国家级,,5,7,343434,18150,"(17855.0, 21364.0]"
中原装备股份有限公司000036,9.1378263e+017,0,1,县级,6,4,3,565,11240,"(10954.0, 14480.0]"
联创网络股份有限公司000037,9.137558867533e+017,1,,县级,,6,5,5656,27080,"(24660.0, 27972.0]"
创元信息有限责任公司000038,9.13718e+017,,0,,4,7,2,565,1560,"(49.999, 3780.0]"
嘉禾化工有限责任公司000039,9.13780913431611e+017,1,1,国家级,3,4,7,-2323432,27670,"(24660.0, 27972.0]"
博雅智能集团有限公司000040,9.13969e+017,0,0,市级,3,,5,-2323432,27970,"(24660.0, 27972.0]"
远航食品有限责任公司000041,9.13436713695e+017,1,,县级,7,3,,-2323432,14200,"(10954.0, 14480.0]"
天成能源集团有限公司000042,9.1342104709521e+017,1,1,省级,5,7,3,-3434545,9470,"(7370.0, 10954.0]"
远航科技有限公司000043,9.13123685160e+017,1,1,市级,5,3,3,-3434545,19780,"(17855.0, 21364.0]"
宏达材料股份有限公司000044,9.134612004711382e+017,1,1,省级,1,,5,343434,25030,"(24660.0, 27972.0]"
永泰纺织股份有限公司000045,9.1351585e+017,0,0,,7,4,,676767,15220,"(14480.0, 17855.0]"
永泰材料集团有限公司000046,9.1333529042284e+017,0,0,市级,6,,3,676767,5200,"(3780.0, 7370.0]"
华信材料股份有限公司000047,9.13589178390e+017,1,,县级,5,2,2,5656,21590,"(21364.0, 24660.0]"
创元材料集团有限公司000048,9.13998569e+017,1,,国家级,,6,1,676767,13240,"(10954.0, 14480.0]"
华信科技股份有限公司000049,9.134527111e+017,0,1,国家级,4,2,7,-3434545,17080,"(14480.0, 17855.0]"
星河机械有限责任公司000050,9.131983273e+017,0,1,市级,,3,7,5656,29580,"(27972.0, 31471.0]"
金鼎电子有限公司000051,9.134455e+017,0,0,,7,7,5,-2323432,22850,"(21364.0, 24660.0]"
远航科技有限公司000052,9.1322e+017,0,1,县级,1,2,4,565656,15200,"(14480.0, 17855.0]"
联创信息有限责任公司000053,9.1336e+017,,1,省级,4,7,3,565,11650,"(10954.0, 14480.0]"
宏达信息有限责任公司000054,9.13606e+017,0,0,县级,,4,,5656,21860,"(21364.0, 24660.0]"
华泰贸易有限公司000055,9.1313696816e+017,1,0,,,1,2,343434,25360,"(24660.0, 27972.0]"
创元能源有限公司000056,9.134329e+017,0,0,县级,5,7,6,565656,26480,"(24660.0, 27972.0]"
盛世网络股份有限公司000057,9.13774e+017,1,1,市级,6,5,5,-2323432,25740,"(24660.0, 27972.0]"
启明化工股份有限公司000058,9.1380793597820e+017,1,1,国家级,1,,7,6767,3740,"(49.999, 3780.0]"
天成贸易有限责任公司000059,9.1365905151e+017,1,0,省级,1,4,5,565,6550,"(3780.0, 7370.0]"
嘉禾化工有限责任公司000060,9.138168e+017,,1,省级,6,,6,565656,12730,"(10954.0, 14480.0]"
启明生物有限公司000061,9.13592962229270e+017,1,0,市级,2,2,3,565656,4190,"(3780.0, 7370.0]"
永泰贸易股份有限公司000062,9.13468862392e+017,,1,国家级,2,3,7,343434,34250,"(31471.0, 35000.0]"
汇通能源股份有限公司000063,9.130606853e+017,1,1,市级,,2,,-3434545,17960,"(17855.0, 21364.0]"
创元装备股份有限公司000064,9.1301043289861e+017,1,,县级,,1,7,565656,34090,"(31471.0, 35000.0]"
宏达网络有限责任公司000065,9.1309539621e+017,,0,,,4,1,5656,23600,"(21364.0, 24660.0]"
华信科技集团有限公司000066,9.1358e+017,1,0,县级,3,1,1,565656,30070,"(27972.0, 31471.0]"
远航医药有限公司000067,9.1330548687403450e+017,1,1,县级,6,,7,5656,1560,"(49.999, 3780.0]"
瑞丰材料股份有限公司000068,9.13692e+017,1,0,市级,3,4,3,5656,21310,"(17855.0, 21364.0]"
中原电子有限公司000069,9.13658e+017,0,0,,2,3,6,343434,14490,"(14480.0, 17855.0]"
华泰贸易有限责任公司000070,9.13192856543e+017,,0,县级,2,3,,343434,6330,"(3780.0, 7370.0]"
永泰物流集团有限公司000071,9.13727e+017,0,1,国家级,3,6,5,565,20160,"(17855.0, 21364.0]"
天成信息集团有限公司000072,9.13323e+017,,1,省级,3,6,6,343434,32550,"(31471.0, 35000.0]"
汇通网络有限责任公司000073,9.13177852892268e+017,0,0,省级,1,6,5,676767,16820,"(14480.0, 17855.0]"
嘉禾电子集团有限公司000074,9.13498182992299e+017,1,0,,3,5,,565,8090,"(7370.0, 10954.0]"
嘉禾机械有限责任公司000075,9.13364710276e+017,1,1,市级,6,5,,-3434545,25730,"(24660.0, 27972.0]"
嘉禾物流有限责任公司000076,9.1371473e+017,,1,县级,6,3,2,6767,21140,"(17855.0, 21364.0]"
启明纺织股份有限公司000077,9.13701687e+017,0,,市级,7,5,2,565656,20450,"(17855.0, 21364.0]"
天成化工有限责任公司000078,9.1360e+017,0,,县级,3,,2,565,29840,"(27972.0, 31471.0]"
天成科技有限责任公司000079,9.1323986800025787e+017,0,0,市级,7,6,2,565,16180,"(14480.0, 17855.0]"
联创建设有限责任公司000080,9.131694097e+017,1,0,县级,5,7,4,5656,12320,"(10954.0, 14480.0]"
华泰科技股份有限公司000081,9.136368e+017,1,0,省级,2,,,565656,820,"(49.999, 3780.0]"
瑞丰装备集团有限公司000082,9.1348434e+017,1,1,市级,5,2,5,565,14560,"(14480.0, 17855.0]"
创元机械有限公司000083,9.13157473e+017,0,1,,,6,4,676767,31710,"(31471.0, 35000.0]"
盛世装备有限公司000084,9.13208267734540e+017,0,0,国家级,,5,,6767,16970,"(14480.0, 17855.0]"
联创智能有限责任公司000085,9.1304e+017,0,1,县级,4,2,1,6767,16310,"(14480.0, 17855.0]"
华泰电子集团有限公司000086,9.1354e+017,0,1,,7,3,1,343434,29990,"(27972.0, 31471.0]"
宏达纺织有限责任公司000087,9.134990453e+017,0,1,县级,2,4,,565,15760,"(14480.0, 17855.0]"
联创网络股份有限公司000088,9.139568783391878e+017,,,省级,,3,2,6767,5520,"(3780.0, 7370.0]"
联创材料股份有限公司000089,9.1307286790874064e+017,0,,市级,2,5,6,-2323432,23930,"(21364.0, 24660.0]"
中原贸易股份有限公司000090,9.13661825128e+017,1,0,国家级,1,,4,565656,5590,"(3780.0, 7370.0]"
天成网络有限责任公司000091,9.1310690e+017,0,0,县级,6,4,7,-2323432,18910,"(17855.0, 21364.0]"
星河网络有限责任公司000092,9.1395995e+017,0,0,省级,2,4,5,565,31830,"(31471.0, 35000.0]"
嘉禾装备有限公司000093,9.136856624e+017,1,1,省级,1,5,2,6767,17540,"(14480.0, 17855.0]"
鼎盛能源有限责任公司000094,9.1351751e+017,,1,国家级,7,1,4,676767,5540,"(3780.0, 7370.0]"
远航建设集团有限公司000095,9.1317393e+017,1,1,县级,7,6,2,-3434545,13680,"(10954.0, 14480.0]"
联创科技集团有限公司000096,9.135609320e+017,1,1,省级,3,5,,5656,29640,"(27972.0, 31471.0]"
联创装备股份有限公司000097,9.135228e+017,1,0,国家级,5,4,6,-2323432,31310,"(27972.0, 31471.0]"
金鼎医药股份有限公司000098,9.130997700e+017,,1,,,2,,5656,6230,"(3780.0, 7370.0]"
永泰信息有限责任公司000099,9.134615679e+017,0,0,国家级,7,,1,-2323432,9920,"(7370.0, 10954.0]"
博雅材料股份有限公司000100,9.1359180339e+017,1,0,市级,1,4,1,-2323432,28830,"(27972.0, 31471.0]"
鼎盛材料有限责任公司000101,9.139396e+017,1,0,国家级,2,,2,-3434545,30860,"(27972.0, 31471.0]"
鼎盛科技有限公司000102,9.13477358662961e+017,1,,省级,,2,3,6767,25190,"(24660.0, 27972.0]"
天成电子有限公司000103,9.131267e+017,1,0,国家级,6,,1,-3434545,18260,"(17855.0, 21364.0]"
宏达信息集团有限公司000104,9.13622444721264e+017,1,0,省级,7,3,,565656,22960,"(21364.0, 24660.0]"
盛世化工有限责任公司000105,9.13569245937e+017,1,1,市级,5,,,565656,16250,"(14480.0, 17855.0]"
华信医药集团有限公司000106,9.13807374167243e+017,1,1,国家级,5,3,7,565656,15000,"(14480.0, 17855.0]"
星河贸易有限公司000107,9.13352e+017,0,1,市级,5,5,7,5656,22310,"(21364.0, 24660.0]"
宏达纺织有限责任公司000108,9.1379825071e+017,1,0,省级,,3,6,-3434545,23820,"(21364.0, 24660.0]"
华泰科技有限公司000109,9.13010512e+017,0,0,县级,4,5,,676767,29620,"(27972.0, 31471.0]"
永泰纺织股份有限公司000110,9.1303341918e+017,0,0,市级,7,2,6,565656,1240,"(49.999, 3780.0]"
天成贸易股份有限公司000111,9.1324991251341e+017,0,0,县级,5,3,5,5656,4720,"(3780.0, 7370.0]"
嘉禾智能股份有限公司000112,9.13225790e+017,1,1,县级,4,6,6,565656,7140,"(3780.0, 7370.0]"
金鼎能源有限责任公司000113,9.1343e+017,1,1,县级,4,4,4,343434,3430,"(49.999, 3780.0]"
星河纺织集团有限公司000114,9.1313407451e+017,1,0,省级,,7,3,-3434545,31040,"(27972.0, 31471.0]"
永泰环保有限责任公司000115,9.134982544948e+017,0,1,市级,7,6,,6767,8510,"(7370.0, 10954.0]"
鼎盛装备集团有限公司000116,9.1346671168457e+017,1,0,国家级,6,,3,565656,31230,"(27972.0, 31471.0]"
中原医药股份有限公司000117,9.13545892e+017,1,,,6,3,7,6767,8970,"(7370.0, 10954.0]"
远航智能有限责任公司000118,9.13541e+017,1,,市级,4,4,6,676767,26670,"(24660.0, 27972.0]"
宏达信息股份有限公司000119,9.1305e+017,0,1,,4,,2,5656,5480,"(3780.0, 7370.0]"
鼎盛网络集团有限公司000120,9.13890e+017,0,0,省级,1,,3,565656,5660,"(3780.0, 7370.0]"
天成食品有限责任公司000121,9.1323413899940438e+017,0,1,省级,7,,1,343434,15770,"(14480.0, 17855.0]"
创元化工股份有限公司000122,9.138271091e+017,0,0,县级,2,,1,5656,13010,"(10954.0, 14480.0]"
汇通机械有限公司000123,9.133285691463e+017,0,1,国家级,4,1,5,6767,11410,"(10954.0, 14480.0]"
启明信息有限责任公司000124,9.135241e+017,0,1,国家级,,2,2,343434,14250,"(10954.0, 14480.0]"
博雅电子有限公司000125,9.1313800030756e+017,0,0,县级,4,,7,676767,15110,"(14480.0, 17855.0]"
启明环保集团有限公司000126,9.1380617e+017,1,1,,4,3,1,676767,4940,"(3780.0, 7370.0]"
联创医药集团有限公司000127,9.130603e+017,1,0,国家级,3,3,2,5656,24280,"(21364.0, 24660.0]"
联创环保集团有限公司000128,9.134103865719182e+017,,0,省级,7,,5,565,17240,"(14480.0, 17855.0]"
华泰电子集团有限公司000129,9.13329e+017,0,0,市级,7,7,7,-3434545,13070,"(10954.0, 14480.0]"
远航环保集团有限公司000130,9.132135680e+017,1,,县级,7,3,,676767,6500,"(3780.0, 7370.0]"
宏达网络集团有限公司000131,9.1351994101e+017,0,1,国家级,1,7,,-3434545,34060,"(31471.0, 35000.0]"
鼎盛装备有限公司000132,9.1362532447e+017,,0,县级,,,5,565656,29720,"(27972.0, 31471.0]"
启明能源有限公司000133,9.1357875985e+017,1,0,,,,2,565,32700,"(31471.0, 35000.0]"
博雅物流集团有限公司000134,9.13348039652239e+017,1,1,国家级,1,4,7,-3434545,9580,"(7370.0, 10954.0]"
嘉禾机械集团有限公司000135,9.13010393087e+017,0,0,市级,5,5,7,-3434545,20210,"(17855.0, 21364.0]"
启明贸易有限公司000136,9.136915452e+017,0,1,县级,,5,2,6767,34720,"(31471.0, 35000.0]"
博雅化工有限责任公司000137,9.134220969029593e+017,0,0,国家级,6,6,5,-3434545,9190,"(7370.0, 10954.0]"
华泰建设有限责任公司000138,9.1331541e+017,,1,省级,2,1,6,565656,13800,"(10954.0, 14480.0]"
宏达智能股份有限公司000139,9.13040e+017,1,,省级,4,,4,6767,23720,"(21364.0, 24660.0]"
金鼎食品集团有限公司000140,9.1362015336884e+017,1,,县级,,1,5,-3434545,28900,"(27972.0, 31471.0]"
华信建设集团有限公司000141,9.134171e+017,1,1,,1,3,6,5656,8220,"(7370.0, 10954.0]"
华泰电子集团有限公司000142,9.13902115e+017,1,0,县级,2,4,,5656,18060,"(17855.0, 21364.0]"
鼎盛环保集团有限公司000143,9.13722e+017,0,,国家级,5,4,2,5656,3280,"(49.999, 3780.0]"
汇通材料股份有限公司000144,9.136854870998e+017,1,0,国家级,2,,5,343434,29830,"(27972.0, 31471.0]"
联创装备有限公司000145,9.134629e+017,,1,国家级,7,5,4,565,26870,"(24660.0, 27972.0]"
华信能源集团有限公司000146,9.13754691e+017,0,1,市级,,7,3,6767,20180,"(17855.0, 21364.0]"
金鼎智能集团有限公司000147,9.1303070e+017,1,1,县级,1,5,7,343434,23340,"(21364.0, 24660.0]"
嘉禾贸易有限责任公司000148,9.134140e+017,,0,省级,,3,4,565,19480,"(17855.0, 21364.0]"
创元智能有限公司000149,9.1349446e+017,1,1,县级,6,1,7,5656,19460,"(17855.0, 21364.0]"
远航机械有限公司000150,9.13154544432e+017,0,1,省级,,5,7,565656,23040,"(21364.0, 24660.0]"
永泰科技集团有限公司000151,9.13875842824172e+017,1,0,市级,3,4,,676767,29050,"(27972.0, 31471.0]"
瑞丰机械股份有限公司000152,9.13709e+017,0,0,县级,3,7,7,5656,15270,"(14480.0, 17855.0]"
华泰网络有限责任公司000153,9.132175250074329e+017,0,0,县级,1,,2,5656,23370,"(21364.0, 24660.0]"
金鼎科技集团有限公司000154,9.1303e+017,0,1,国家级,4,,5,565,15330,"(14480.0, 17855.0]"
启明科技股份有限公司000155,9.13257532603323e+017,0,0,国家级,,1,3,565,21360,"(17855.0, 21364.0]"
金鼎环保有限公司000156,9.1376184723e+017,0,0,市级,7,1,1,6767,26820,"(24660.0, 27972.0]"
华信装备集团有限公司000157,9.1334835642087e+017,0,1,,4,1,,343434,4710,"(3780.0, 7370.0]"
华信电子集团有限公司000158,9.13447012045e+017,1,,,1,6,1,6767,3120,"(49.999, 3780.0]"
汇通贸易有限责任公司000159,9.131667e+017,1,1,,6,3,4,-2323432,11030,"(10954.0, 14480.0]"
华泰智能股份有限公司000160,9.1359027716701450e+017,0,1,国家级,7,4,4,676767,27830,"(24660.0, 27972.0]"
星河建设集团有限公司000161,9.137721753540e+017,0,1,,4,6,2,565656,22910,"(21364.0, 24660.0]"
金鼎物流股份有限公司000162,9.1308801994e+017,0,1,市级,7,1,4,676767,20420,"(17855.0, 21364.0]"
天成纺织有限公司000163,9.13305e+017,1,1,市级,7,5,5,-2323432,26960,"(24660.0, 27972.0]"
永泰医药有限公司000164,9.1337351609e+017,0,1,省级,2,7,6,-2323432,10460,"(7370.0, 10954.0]"
博雅智能集团有限公司000165,9.13699e+017,1,1,省级,5,5,7,-3434545,20870,"(17855.0, 21364.0]"
启明机械有限责任公司000166,9.138333945228851e+017,1,1,市级,3,,5,5656,30700,"(27972.0, 31471.0]"
永泰电子集团有限公司000167,9.13420438e+017,0,1,省级,,,,5656,2360,"(49.999, 3780.0]"
鼎盛化工股份有限公司000168,9.1358004397359893e+017,0,0,国家级,2,7,3,6767,1970,"(49.999, 3780.0]"
博雅电子有限公司000169,9.137202590e+017,1,,市级,6,,3,6767,5370,"(3780.0, 7370.0]"
天成能源集团有限公司000170,9.13555439878015e+017,1,0,市级,,5,5,343434,3810,"(3780.0, 7370.0]"
启明信息股份有限公司000171,9.13043581128e+017,0,0,省级,4,6,5,5656,15400,"(14480.0, 17855.0]"
汇通网络有限公司000172,9.13501102481e+017,0,1,县级,,5,6,-2323432,26530,"(24660.0, 27972.0]"
星河材料有限责任公司000173,9.131449147660e+017,1,0,县级,4,,6,565,31010,"(27972.0, 31471.0]"
天成建设集团有限公司000174,9.13009e+017,1,0,市级,,6,7,6767,26580,"(24660.0, 27972.0]"
星河生物股份有限公司000175,9.13814141397552e+017,0,0,市级,2,5,,-3434545,27530,"(24660.0, 27972.0]"
盛世食品集团有限公司000176,9.1353e+017,0,1,,5,6,5,-3434545,33130,"(31471.0, 35000.0]"
汇通电子集团有限公司000177,9.133411080996e+017,0,1,县级,4,3,4,6767,7240,"(3780.0, 7370.0]"
启明信息有限公司000178,9.1358039282e+017,1,0,县级,3,7,7,-2323432,19080,"(17855.0, 21364.0]"
永泰信息有限责任公司000179,9.1377005184e+017,1,0,县级,2,,3,343434,27430,"(24660.0, 27972.0]"
联创装备有限公司000180,9.132723184322e+017,0,0,县级,5,2,3,343434,14180,"(10954.0, 14480.0]"
金鼎能源有限公司000181,9.139922e+017,0,,市级,4,4,2,5656,16880,"(14480.0, 17855.0]"
远航材料集团有限公司000182,9.13977236929e+017,0,1,市级,5,,6,343434,33690,"(31471.0, 35000.0]"
中原网络有限公司000183,9.137990e+017,,0,国家级,2,,2,5656,20700,"(17855.0, 21364.0]"
联创化工有限责任公司000184,9.1391624731498e+017,1,0,国家级,5,,5,343434,32910,"(31471.0, 35000.0]"
华信网络股份有限公司000185,9.13944869594636e+017,1,1,市级,,6,7,5656,14880,"(14480.0, 17855.0]"
博雅物流集团有限公司000186,9.136589026012e+017,1,,市级,,7,6,343434,32120,"(31471.0, 35000.0]"
远航环保集团有限公司000187,9.13770384309883e+017,0,1,国家级,,4,4,343434,21390,"(21364.0, 24660.0]"
金鼎材料有限公司000188,9.134895543937e+017,1,1,国家级,3,3,4,565,21250,"(17855.0, 21364.0]"
瑞丰纺织股份有限公司000189,9.1373577907141e+017,1,0,省级,3,7,3,5656,33350,"(31471.0, 35000.0]"
鼎盛科技有限公司000190,9.132755394237e+017,0,0,省级,3,1,3,676767,3850,"(3780.0, 7370.0]"
联创建设有限公司000191,9.13595794728e+017,1,,县级,7,2,1,-2323432,27730,"(24660.0, 27972.0]"
启明纺织有限责任公司000192,9.130036915594284e+017,0,1,县级,5,7,2,5656,4980,"(3780.0, 7370.0]"
创元能源有限公司000193,9.134386632270267e+017,0,1,市级,6,3,3,-2323432,23450,"(21364.0, 24660.0]"
华信纺织有限责任公司000194,9.13558845e+017,0,1,省级,,,7,6767,34410,"(31471.0, 35000.0]"
汇通化工有限责任公司000195,9.13225699611e+017,0,1,市级,7,3,4,5656,18350,"(17855.0, 21364.0]"
华泰食品集团有限公司000196,9.130234e+017,0,1,国家级,3,7,3,565656,21380,"(21364.0, 24660.0]"
瑞丰网络有限公司000197,9.13643347228200e+017,1,1,县级,,7,7,565,4300,"(3780.0, 7370.0]"
中原信息有限责任公司000198,9.137831745e+017,1,,省级,5,6,5,565656,25890,"(24660.0, 27972.0]"
中原机械集团有限公司000199,9.1308536866326634e+017,0,0,市级,,4,4,565,31420,"(27972.0, 31471.0]"
华泰电子股份有限公司000200,9.1350208e+017,0,0,省级,4,1,,-2323432,18700,"(17855.0, 21364.0]"
联创贸易股份有限公司000201,9.130512046187234e+017,1,0,省级,,1,3,565656,32230,"(31471.0, 35000.0]"
永泰装备股份有限公司000202,9.13452088147435e+017,0,0,省级,2,1,6,-3434545,21390,"(21364.0, 24660.0]"
星河装备集团有限公司000203,9.131327195e+017,,0,,1,3,4,676767,410,"(49.999, 3780.0]"
永泰建设股份有限公司000204,9.132407784e+017,1,0,市级,3,7,3,565,18010,"(17855.0, 21364.0]"
远航电子有限责任公司000205,9.13086209593e+017,1,1,县级,7,7,1,6767,18450,"(17855.0, 21364.0]"
汇通环保集团有限公司000206,9.130317e+017,,1,,5,4,,676767,27030,"(24660.0, 27972.0]"
汇通纺织有限公司000207,9.138650948e+017,0,,省级,5,1,2,343434,34130,"(31471.0, 35000.0]"
博雅生物股份有限公司000208,9.131957612286852e+017,1,1,市级,1,5,2,5656,10230,"(7370.0, 10954.0]"
永泰化工有限责任公司000209,9.137760049e+017,0,,省级,7,7,5,-3434545,22390,"(21364.0, 24660.0]"
创元物流有限公司000210,9.13522459334e+017,,1,省级,1,6,5,-3434545,23420,"(21364.0, 24660.0]"
华信机械有限公司000211,9.139610556613906e+017,0,0,省级,7,4,6,676767,33610,"(31471.0, 35000.0]"
启明材料集团有限公司000212,9.1346225179e+017,0,,县级,,6,4,6767,23610,"(21364.0, 24660.0]"
嘉禾信息集团有限公司000213,9.1314659e+017,0,1,市级,,5,4,-3434545,8080,"(7370.0, 10954.0]"
华泰网络股份有限公司000214,9.1333e+017,1,0,国家级,5,7,3,6767,32930,"(31471.0, 35000.0]"
华泰装备有限公司000215,9.133833884e+017,1,0,国家级,7,,6,-2323432,12540,"(10954.0, 14480.0]"
华泰建设有限公司000216,9.1345104636e+017,0,1,国家级,3,3,6,565656,2220,"(49.999, 3780.0]"
鼎盛智能有限公司000217,9.135543840e+017,1,0,市级,5,,5,-3434545,20110,"(17855.0, 21364.0]"
宏达食品集团有限公司000218,9.1326495782329e+017,0,1,省级,4,1,5,6767,25130,"(24660.0, 27972.0]"
华信智能有限责任公司000219,9.130566e+017,1,1,,6,2,5,6767,29510,"(27972.0, 31471.0]"
宏达能源有限公司000220,9.131728975e+017,0,1,省级,1,5,5,-2323432,9500,"(7370.0, 10954.0]"
永泰医药有限公司000221,9.137975e+017,1,1,国家级,4,1,4,5656,27540,"(24660.0, 27972.0]"
星河信息有限公司000222,9.13703886086e+017,0,1,市级,6,5,5,565,21560,"(21364.0, 24660.0]"
华泰纺织有限公司000223,9.138129826657027e+017,0,0,省级,4,3,1,343434,5870,"(3780.0, 7370.0]"
启明智能股份有限公司000224,9.136025922220e+017,1,1,,,4,1,6767,15780,"(14480.0, 17855.0]"
嘉禾建设股份有限公司000225,9.1339776e+017,,0,市级,,7,4,676767,20470,"(17855.0, 21364.0]"
远航科技有限公司000226,9.1316e+017,0,1,省级,1,1,,-3434545,1370,"(49.999, 3780.0]"
中原生物有限公司000227,9.13721458e+017,1,0,国家级,,3,4,343434,31110,"(27972.0, 31471.0]"
盛世电子有限责任公司000228,9.139978e+017,1,0,省级,4,5,6,676767,24980,"(24660.0, 27972.0]"
中原食品有限公司000229,9.135830344e+017,0,1,国家级,,4,1,-3434545,8540,"(7370.0, 10954.0]"
盛世装备股份有限公司000230,9.1302727857608495e+017,0,1,,4,5,7,6767,13580,"(10954.0, 14480.0]"
鼎盛智能有限公司000231,9.1345046173574384e+017,0,0,国家级,3,3,6,-2323432,6840,"(3780.0, 7370.0]"
启明机械有限责任公司000232,9.131823e+017,0,,国家级,7,5,3,343434,30050,"(27972.0, 31471.0]"
金鼎机械集团有限公司000233,9.133344857e+017,0,0,国家级,3,,7,343434,12840,"(10954.0, 14480.0]"
远航能源集团有限公司000234,9.13495e+017,,0,,2,5,2,-2323432,32980,"(31471.0, 35000.0]"
华泰贸易有限责任公司000235,9.133817921e+017,,1,县级,1,2,5,676767,28310,"(27972.0, 31471.0]"
盛世科技股份有限公司000236,9.13017157724e+017,1,0,县级,2,5,3,343434,28700,"(27972.0, 31471.0]"
中原能源集团有限公司000237,9.132761539669e+017,1,0,国家级,3,1,5,565656,24230,"(21364.0, 24660.0]"
远航化工有限公司000238,9.1319657013290e+017,0,1,县级,1,4,1,565656,7260,"(3780.0, 7370.0]"
中原贸易有限公司000239,9.1309862405800e+017,1,1,省级,2,3,7,5656,12520,"(10954.0, 14480.0]"
博雅装备集团有限公司000240,9.1386562e+017,1,0,国家级,6,4,4,6767,27180,"(24660.0, 27972.0]"
中原纺织股份有限公司000241,9.1327868765326e+017,0,0,市级,6,6,,-3434545,26350,"(24660.0, 27972.0]"
汇通网络有限责任公司000242,9.13818913718e+017,1,1,国家级,1,5,,565656,19770,"(17855.0, 21364.0]"
星河机械有限责任公司000243,9.1379e+017,0,1,国家级,5,4,7,343434,6910,"(3780.0, 7370.0]"
瑞丰电子有限公司000244,9.131929275243728e+017,0,0,省级,2,7,,5656,11550,"(10954.0, 14480.0]"
天成环保有限责任公司000245,9.1310276747836674e+017,0,,县级,7,6,6,-3434545,23710,"(21364.0, 24660.0]"
中原电子有限责任公司000246,9.13414967e+017,0,0,省级,5,,5,-2323432,34630,"(31471.0, 35000.0]"
华泰贸易集团有限公司000247,9.134430091093911e+017,0,0,省级,,,1,6767,28120,"(27972.0, 31471.0]"
中原科技有限责任公司000248,9.131406e+017,1,0,市级,3,6,6,343434,11370,"(10954.0, 14480.0]"
创元生物股份有限公司000249,9.1391741e+017,,1,国家级,4,2,2,6767,4490,"(3780.0, 7370.0]"
鼎盛建设股份有限公司000250,9.13661830671e+017,1,1,国家级,6,1,3,-3434545,13550,"(10954.0, 14480.0]"
星河化工集团有限公司000251,9.13615717e+017,0,,省级,1,7,6,343434,22760,"(21364.0, 24660.0]"
星河科技有限公司000252,9.130613878e+017,0,0,国家级,7,3,7,565656,720,"(49.999, 3780.0]"
博雅环保有限责任公司000253,9.1317929111799313e+017,1,1,省级,,,6,676767,630,"(49.999, 3780.0]"
中原智能有限责任公司000254,9.132739021962e+017,0,,省级,,2,1,565,31070,"(27972.0, 31471.0]"
瑞丰信息股份有限公司000255,9.1332909279e+017,0,1,国家级,4,7,,676767,5910,"(3780.0, 7370.0]"
启明能源股份有限公司000256,9.1334031277220054e+017,0,1,,1,1,7,-2323432,22150,"(21364.0, 24660.0]"
华泰科技股份有限公司000257,9.1353153e+017,0,1,县级,5,,,343434,9680,"(7370.0, 10954.0]"
华泰智能股份有限公司000258,9.132735435e+017,,0,国家级,4,1,2,565656,25010,"(24660.0, 27972.0]"
博雅生物集团有限公司000259,9.13687e+017,0,1,县级,4,3,3,676767,32380,"(31471.0, 35000.0]"
金鼎食品有限公司000260,9.1378e+017,0,1,国家级,2,5,5,676767,23540,"(21364.0, 24660.0]"
天成机械集团有限公司000261,9.13107427990772e+017,1,1,国家级,1,1,4,343434,5480,"(3780.0, 7370.0]"
嘉禾医药有限公司000262,9.1350850165790e+017,1,0,,4,3,3,-3434545,11100,"(10954.0, 14480.0]"
永泰能源有限责任公司000263,9.134864015e+017,1,0,市级,2,6,7,-3434545,28830,"(27972.0, 31471.0]"
汇通材料股份有限公司000264,9.134112e+017,1,0,省级,7,6,1,-2323432,18800,"(17855.0, 21364.0]"
华泰建设有限责任公司000265,9.1310385e+017,1,1,县级,3,6,2,6767,17250,"(14480.0, 17855.0]"
星河网络有限责任公司000266,9.13729284e+017,0,0,,7,7,4,-3434545,11850,"(10954.0, 14480.0]"
盛世贸易集团有限公司000267,9.137828410e+017,1,0,市级,,3,2,-3434545,1470,"(49.999, 3780.0]"
创元纺织有限责任公司000268,9.131702814069375e+017,0,0,省级,6,4,7,565,23540,"(21364.0, 24660.0]"
启明化工集团有限公司000269,9.13599805626e+017,1,0,市级,,5,6,565656,3620,"(49.999, 3780.0]"
华泰机械集团有限公司000270,9.1366299123478519e+017,,1,市级,7,2,4,565656,17070,"(14480.0, 17855.0]"
联创环保有限责任公司000271,9.1347873002447e+017,0,1,县级,6,2,7,676767,22730,"(21364.0, 24660.0]"
联创食品有限责任公司000272,9.13715890429025e+017,1,0,国家级,,3,1,5656,14860,"(14480.0, 17855.0]"
启明医药集团有限公司000273,9.1319285544518952e+017,0,1,县级,6,,3,6767,3190,"(49.999, 3780.0]"
启明生物有限公司000274,9.1371120754e+017,1,1,市级,1,5,2,565,22930,"(21364.0, 24660.0]"
宏达机械集团有限公司000275,9.1321611e+017,0,,,1,1,7,-2323432,28230,"(27972.0, 31471.0]"
华信物流集团有限公司000276,9.1332501249552e+017,0,,国家级,,,3,676767,30950,"(27972.0, 31471.0]"
启明装备有限责任公司000277,9.139271256638361e+017,1,0,县级,3,7,,565,8810,"(7370.0, 10954.0]"
远航纺织集团有限公司000278,9.136463175207e+017,0,0,县级,5,1,1,343434,18760,"(17855.0, 21364.0]"
鼎盛物流集团有限公司000279,9.1374994657e+017,1,1,,6,,2,565,24410,"(21364.0, 24660.0]"
汇通装备有限公司000280,9.136952e+017,1,0,县级,4,6,,676767,2210,"(49.999, 3780.0]"
嘉禾建设有限公司000281,9.1316756770e+017,0,1,省级,3,4,5,6767,22190,"(21364.0, 24660.0]"
嘉禾生物股份有限公司000282,9.13828064796e+017,1,1,国家级,3,4,5,6767,27080,"(24660.0, 27972.0]"
盛世化工有限公司000283,9.1355650333e+017,1,0,国家级,7,7,1,-2323432,25650,"(24660.0, 27972.0]"
瑞丰建设股份有限公司000284,9.1305696591713e+017,1,1,市级,5,4,4,5656,17300,"(14480.0, 17855.0]"
永泰机械有限责任公司000285,9.1349e+017,1,0,国家级,2,7,1,565,21990,"(21364.0, 24660.0]"
远航信息有限责任公司000286,9.1385366498e+017,1,0,省级,1,5,2,676767,3190,"(49.999, 3780.0]"
中原环保集团有限公司000287,9.137232466e+017,1,0,县级,6,6,3,565,21870,"(21364.0, 24660.0]"
永泰建设集团有限公司000288,9.1347786603242044e+017,0,0,县级,6,6,4,-2323432,6190,"(3780.0, 7370.0]"
天成材料股份有限公司000289,9.132319818984713e+017,0,1,县级,7,3,,676767,16720,"(14480.0, 17855.0]"
星河装备有限责任公司000290,9.131586734257540e+017,0,0,省级,4,1,3,5656,10460,"(7370.0, 10954.0]"
宏达纺织股份有限公司000291,9.1364e+017,,0,省级,3,6,7,-3434545,21950,"(21364.0, 24660.0]"
联创装备股份有限公司000292,9.136124815e+017,1,1,国家级,7,4,3,6767,33760,"(31471.0, 35000.0]"
盛世材料有限公司000293,9.133829e+017,1,1,省级,6,,4,-3434545,12560,"(10954.0, 14480.0]"
宏达建设有限公司000294,9.139317342069e+017,1,,市级,7,1,2,343434,15500,"(14480.0, 17855.0]"
华信能源集团有限公司000295,9.1344762e+017,1,0,市级,1,4,4,676767,20290,"(17855.0, 21364.0]"
华泰能源有限责任公司000296,9.1371072563669e+017,,,省级,4,,3,-3434545,9690,"(7370.0, 10954.0]"
瑞丰信息股份有限公司000297,9.13652809e+017,0,1,,5,7,6,-3434545,260,"(49.999, 3780.0]"
联创电子有限责任公司000298,9.1344948562e+017,1,1,省级,6,2,,565656,5280,"(3780.0, 7370.0]"
华泰食品有限公司000299,9.13075877712e+017,0,0,省级,1,1,1,565,6740,"(3780.0, 7370.0]"
博雅食品有限公司000300,9.1371504e+017,0,0,,5,5,1,565656,23420,"(21364.0, 24660.0]"
盛世环保股份有限公司000301,9.139230450e+017,0,,市级,7,4,3,5656,280,"(49.999, 3780.0]"
创元物流有限责任公司000302,9.13649251583e+017,1,1,,,2,7,5656,26550,"(24660.0, 27972.0]"
盛世纺织集团有限公司000303,9.13278814761742e+017,0,1,县级,7,2,,-2323432,21070,"(17855.0, 21364.0]"
华泰电子有限责任公司000304,9.13918017e+017,0,,县级,,1,5,565,3920,"(3780.0, 7370.0]"
盛世智能集团有限公司000305,9.131941e+017,1,0,国家级,3,4,4,565656,10900,"(7370.0, 10954.0]"
远航贸易股份有限公司000306,9.1341220310303723e+017,1,,,4,7,6,5656,19980,"(17855.0, 21364.0]"
金鼎纺织集团有限公司000307,9.1349605e+017,0,1,县级,,2,4,565,19360,"(17855.0, 21364.0]"
联创能源有限公司000308,9.130695814671e+017,1,1,,1,4,6,565,27840,"(24660.0, 27972.0]"
盛世纺织集团有限公司000309,9.13665729e+017,0,0,省级,6,3,5,6767,28100,"(27972.0, 31471.0]"
嘉禾环保有限公司000310,9.134522801e+017,1,0,省级,5,7,4,-3434545,8620,"(7370.0, 10954.0]"
启明物流有限公司000311,9.13711991808e+017,0,0,市级,7,1,5,565,6240,"(3780.0, 7370.0]"
天成科技集团有限公司000312,9.13376e+017,0,1,,6,5,,-3434545,26550,"(24660.0, 27972.0]"
启明食品集团有限公司000313,9.136667e+017,1,1,国家级,6,3,2,343434,30910,"(27972.0, 31471.0]"
星河网络有限公司000314,9.13846684550489e+017,0,1,县级,1,4,2,5656,16150,"(14480.0, 17855.0]"
创元信息有限责任公司000315,9.1318848e+017,1,,市级,7,,5,565,29750,"(27972.0, 31471.0]"
启明贸易有限公司000316,9.1317e+017,1,0,省级,6,,1,676767,10680,"(7370.0, 10954.0]"
鼎盛信息集团有限公司000317,9.13589e+017,0,1,省级,3,6,6,5656,5780,"(3780.0, 7370.0]"
天成信息股份有限公司000318,9.1388649767762e+017,0,1,省级,,4,4,343434,3240,"(49.999, 3780.0]"
华信食品有限公司000319,9.13594e+017,0,0,市级,6,,2,565656,15170,"(14480.0, 17855.0]"
远航医药集团有限公司000320,9.137018510679497e+017,1,1,省级,1,2,,565656,12540,"(10954.0, 14480.0]"
中原化工集团有限公司000321,9.1358074120e+017,1,0,国家级,7,,6,-2323432,32810,"(31471.0, 35000.0]"
博雅建设有限责任公司000322,9.1333971895690705e+017,1,0,市级,5,7,,343434,21830,"(21364.0, 24660.0]"
汇通网络有限责任公司000323,9.1320952004e+017,,0,市级,1,5,2,343434,31510,"(31471.0, 35000.0]"
启明化工有限公司000324,9.13057861e+017,,0,国家级,1,7,2,343434,30860,"(27972.0, 31471.0]"
汇通信息集团有限公司000325,9.1325823868700794e+017,,1,市级,2,6,3,5656,18310,"(17855.0, 21364.0]"
嘉禾材料有限责任公司000326,9.13612e+017,1,0,市级,3,2,5,-3434545,6660,"(3780.0, 7370.0]"
盛世医药股份有限公司000327,9.1350209700268e+017,1,0,国家级,6,7,3,565656,13220,"(10954.0, 14480.0]"
金鼎物流股份有限公司000328,9.133703045e+017,,1,省级,,7,5,565656,7300,"(3780.0, 7370.0]"
永泰化工有限公司000329,9.13987283e+017,,0,省级,,4,6,676767,340,"(49.999, 3780.0]"
嘉禾电子股份有限公司000330,9.1360e+017,1,1,县级,5,3,,-2323432,28430,"(27972.0, 31471.0]"
鼎盛医药有限责任公司000331,9.13903e+017,1,0,市级,6,3,5,343434,260,"(49.999, 3780.0]"
瑞丰能源有限公司000332,9.13350583199e+017,1,1,国家级,1,,7,-2323432,13740,"(10954.0, 14480.0]"
华泰环保有限责任公司000333,9.1361108046619e+017,1,0,县级,4,7,,343434,32910,"(31471.0, 35000.0]"
永泰物流有限公司000334,9.1391e+017,0,0,市级,3,6,4,565656,24120,"(21364.0, 24660.0]"
远航食品有限责任公司000335,9.13982274e+017,1,0,,6,2,,-2323432,5270,"(3780.0, 7370.0]"
永泰装备股份有限公司000336,9.1359959465217e+017,0,0,省级,4,2,2,676767,14030,"(10954.0, 14480.0]"
永泰化工集团有限公司000337,9.1350e+017,0,0,县级,2,7,3,-3434545,15440,"(14480.0, 17855.0]"
博雅科技集团有限公司000338,9.133024e+017,,0,国家级,1,2,2,676767,10780,"(7370.0, 10954.0]"
中原材料有限公司000339,9.132338e+017,1,1,省级,3,3,6,676767,21630,"(21364.0, 24660.0]"
瑞丰网络股份有限公司000340,9.1317912e+017,1,1,县级,7,,,-3434545,32630,"(31471.0, 35000.0]"
星河医药集团有限公司000341,9.1373634e+017,1,0,市级,5,6,4,343434,16470,"(14480.0, 17855.0]"
华泰信息有限责任公司000342,9.1377665754e+017,,1,国家级,2,3,3,343434,1730,"(49.999, 3780.0]"
华信物流有限公司000343,9.130835354e+017,1,1,省级,3,5,1,565,9370,"(7370.0, 10954.0]"
金鼎装备集团有限公司000344,9.1333373898e+017,1,1,国家级,1,3,7,676767,16660,"(14480.0, 17855.0]"
金鼎贸易集团有限公司000345,9.1324075536668e+017,1,0,国家级,4,6,4,6767,22920,"(21364.0, 24660.0]"
鼎盛医药股份有限公司000346,9.13863e+017,1,1,,3,7,5,343434,16060,"(14480.0, 17855.0]"
永泰材料股份有限公司000347,9.13334817e+017,0,0,县级,6,1,5,343434,7690,"(7370.0, 10954.0]"
创元医药有限责任公司000348,9.1372994938e+017,1,0,,2,4,4,5656,8500,"(7370.0, 10954.0]"
华泰环保有限公司000349,9.13754692e+017,1,1,省级,5,5,5,343434,18890,"(17855.0, 21364.0]"
嘉禾机械有限公司000350,9.133768151185672e+017,1,0,国家级,4,1,7,565656,25770,"(24660.0, 27972.0]"
华信网络有限责任公司000351,9.13777118372742e+017,0,0,国家级,4,4,,5656,10310,"(7370.0, 10954.0]"
博雅医药有限公司000352,9.13837081647090e+017,0,0,市级,,,3,676767,14710,"(14480.0, 17855.0]"
汇通能源有限公司000353,9.1322068155839386e+017,1,0,市级,,1,3,5656,27900,"(24660.0, 27972.0]"
瑞丰贸易有限公司000354,9.13364e+017,1,0,省级,6,4,,343434,33430,"(31471.0, 35000.0]"
创元科技集团有限公司000355,9.13571509976838e+017,0,0,县级,5,6,6,343434,31640,"(31471.0, 35000.0]"
星河能源股份有限公司000356,9.135245086403553e+017,0,0,省级,,4,2,5656,26340,"(24660.0, 27972.0]"
永泰环保集团有限公司000357,9.1321298e+017,0,0,县级,5,4,1,676767,2910,"(49.999, 3780.0]"
永泰电子股份有限公司000358,9.13566e+017,0,1,县级,2,5,3,565656,26080,"(24660.0, 27972.0]"
嘉禾网络集团有限公司000359,9.13674746e+017,,0,省级,1,4,7,676767,12340,"(10954.0, 14480.0]"
鼎盛贸易股份有限公司000360,9.13491601692e+017,0,1,市级,,5,3,565656,17080,"(14480.0, 17855.0]"
宏达能源股份有限公司000361,9.1350e+017,0,1,省级,6,,4,6767,30180,"(27972.0, 31471.0]"
汇通信息集团有限公司000362,9.1326448869e+017,1,0,市级,,1,4,565,24050,"(21364.0, 24660.0]"
联创建设有限公司000363,9.13686e+017,1,0,省级,6,6,,676767,6940,"(3780.0, 7370.0]"
星河智能集团有限公司000364,9.13679121e+017,,0,,4,1,7,676767,8280,"(7370.0, 10954.0]"
星河物流集团有限公司000365,9.130698477596e+017,1,1,省级,4,,1,5656,340,"(49.999, 3780.0]"
鼎盛网络有限公司000366,9.1318435797863e+017,0,,市级,4,3,,-3434545,18760,"(17855.0, 21364.0]"
天成食品股份有限公司000367,9.13164932898027e+017,0,1,县级,6,5,6,565656,3380,"(49.999, 3780.0]"
汇通物流股份有限公司000368,9.130256434712871e+017,1,0,县级,6,2,7,5656,28710,"(27972.0, 31471.0]"
瑞丰物流有限责任公司000369,9.13115e+017,0,0,省级,6,5,4,5656,9200,"(7370.0, 10954.0]"
中原科技有限责任公司000370,9.1328993160875243e+017,1,0,省级,5,,5,-2323432,15940,"(14480.0, 17855.0]"
联创医药股份有限公司000371,9.13605233e+017,0,0,县级,5,5,1,6767,34770,"(31471.0, 35000.0]"
鼎盛化工有限公司000372,9.134438612590e+017,1,0,县级,1,3,4,565,31080,"(27972.0, 31471.0]"
华信网络股份有限公司000373,9.1320157201e+017,1,0,县级,2,7,6,343434,14880,"(14480.0, 17855.0]"
汇通纺织股份有限公司000374,9.13750111e+017,0,,县级,2,3,2,343434,15420,"(14480.0, 17855.0]"
创元物流有限责任公司000375,9.13826e+017,0,,国家级,7,4,6,676767,12270,"(10954.0, 14480.0]"
华泰科技有限公司000376,9.1329e+017,0,0,,6,2,6,343434,22770,"(21364.0, 24660.0]"
星河信息有限责任公司000377,9.13872975859883e+017,0,0,,5,5,,676767,12360,"(10954.0, 14480.0]"
中原材料有限责任公司000378,9.13626714e+017,1,0,国家级,2,2,,565,25530,"(24660.0, 27972.0]"
启明智能股份有限公司000379,9.135660e+017,,0,,6,2,5,343434,33650,"(31471.0, 35000.0]"
金鼎物流股份有限公司000380,9.1361128e+017,1,,市级,3,7,7,565,11250,"(10954.0, 14480.0]"
鼎盛智能有限责任公司000381,9.1388967924082226e+017,,1,省级,5,1,2,5656,30840,"(27972.0, 31471.0]"
瑞丰食品集团有限公司000382,9.13146511e+017,0,0,,6,4,7,565,11790,"(10954.0, 14480.0]"
创元装备股份有限公司000383,9.138160930685e+017,0,0,省级,5,7,4,676767,29980,"(27972.0, 31471.0]"
联创化工集团有限公司000384,9.131538144e+017,1,,县级,,,3,565,17360,"(14480.0, 17855.0]"
天成建设股份有限公司000385,9.134510526e+017,,1,国家级,6,1,5,6767,2400,"(49.999, 3780.0]"
联创化工有限责任公司000386,9.13562841e+017,1,1,市级,,,7,-2323432,9310,"(7370.0, 10954.0]"
鼎盛食品有限责任公司000387,9.1323e+017,1,1,县级,3,6,2,6767,5520,"(3780.0, 7370.0]"
鼎盛网络有限公司000388,9.13022e+017,1,,市级,3,7,5,-2323432,30430,"(27972.0, 31471.0]"
创元信息集团有限公司000389,9.1341436e+017,0,0,省级,4,3,7,6767,25340,"(24660.0, 27972.0]"
金鼎医药有限公司000390,9.1366e+017,1,0,县级,,,2,5656,17510,"(14480.0, 17855.0]"
中原能源有限责任公司000391,9.1320e+017,,1,县级,,1,3,343434,29190,"(27972.0, 31471.0]"
金鼎生物集团有限公司000392,9.135598953e+017,1,,,4,4,,343434,27450,"(24660.0, 27972.0]"
汇通生物有限责任公司000393,9.13738202e+017,0,1,市级,1,6,2,565656,4090,"(3780.0, 7370.0]"
金鼎智能有限责任公司000394,9.132409036788127e+017,1,1,市级,6,,4,-2323432,20680,"(17855.0, 21364.0]"
启明电子有限责任公司000395,9.1344812e+017,,0,省级,2,5,7,565,20680,"(17855.0, 21364.0]"
嘉禾物流有限公司000396,9.13595518426945e+017,0,0,省级,2,,2,565,8650,"(7370.0, 10954.0]"
华信化工有限责任公司000397,9.13983735439627e+017,0,1,,2,1,7,6767,32010,"(31471.0, 35000.0]"
博雅机械有限公司000398,9.13226931e+017,,0,,4,7,5,6767,29920,"(27972.0, 31471.0]"
金鼎环保集团有限公司000399,9.1314290e+017,0,0,市级,6,1,4,343434,4550,"(3780.0, 7370.0]"
盛世装备集团有限公司000400,9.1308481e+017,0,0,国家级,,7,4,5656,12640,"(10954.0, 14480.0]"
远航能源股份有限公司000401,9.13172131451951e+017,1,0,省级,,,4,-3434545,14520,"(14480.0, 17855.0]"
远航贸易有限公司000402,9.13754102e+017,0,1,县级,5,4,6,343434,25640,"(24660.0, 27972.0]"
博雅化工有限责任公司000403,9.137676952e+017,0,1,县级,5,6,1,676767,5270,"(3780.0, 7370.0]"
宏达材料集团有限公司000404,9.130305872e+017,,1,省级,,6,5,6767,33280,"(31471.0, 35000.0]"
创元物流集团有限公司000405,9.1306501917e+017,,1,,7,4,7,5656,30640,"(27972.0, 31471.0]"
联创食品有限责任公司000406,9.13041200928e+017,,1,县级,2,4,6,565,12310,"(10954.0, 14480.0]"
启明化工集团有限公司000407,9.133690362891775e+017,1,,市级,5,6,2,676767,3810,"(3780.0, 7370.0]"
宏达机械集团有限公司000408,9.131139043830e+017,0,0,,,1,7,-3434545,1190,"(49.999, 3780.0]"
启明医药有限责任公司000409,9.1365215681820967e+017,0,0,国家级,1,1,7,343434,16350,"(14480.0, 17855.0]"
博雅信息有限责任公司000410,9.13254596063e+017,0,0,,6,2,,-2323432,29480,"(27972.0, 31471.0]"
联创物流股份有限公司000411,9.132421495e+017,,0,县级,2,3,7,565656,3620,"(49.999, 3780.0]"
联创环保有限责任公司000412,9.13669275e+017,1,1,市级,3,4,2,-2323432,23340,"(21364.0, 24660.0]"
金鼎网络有限公司000413,9.13629613e+017,1,0,县级,5,1,2,565656,23020,"(21364.0, 24660.0]"
鼎盛科技有限公司000414,9.135973714e+017,,0,省级,,,4,-3434545,8220,"(7370.0, 10954.0]"
中原装备集团有限公司000415,9.1330e+017,1,,国家级,,5,1,343434,14850,"(14480.0, 17855.0]"
博雅环保有限公司000416,9.1354235677e+017,0,1,县级,3,4,5,676767,10670,"(7370.0, 10954.0]"
盛世建设集团有限公司000417,9.13275164807e+017,0,,省级,1,5,3,6767,33780,"(31471.0, 35000.0]"
金鼎贸易有限责任公司000418,9.1344e+017,0,1,市级,5,3,2,5656,23670,"(21364.0, 24660.0]"
博雅生物集团有限公司000419,9.136646491111e+017,0,1,国家级,5,,2,-2323432,15330,"(14480.0, 17855.0]"
华信医药股份有限公司000420,9.13576e+017,,1,市级,6,4,7,565,15650,"(14480.0, 17855.0]"
星河建设有限公司000421,9.135895e+017,1,1,县级,3,7,6,5656,17030,"(14480.0, 17855.0]"
博雅化工有限责任公司000422,9.132631281964e+017,0,,国家级,,5,6,6767,29870,"(27972.0, 31471.0]"
创元纺织有限责任公司000423,9.133343e+017,0,1,国家级,1,5,1,6767,1080,"(49.999, 3780.0]"
华信物流集团有限公司000424,9.13421175e+017,0,1,,,5,1,343434,24450,"(21364.0, 24660.0]"
博雅智能有限责任公司000425,9.1329e+017,0,1,县级,2,4,6,-2323432,33160,"(31471.0, 35000.0]"
金鼎信息集团有限公司000426,9.1351305e+017,0,0,县级,2,3,2,343434,22000,"(21364.0, 24660.0]"
启明化工集团有限公司000427,9.13234619e+017,1,0,县级,3,6,6,565656,17910,"(17855.0, 21364.0]"
中原医药有限责任公司000428,9.131720849e+017,1,1,国家级,4,3,,-3434545,15730,"(14480.0, 17855.0]"
创元科技有限公司000429,9.1350e+017,1,1,国家级,4,3,2,676767,15280,"(14480.0, 17855.0]"
汇通食品股份有限公司000430,9.135330770e+017,1,0,市级,5,5,5,676767,33120,"(31471.0, 35000.0]"
华泰机械集团有限公司000431,9.1308805017e+017,0,1,市级,,1,7,-3434545,240,"(49.999, 3780.0]"
华泰装备有限公司000432,9.139103002e+017,0,1,国家级,,7,,-3434545,12270,"(10954.0, 14480.0]"
星河物流有限公司000433,9.13145964e+017,0,1,市级,7,1,,5656,32200,"(31471.0, 35000.0]"
联创电子有限责任公司000434,9.1373144158331170e+017,,0,县级,6,1,2,343434,27130,"(24660.0, 27972.0]"
远航纺织集团有限公司000435,9.131235679836e+017,,1,市级,3,5,5,343434,31190,"(27972.0, 31471.0]"
博雅电子有限公司000436,9.13875418156e+017,0,1,国家级,2,1,,-3434545,18920,"(17855.0, 21364.0]"
鼎盛智能有限责任公司000437,9.139786103131e+017,0,1,国家级,,4,4,5656,7800,"(7370.0, 10954.0]"
博雅医药有限责任公司000438,9.13494012897432e+017,1,0,,4,2,6,-2323432,8470,"(7370.0, 10954.0]"
金鼎贸易股份有限公司000439,9.1307371009438e+017,0,,市级,6,,3,-3434545,7040,"(3780.0, 7370.0]"
远航科技股份有限公司000440,9.13480e+017,0,0,省级,5,4,,-2323432,14490,"(14480.0, 17855.0]"
永泰化工有限公司000441,9.13878245e+017,1,1,市级,2,6,3,-2323432,3700,"(49.999, 3780.0]"
天成机械有限公司000442,9.1372e+017,1,1,省级,5,3,1,565,18680,"(17855.0, 21364.0]"
华信环保股份有限公司000443,9.13065004e+017,0,1,省级,1,1,2,565,24340,"(21364.0, 24660.0]"
联创贸易集团有限公司000444,9.1366614494296592e+017,0,1,市级,2,2,1,565,1360,"(49.999, 3780.0]"
中原物流集团有限公司000445,9.137585756766e+017,,0,,5,4,4,6767,34200,"(31471.0, 35000.0]"
嘉禾机械有限公司000446,9.1362607870104159e+017,0,1,,5,7,5,-2323432,25480,"(24660.0, 27972.0]"
创元机械有限责任公司000447,9.130793110291813e+017,0,0,县级,6,2,,343434,27720,"(24660.0, 27972.0]"
华泰物流股份有限公司000448,9.130223e+017,0,0,市级,3,2,7,343434,10710,"(7370.0, 10954.0]"
华泰食品股份有限公司000449,9.130471e+017,,,,5,6,4,-3434545,4440,"(3780.0, 7370.0]"
启明信息集团有限公司000450,9.138681225e+017,1,0,市级,2,6,1,343434,14700,"(14480.0, 17855.0]"
启明信息有限责任公司000451,9.135995e+017,,0,省级,7,4,5,343434,23640,"(21364.0, 24660.0]"
宏达物流集团有限公司000452,9.136610941017590e+017,0,1,省级,4,4,2,565656,33160,"(31471.0, 35000.0]"
永泰材料有限公司000453,9.13130205698152e+017,1,0,县级,4,2,2,-3434545,21690,"(21364.0, 24660.0]"
鼎盛材料有限公司000454,9.138411e+017,1,,市级,5,,1,565,25660,"(24660.0, 27972.0]"
嘉禾能源有限责任公司000455,9.1390819740e+017,0,1,,4,1,2,-3434545,3110,"(49.999, 3780.0]"
星河贸易有限公司000456,9.1399187240e+017,,0,县级,7,1,1,676767,23140,"(21364.0, 24660.0]"
鼎盛建设股份有限公司000457,9.1366e+017,0,1,国家级,1,1,7,-3434545,24950,"(24660.0, 27972.0]"
金鼎能源股份有限公司000458,9.138900301027240e+017,1,0,省级,3,4,2,565656,24150,"(21364.0, 24660.0]"
天成能源股份有限公司000459,9.134584384588105e+017,1,1,省级,,,5,676767,28930,"(27972.0, 31471.0]"
星河能源股份有限公司000460,9.13710704496410e+017,1,1,县级,3,,6,-2323432,5860,"(3780.0, 7370.0]"
星河生物有限责任公司000461,9.1395e+017,1,0,市级,2,2,,5656,12540,"(10954.0, 14480.0]"
嘉禾化工有限责任公司000462,9.137699842673e+017,0,1,,7,6,,676767,4520,"(3780.0, 7370.0]"
瑞丰电子有限公司000463,9.13495e+017,1,1,,7,3,1,-2323432,14860,"(14480.0, 17855.0]"
瑞丰生物有限责任公司000464,9.13724e+017,1,1,,3,7,,-2323432,3300,"(49.999, 3780.0]"
盛世环保集团有限公司000465,9.1344e+017,0,1,国家级,,1,5,-3434545,23800,"(21364.0, 24660.0]"
天成食品有限公司000466,9.13642059556574e+017,0,0,省级,,,1,-2323432,13390,"(10954.0, 14480.0]"
天成医药股份有限公司000467,9.1302611398986e+017,0,0,县级,1,7,6,676767,20860,"(17855.0, 21364.0]"
宏达纺织有限责任公司000468,9.131376515881579e+017,0,1,省级,7,2,7,676767,14870,"(14480.0, 17855.0]"
远航科技有限责任公司000469,9.13166e+017,0,0,,7,6,2,343434,32640,"(31471.0, 35000.0]"
星河食品有限公司000470,9.132128866526834e+017,0,1,国家级,4,5,4,-2323432,5220,"(3780.0, 7370.0]"
中原机械股份有限公司000471,9.132298120995765e+017,1,1,国家级,1,3,4,565656,30380,"(27972.0, 31471.0]"
远航科技股份有限公司000472,9.132203684e+017,,1,市级,,5,5,565656,17520,"(14480.0, 17855.0]"
华信能源有限责任公司000473,9.131388e+017,,0,,2,3,3,-2323432,30910,"(27972.0, 31471.0]"
华泰机械有限公司000474,9.131767412415131e+017,1,1,国家级,3,5,4,-3434545,34080,"(31471.0, 35000.0]"
星河建设集团有限公司000475,9.139633e+017,1,1,县级,1,6,3,676767,22910,"(21364.0, 24660.0]"
汇通装备集团有限公司000476,9.132064969357824e+017,0,1,县级,6,5,6,565656,17830,"(14480.0, 17855.0]"
华泰科技集团有限公司000477,9.13612751562779e+017,1,0,省级,,1,7,5656,17230,"(14480.0, 17855.0]"
华泰食品股份有限公司000478,9.13047350e+017,1,0,省级,1,3,3,343434,33180,"(31471.0, 35000.0]"
鼎盛材料有限责任公司000479,9.138108358e+017,0,1,省级,5,2,1,6767,910,"(49.999, 3780.0]"
金鼎信息有限公司000480,9.136702440330e+017,1,1,省级,3,2,2,565,1520,"(49.999, 3780.0]"
金鼎建设集团有限公司000481,9.13963e+017,1,1,国家级,,1,6,565656,17060,"(14480.0, 17855.0]"
宏达食品有限责任公司000482,9.13488360765e+017,0,0,省级,,6,4,565656,3860,"(3780.0, 7370.0]"
华信生物集团有限公司000483,9.1379312e+017,1,1,,,3,7,565656,3470,"(49.999, 3780.0]"
中原建设有限责任公司000484,9.133878753577881e+017,0,0,国家级,3,6,,343434,28270,"(27972.0, 31471.0]"
博雅信息股份有限公司000485,9.138660e+017,1,1,市级,2,7,1,-3434545,20330,"(17855.0, 21364.0]"
天成信息有限责任公司000486,9.13735228705e+017,1,,国家级,5,2,6,676767,25190,"(24660.0, 27972.0]"
博雅材料有限责任公司000487,9.13835034469459e+017,1,,,2,5,,676767,19240,"(17855.0, 21364.0]"
鼎盛科技有限责任公司000488,9.1397320331922270e+017,,0,县级,3,,7,565656,26460,"(24660.0, 27972.0]"
鼎盛装备有限责任公司000489,9.13858193e+017,0,1,县级,3,,5,565656,31740,"(31471.0, 35000.0]"
金鼎贸易股份有限公司000490,9.1356398365203758e+017,,1,市级,6,,4,-2323432,7340,"(3780.0, 7370.0]"
瑞丰电子有限公司000491,9.1307977278105e+017,0,0,省级,5,6,4,6767,28530,"(27972.0, 31471.0]"
盛世物流有限责任公司000492,9.1390552e+017,1,1,,1,,4,6767,2600,"(49.999, 3780.0]"
启明食品集团有限公司000493,9.13044851579197e+017,0,0,国家级,6,2,3,-2323432,28250,"(27972.0, 31471.0]"
宏达机械集团有限公司000494,9.132406424295633e+017,1,0,市级,7,1,3,565,29710,"(27972.0, 31471.0]"
博雅环保股份有限公司000495,9.138936e+017,1,1,,1,5,7,676767,18460,"(17855.0, 21364.0]"
博雅装备集团有限公司000496,9.13955969051e+017,1,0,县级,3,,1,343434,25900,"(24660.0, 27972.0]"
华泰纺织股份有限公司000497,9.136734595764038e+017,0,1,县级,2,3,5,6767,940,"(49.999, 3780.0]"
创元网络有限责任公司000498,9.1301425762702324e+017,,0,,5,3,6,676767,8170,"(7370.0, 10954.0]"
华信装备股份有限公司000499,9.133767316252654e+017,1,0,国家级,2,7,1,6767,14160,"(10954.0, 14480.0]"
鼎盛材料集团有限公司000500,9.137303e+017,1,1,省级,7,3,,565,24590,"(21364.0, 24660.0]"
博雅智能股份有限公司000501,9.13817151602529e+017,1,0,县级,3,7,3,-2323432,17320,"(14480.0, 17855.0]"
启明贸易股份有限公司000502,9.135851268612059e+017,1,1,县级,3,6,5,343434,18490,"(17855.0, 21364.0]"
中原科技有限责任公司000503,9.1308424560754091e+017,1,1,国家级,7,,5,6767,10380,"(7370.0, 10954.0]"
宏达信息股份有限公司000504,9.1315e+017,,0,国家级,,4,3,565,18810,"(17855.0, 21364.0]"
汇通食品有限公司000505,9.1339449883059736e+017,1,0,国家级,4,2,3,6767,30470,"(27972.0, 31471.0]"
创元电子有限责任公司000506,9.13951330531e+017,1,1,市级,6,1,1,565656,26960,"(24660.0, 27972.0]"
联创医药集团有限公司000507,9.13646091785138e+017,1,1,,,3,7,6767,18970,"(17855.0, 21364.0]"
嘉禾装备集团有限公司000508,9.1382691163e+017,0,1,省级,5,4,,5656,11670,"(10954.0, 14480.0]"
天成物流有限责任公司000509,9.138863677472e+017,0,0,市级,5,7,5,6767,31600,"(31471.0, 35000.0]"
永泰建设集团有限公司000510,9.139981e+017,1,1,省级,6,4,4,565656,16850,"(14480.0, 17855.0]"
鼎盛生物集团有限公司000511,9.137532e+017,1,0,,,,5,-2323432,26840,"(24660.0, 27972.0]"
博雅纺织有限公司000512,9.1395237100687616e+017,1,0,国家级,2,4,5,-2323432,9950,"(7370.0, 10954.0]"
启明纺织股份有限公司000513,9.1311249125652373e+017,,0,县级,3,7,,565,16410,"(14480.0, 17855.0]"
瑞丰环保集团有限公司000514,9.138403e+017,1,1,省级,3,4,4,565,23320,"(21364.0, 24660.0]"
创元机械股份有限公司000515,9.13303942e+017,0,1,省级,4,6,6,6767,5310,"(3780.0, 7370.0]"
博雅信息股份有限公司000516,9.137601e+017,1,0,市级,5,3,4,343434,19920,"(17855.0, 21364.0]"
启明能源集团有限公司000517,9.130615814e+017,0,0,省级,6,4,6,6767,34450,"(31471.0, 35000.0]"
星河电子有限责任公司000518,9.13312e+017,,0,县级,6,7,6,-2323432,7310,"(3780.0, 7370.0]"
永泰物流集团有限公司000519,9.1374909617399e+017,1,1,市级,3,1,1,6767,19540,"(17855.0, 21364.0]"
宏达科技有限责任公司000520,9.13884712705877e+017,0,1,国家级,3,5,6,565656,21840,"(21364.0, 24660.0]"
宏达医药有限责任公司000521,9.134587149392e+017,1,1,省级,3,5,2,6767,31290,"(27972.0, 31471.0]"
瑞丰能源有限责任公司000522,9.13452455574e+017,1,,,3,4,7,5656,29800,"(27972.0, 31471.0]"
永泰医药有限责任公司000523,9.13505665e+017,0,1,,3,2,7,6767,33570,"(31471.0, 35000.0]"
联创能源有限责任公司000524,9.1396010548574e+017,0,0,县级,3,6,1,6767,16020,"(14480.0, 17855.0]"
嘉禾电子有限责任公司000525,9.130215573257375e+017,1,1,,5,2,4,5656,23500,"(21364.0, 24660.0]"
天成建设股份有限公司000526,9.1385e+017,1,1,国家级,4,4,7,343434,21030,"(17855.0, 21364.0]"
永泰材料股份有限公司000527,9.13772512e+017,1,1,县级,5,5,1,-2323432,19230,"(17855.0, 21364.0]"
宏达科技股份有限公司000528,9.13395923234210e+017,0,1,市级,5,,3,676767,10650,"(7370.0, 10954.0]"
天成建设集团有限公司000529,9.13160736077e+017,1,1,,6,3,3,6767,8940,"(7370.0, 10954.0]"
联创贸易有限责任公司000530,9.1333185748e+017,0,,县级,5,6,2,343434,4970,"(3780.0, 7370.0]"
远航能源有限公司000531,9.13670450232902e+017,0,1,国家级,3,3,4,676767,26750,"(24660.0, 27972.0]"
博雅智能集团有限公司000532,9.132512073465495e+017,0,,,7,3,4,6767,17220,"(14480.0, 17855.0]"
华信建设有限责任公司000533,9.1316117e+017,1,1,国家级,,4,6,565656,6520,"(3780.0, 7370.0]"
联创装备集团有限公司000534,9.133822e+017,0,0,市级,,6,5,343434,3990,"(3780.0, 7370.0]"
启明信息有限责任公司000535,9.1325652906032020e+017,0,,县级,2,2,3,-3434545,18970,"(17855.0, 21364.0]"
华泰电子股份有限公司000536,9.13485e+017,1,0,县级,2,7,4,565656,8840,"(7370.0, 10954.0]"
天成食品有限公司000537,9.132137118425e+017,1,0,省级,,7,5,676767,32070,"(31471.0, 35000.0]"
启明网络有限公司000538,9.1385838252129328e+017,1,,县级,2,2,2,5656,14540,"(14480.0, 17855.0]"
嘉禾机械集团有限公司000539,9.139910622723626e+017,1,0,国家级,4,2,,565,10340,"(7370.0, 10954.0]"
永泰纺织集团有限公司000540,9.13450184819737e+017,1,1,市级,2,1,5,-2323432,6260,"(3780.0, 7370.0]"
联创机械集团有限公司000541,9.131199537660e+017,0,1,市级,4,,4,-3434545,6940,"(3780.0, 7370.0]"
联创能源股份有限公司000542,9.1396417e+017,1,,国家级,4,3,,343434,29250,"(27972.0, 31471.0]"
中原化工有限公司000543,9.137798066e+017,0,,,,7,5,5656,24780,"(24660.0, 27972.0]"
天成贸易集团有限公司000544,9.13705742e+017,0,1,市级,,4,3,6767,28020,"(27972.0, 31471.0]"
宏达科技有限责任公司000545,9.13165e+017,1,1,县级,7,1,5,565656,33020,"(31471.0, 35000.0]"
启明生物有限责任公司000546,9.1388269131196425e+017,1,1,市级,3,2,1,343434,12760,"(10954.0, 14480.0]"
瑞丰建设股份有限公司000547,9.1333373e+017,,0,县级,3,4,2,5656,27390,"(24660.0, 27972.0]"
鼎盛化工有限责任公司000548,9.135465535851253e+017,,1,国家级,5,5,2,676767,23840,"(21364.0, 24660.0]"
华泰电子有限公司000549,9.13977961208e+017,1,0,县级,6,6,5,6767,9220,"(7370.0, 10954.0]"
金鼎装备股份有限公司000550,9.132637484539862e+017,1,0,市级,1,1,3,343434,29850,"(27972.0, 31471.0]"
博雅智能有限公司000551,9.13715116966672e+017,1,1,县级,,4,6,565656,24680,"(24660.0, 27972.0]"
汇通科技股份有限公司000552,9.1318409080512080e+017,0,,市级,1,4,3,6767,25970,"(24660.0, 27972.0]"
创元贸易集团有限公司000553,9.13282709081e+017,1,0,省级,2,4,2,6767,4020,"(3780.0, 7370.0]"
嘉禾化工股份有限公司000554,9.13815e+017,0,0,县级,1,5,5,5656,18670,"(17855.0, 21364.0]"
华信信息有限公司000555,9.13589988683452e+017,1,1,县级,1,4,6,5656,34410,"(31471.0, 35000.0]"
远航装备有限责任公司000556,9.1308031499825080e+017,0,1,国家级,1,,5,5656,15970,"(14480.0, 17855.0]"
永泰物流股份有限公司000557,9.133513e+017,1,,县级,6,7,3,343434,1880,"(49.999, 3780.0]"
鼎盛能源有限责任公司000558,9.1302293946e+017,1,1,国家级,,2,7,5656,7300,"(3780.0, 7370.0]"
鼎盛环保股份有限公司000559,9.133111e+017,0,,市级,4,2,4,565,470,"(49.999, 3780.0]"
瑞丰物流有限公司000560,9.1331873280e+017,1,0,县级,6,6,5,343434,23400,"(21364.0, 24660.0]"
星河信息集团有限公司000561,9.1335090254257306e+017,1,1,省级,2,3,2,676767,31550,"(31471.0, 35000.0]"
启明机械集团有限公司000562,9.138501e+017,0,0,省级,3,,,-3434545,10110,"(7370.0, 10954.0]"
星河化工有限公司000563,9.1309810e+017,1,1,县级,,1,1,676767,23090,"(21364.0, 24660.0]"
华泰生物有限责任公司000564,9.1324264e+017,0,0,,6,3,6,565656,6320,"(3780.0, 7370.0]"
天成医药股份有限公司000565,9.1367776755e+017,1,0,省级,4,5,,676767,25710,"(24660.0, 27972.0]"
嘉禾食品有限责任公司000566,9.13436271874960e+017,0,0,县级,5,7,7,565656,19020,"(17855.0, 21364.0]"
创元化工集团有限公司000567,9.136573e+017,0,1,国家级,1,4,2,343434,30600,"(27972.0, 31471.0]"
天成医药集团有限公司000568,9.1341595e+017,1,0,国家级,,7,3,6767,12880,"(10954.0, 14480.0]"
嘉禾装备有限责任公司000569,9.133127102676720e+017,1,0,国家级,2,1,5,-3434545,23050,"(21364.0, 24660.0]"
鼎盛网络有限公司000570,9.1335415970996254e+017,0,0,,3,,2,676767,27790,"(24660.0, 27972.0]"
华泰材料有限责任公司000571,9.130290904637e+017,1,1,市级,6,4,,5656,30760,"(27972.0, 31471.0]"
联创机械有限责任公司000572,9.13715e+017,,0,国家级,4,2,6,6767,7950,"(7370.0, 10954.0]"
金鼎建设有限责任公司000573,9.1312975191023e+017,0,,省级,,5,,343434,3130,"(49.999, 3780.0]"
博雅装备有限责任公司000574,9.139072801234289e+017,0,0,市级,4,5,7,676767,20330,"(17855.0, 21364.0]"
远航医药股份有限公司000575,9.13538044e+017,,0,国家级,2,7,5,5656,26280,"(24660.0, 27972.0]"
天成材料有限责任公司000576,9.135757574758339e+017,,1,县级,1,6,6,5656,13090,"(10954.0, 14480.0]"
中原建设集团有限公司000577,9.1356265062292310e+017,1,1,国家级,4,4,2,6767,15840,"(14480.0, 17855.0]"
联创食品股份有限公司000578,9.137051e+017,0,1,省级,3,7,2,565656,24900,"(24660.0, 27972.0]"
远航食品有限公司000579,9.1328455259710e+017,1,0,市级,7,,3,-3434545,13910,"(10954.0, 14480.0]"
盛世医药集团有限公司000580,9.139399337e+017,1,1,国家级,6,4,5,6767,32560,"(31471.0, 35000.0]"
瑞丰材料股份有限公司000581,9.1334250733e+017,0,1,市级,5,5,5,565656,29860,"(27972.0, 31471.0]"
华信机械有限公司000582,9.133884366044324e+017,,,县级,3,5,7,6767,24520,"(21364.0, 24660.0]"
瑞丰纺织有限责任公司000583,9.1397429e+017,0,0,市级,4,5,4,-3434545,4460,"(3780.0, 7370.0]"
盛世化工集团有限公司000584,9.139045990e+017,0,0,,2,6,1,343434,26520,"(24660.0, 27972.0]"
盛世材料股份有限公司000585,9.131768086e+017,1,0,县级,5,6,7,565,14670,"(14480.0, 17855.0]"
宏达装备有限公司000586,9.1333e+017,0,0,市级,2,6,,5656,34570,"(31471.0, 35000.0]"
嘉禾材料有限公司000587,9.1390339e+017,,0,市级,1,3,6,6767,17040,"(14480.0, 17855.0]"
瑞丰生物有限责任公司000588,9.136239453546e+017,0,,县级,4,,6,343434,11570,"(10954.0, 14480.0]"
远航医药有限责任公司000589,9.137039438e+017,0,0,市级,1,1,7,5656,31160,"(27972.0, 31471.0]"
嘉禾机械集团有限公司000590,9.13910e+017,0,0,国家级,6,4,2,5656,19710,"(17855.0, 21364.0]"
中原贸易有限公司000591,9.13604014e+017,0,0,国家级,6,,3,565656,7860,"(7370.0, 10954.0]"
嘉禾电子有限责任公司000592,9.1397e+017,0,0,县级,,1,4,-2323432,23790,"(21364.0, 24660.0]"
星河材料有限责任公司000593,9.134734043370096e+017,1,0,国家级,1,7,2,565656,23670,"(21364.0, 24660.0]"
创元科技有限责任公司000594,9.1329657542e+017,1,1,,7,2,3,565,22190,"(21364.0, 24660.0]"
博雅环保有限责任公司000595,9.132958292361e+017,1,0,国家级,2,3,4,6767,27910,"(24660.0, 27972.0]"
天成生物股份有限公司000596,9.136395613723e+017,0,0,国家级,6,6,,565,30020,"(27972.0, 31471.0]"
永泰建设有限公司000597,9.1341e+017,0,,县级,2,3,5,5656,33410,"(31471.0, 35000.0]"
永泰机械股份有限公司000598,9.1397990707550e+017,1,1,国家级,3,1,3,-3434545,15400,"(14480.0, 17855.0]"
联创电子有限公司000599,9.13317e+017,1,0,,6,1,4,565,3600,"(49.999, 3780.0]"
创元建设股份有限公司000600,9.13827e+017,1,1,国家级,5,7,5,343434,470,"(49.999, 3780.0]"
远航科技股份有限公司000601,9.13213e+017,1,0,省级,6,2,3,-2323432,1680,"(49.999, 3780.0]"
华泰物流有限公司000602,9.132299e+017,0,1,,3,3,5,-3434545,9410,"(7370.0, 10954.0]"
中原材料有限公司000603,9.13457e+017,1,0,,6,4,3,6767,28800,"(27972.0, 31471.0]"
嘉禾电子股份有限公司000604,9.13296e+017,0,0,,1,6,6,5656,15340,"(14480.0, 17855.0]"
启明建设有限责任公司000605,9.1325373377731268e+017,0,0,省级,1,5,1,343434,10940,"(7370.0, 10954.0]"
天成能源有限责任公司000606,9.1306056035e+017,1,0,省级,4,1,2,5656,16980,"(14480.0, 17855.0]"
汇通食品有限公司000607,9.1318120546e+017,1,1,市级,6,6,5,565656,20410,"(17855.0, 21364.0]"
创元装备有限责任公司000608,9.13758e+017,0,1,市级,5,7,6,676767,22990,"(21364.0, 24660.0]"
永泰科技股份有限公司000609,9.13496392e+017,1,1,市级,3,3,5,565656,12590,"(10954.0, 14480.0]"
盛世智能股份有限公司000610,9.133674978e+017,1,0,县级,5,1,3,5656,8470,"(7370.0, 10954.0]"
瑞丰信息股份有限公司000611,9.1340679e+017,0,1,省级,,7,4,-3434545,22600,"(21364.0, 24660.0]"
嘉禾电子集团有限公司000612,9.1316309001594463e+017,0,1,市级,7,,1,6767,22510,"(21364.0, 24660.0]"
鼎盛医药有限公司000613,9.131994e+017,1,0,省级,1,3,2,6767,33840,"(31471.0, 35000.0]"
鼎盛纺织集团有限公司000614,9.1311677e+017,0,1,,2,,2,565,17870,"(17855.0, 21364.0]"
联创信息股份有限公司000615,9.13935219626e+017,0,1,省级,2,4,5,676767,890,"(49.999, 3780.0]"
汇通纺织有限公司000616,9.1395560767e+017,,1,市级,4,4,6,565,10040,"(7370.0, 10954.0]"
永泰环保股份有限公司000617,9.130312198e+017,0,1,,4,2,6,5656,21790,"(21364.0, 24660.0]"
宏达材料有限公司000618,9.1324876230391e+017,0,1,省级,3,2,3,565656,2780,"(49.999, 3780.0]"
金鼎科技集团有限公司000619,9.1348088062207223e+017,1,1,县级,5,6,5,343434,10110,"(7370.0, 10954.0]"
创元建设有限责任公司000620,9.13876886878e+017,1,1,县级,6,6,,565656,15500,"(14480.0, 17855.0]"
中原化工股份有限公司000621,9.13505730e+017,0,0,省级,2,,3,565,4780,"(3780.0, 7370.0]"
华泰纺织有限责任公司000622,9.1372603e+017,0,0,国家级,4,1,4,5656,16400,"(14480.0, 17855.0]"
联创环保股份有限公司000623,9.13553e+017,1,,,6,1,3,565,22640,"(21364.0, 24660.0]"
盛世纺织有限责任公司000624,9.1354508917768e+017,0,0,省级,,2,,5656,16570,"(14480.0, 17855.0]"
永泰材料股份有限公司000625,9.13630040e+017,0,0,省级,3,4,6,565,5870,"(3780.0, 7370.0]"
汇通能源股份有限公司000626,9.137117e+017,1,1,市级,,1,1,-3434545,19810,"(17855.0, 21364.0]"
启明电子集团有限公司000627,9.1306745e+017,1,,市级,6,5,6,565,24200,"(21364.0, 24660.0]"
华泰网络有限公司000628,9.138856669541329e+017,1,0,国家级,1,5,7,5656,10230,"(7370.0, 10954.0]"
联创装备股份有限公司000629,9.1336634392529e+017,1,0,国家级,2,1,,-2323432,9700,"(7370.0, 10954.0]"
创元环保有限公司000630,9.13202455910e+017,0,,国家级,2,4,7,-2323432,26590,"(24660.0, 27972.0]"
华信电子有限责任公司000631,9.1381942179428e+017,0,0,国家级,7,7,4,-3434545,20130,"(17855.0, 21364.0]"
远航化工股份有限公司000632,9.1334533722010912e+017,0,0,国家级,6,4,3,-3434545,12600,"(10954.0, 14480.0]"
嘉禾机械集团有限公司000633,9.13052635100e+017,1,1,县级,6,2,4,-3434545,26440,"(24660.0, 27972.0]"
博雅建设集团有限公司000634,9.13617520e+017,0,1,省级,,3,6,5656,12940,"(10954.0, 14480.0]"
盛世建设有限公司000635,9.13833258486e+017,0,0,市级,1,6,3,565656,15320,"(14480.0, 17855.0]"
联创食品股份有限公司000636,9.1393593744039e+017,1,0,国家级,1,1,6,565656,2620,"(49.999, 3780.0]"
嘉禾生物股份有限公司000637,9.1384e+017,0,0,市级,2,,1,676767,11250,"(10954.0, 14480.0]"
中原材料有限责任公司000638,9.13370124244626e+017,0,,市级,4,3,6,343434,28110,"(27972.0, 31471.0]"
瑞丰智能有限公司000639,9.1375188781794151e+017,1,0,市级,1,,1,343434,2750,"(49.999, 3780.0]"
联创贸易有限公司000640,9.136618632e+017,0,1,国家级,1,3,7,676767,8000,"(7370.0, 10954.0]"
天成医药有限公司000641,9.1373e+017,0,0,市级,7,7,7,5656,13240,"(10954.0, 14480.0]"
启明生物有限公司000642,9.1327788519053e+017,1,1,,6,3,,565,3980,"(3780.0, 7370.0]"
瑞丰科技股份有限公司000643,9.13851e+017,1,1,国家级,6,2,7,-3434545,6310,"(3780.0, 7370.0]"
华信贸易有限公司000644,9.13455e+017,0,0,国家级,2,,5,565,34930,"(31471.0, 35000.0]"
嘉禾生物有限责任公司000645,9.134160461540e+017,,0,,3,5,,-3434545,29240,"(27972.0, 31471.0]"
汇通科技集团有限公司000646,9.139107e+017,0,0,省级,4,3,5,-2323432,10190,"(7370.0, 10954.0]"
联创生物集团有限公司000647,9.1363e+017,1,1,县级,6,3,6,5656,7730,"(7370.0, 10954.0]"
联创建设有限公司000648,9.1393429291e+017,0,0,省级,5,2,1,343434,10490,"(7370.0, 10954.0]"
永泰物流有限公司000649,9.1315372215e+017,1,1,市级,6,2,1,676767,26740,"(24660.0, 27972.0]"
宏达装备股份有限公司000650,9.13604067e+017,,0,市级,7,2,2,343434,27170,"(24660.0, 27972.0]"
启明材料股份有限公司000651,9.134373476e+017,1,0,,,3,,676767,32230,"(31471.0, 35000.0]"
华信电子有限责任公司000652,9.134148460191e+017,0,1,省级,6,2,5,-2323432,5970,"(3780.0, 7370.0]"
盛世建设股份有限公司000653,9.1321464e+017,1,1,,2,3,7,565656,23310,"(21364.0, 24660.0]"
宏达生物有限责任公司000654,9.13368011923e+017,1,0,,5,2,7,565656,19350,"(17855.0, 21364.0]"
金鼎食品有限公司000655,9.13973153e+017,,1,,,6,,565,10550,"(7370.0, 10954.0]"
永泰食品有限责任公司000656,9.13189e+017,0,,市级,5,7,1,565656,20100,"(17855.0, 21364.0]"
瑞丰医药集团有限公司000657,9.133023e+017,0,1,县级,5,1,6,6767,27380,"(24660.0, 27972.0]"
远航食品集团有限公司000658,9.131276025082611e+017,0,0,县级,,6,6,6767,31220,"(27972.0, 31471.0]"
盛世纺织集团有限公司000659,9.1389376297454e+017,0,0,市级,3,6,6,565656,24280,"(21364.0, 24660.0]"
嘉禾物流股份有限公司000660,9.1392082832e+017,0,0,国家级,1,1,2,343434,9460,"(7370.0, 10954.0]"
永泰网络集团有限公司000661,9.131829716815724e+017,,0,国家级,3,,,-2323432,20140,"(17855.0, 21364.0]"
永泰装备有限公司000662,9.13850902556e+017,0,1,市级,1,7,6,6767,3430,"(49.999, 3780.0]"
汇通网络集团有限公司000663,9.1348905670867009e+017,,1,县级,5,5,4,-3434545,31500,"(31471.0, 35000.0]"
华信能源股份有限公司000664,9.134835e+017,1,1,省级,1,5,2,5656,23110,"(21364.0, 24660.0]"
宏达食品股份有限公司000665,9.1350982210401e+017,1,0,国家级,,,,565,8560,"(7370.0, 10954.0]"
启明医药股份有限公司000666,9.133816432126942e+017,1,,县级,7,5,4,6767,10240,"(7370.0, 10954.0]"
瑞丰材料股份有限公司000667,9.1364e+017,1,1,国家级,3,7,,676767,31920,"(31471.0, 35000.0]"
金鼎材料股份有限公司000668,9.1346448988e+017,0,0,省级,6,3,2,565,29910,"(27972.0, 31471.0]"
盛世环保有限责任公司000669,9.13043333538495e+017,0,0,,3,2,7,565656,27640,"(24660.0, 27972.0]"
宏达材料集团有限公司000670,9.13326530601e+017,0,1,市级,5,,1,343434,8180,"(7370.0, 10954.0]"
金鼎建设集团有限公司000671,9.1300915e+017,1,0,国家级,4,7,5,5656,21530,"(21364.0, 24660.0]"
华信食品有限公司000672,9.1336595201491e+017,0,1,市级,3,6,6,5656,24460,"(21364.0, 24660.0]"
永泰智能集团有限公司000673,9.1399821e+017,0,1,,5,,2,-2323432,16730,"(14480.0, 17855.0]"
星河贸易有限公司000674,9.1353766608112600e+017,0,0,省级,6,6,5,5656,30650,"(27972.0, 31471.0]"
汇通科技集团有限公司000675,9.13234e+017,1,1,省级,,7,4,343434,18710,"(17855.0, 21364.0]"
永泰信息有限责任公司000676,9.13013480e+017,1,1,县级,4,4,5,6767,5890,"(3780.0, 7370.0]"
华信贸易股份有限公司000677,9.130908599144920e+017,1,0,县级,,2,5,5656,2230,"(49.999, 3780.0]"
华泰材料有限责任公司000678,9.138596e+017,0,0,市级,7,3,6,676767,24630,"(21364.0, 24660.0]"
远航网络股份有限公司000679,9.1398069087e+017,0,0,县级,2,1,7,-2323432,9180,"(7370.0, 10954.0]"
宏达信息集团有限公司000680,9.139538280e+017,1,1,国家级,6,6,5,5656,29720,"(27972.0, 31471.0]"
天成生物集团有限公司000681,9.1341869656e+017,0,,县级,,7,2,343434,31300,"(27972.0, 31471.0]"
盛世物流有限责任公司000682,9.1346823e+017,1,1,国家级,6,2,7,6767,23450,"(21364.0, 24660.0]"
鼎盛化工有限公司000683,9.1316e+017,,0,市级,4,,7,-2323432,24640,"(21364.0, 24660.0]"
远航材料有限责任公司000684,9.1376e+017,0,0,县级,1,4,5,6767,3330,"(49.999, 3780.0]"
华泰纺织有限责任公司000685,9.1320726629e+017,0,0,县级,1,2,,565656,20330,"(17855.0, 21364.0]"
瑞丰建设股份有限公司000686,9.138413337312e+017,1,0,,4,2,,343434,31900,"(31471.0, 35000.0]"
博雅建设股份有限公司000687,9.13363e+017,1,1,市级,,7,2,676767,3260,"(49.999, 3780.0]"
博雅科技有限公司000688,9.136480e+017,0,1,省级,2,6,3,565,2060,"(49.999, 3780.0]"
联创信息集团有限公司000689,9.131021e+017,1,0,省级,,4,2,5656,30390,"(27972.0, 31471.0]"
华泰能源股份有限公司000690,9.1383182e+017,1,1,县级,2,3,4,-2323432,28180,"(27972.0, 31471.0]"
华信纺织股份有限公司000691,9.130673682050682e+017,0,0,市级,4,5,6,6767,27930,"(24660.0, 27972.0]"
嘉禾纺织有限公司000692,9.13469218219259e+017,1,0,市级,1,6,,565,13770,"(10954.0, 14480.0]"
盛世环保集团有限公司000693,9.13869484249598e+017,0,1,县级,7,1,2,-2323432,1590,"(49.999, 3780.0]"
鼎盛纺织股份有限公司000694,9.13382097461e+017,0,1,县级,6,1,2,6767,22330,"(21364.0, 24660.0]"
创元科技集团有限公司000695,9.13085806235e+017,0,0,市级,7,4,6,5656,34330,"(31471.0, 35000.0]"
华信智能有限责任公司000696,9.132554428679e+017,1,1,市级,4,3,,676767,27610,"(24660.0, 27972.0]"
鼎盛能源集团有限公司000697,9.139156241528e+017,1,1,市级,6,6,5,6767,32380,"(31471.0, 35000.0]"
天成物流集团有限公司000698,9.131865507846e+017,,1,市级,4,2,2,676767,24950,"(24660.0, 27972.0]"
汇通物流股份有限公司000699,9.1372038593401e+017,1,,市级,1,6,6,-3434545,33810,"(31471.0, 35000.0]"
中原装备有限公司000700,9.1367500e+017,1,0,国家级,7,1,2,343434,8830,"(7370.0, 10954.0]"
启明装备有限公司000701,9.1327045238885e+017,1,0,县级,1,2,5,-3434545,5040,"(3780.0, 7370.0]"
瑞丰机械集团有限公司000702,9.137585e+017,1,1,县级,7,5,7,-3434545,18160,"(17855.0, 21364.0]"
华信材料股份有限公司000703,9.130200024e+017,1,,,7,5,,343434,25210,"(24660.0, 27972.0]"
星河信息集团有限公司000704,9.13682144488966e+017,1,0,县级,7,,1,565,19730,"(17855.0, 21364.0]"
博雅贸易有限责任公司000705,9.1318328e+017,0,0,省级,6,,3,6767,30300,"(27972.0, 31471.0]"
金鼎材料集团有限公司000706,9.1347238750e+017,0,1,国家级,7,6,,6767,30290,"(27972.0, 31471.0]"
嘉禾电子股份有限公司000707,9.136290e+017,1,0,县级,7,3,3,676767,14920,"(14480.0, 17855.0]"
联创智能有限公司000708,9.13337399205e+017,0,0,省级,,1,2,5656,5000,"(3780.0, 7370.0]"
嘉禾网络集团有限公司000709,9.135539e+017,0,1,国家级,7,7,6,565656,22700,"(21364.0, 24660.0]"
金鼎科技有限责任公司000710,9.13979127e+017,,0,,6,4,7,676767,10170,"(7370.0, 10954.0]"
联创科技集团有限公司000711,9.1388322012560e+017,0,0,县级,6,4,4,565656,8820,"(7370.0, 10954.0]"
天成信息有限责任公司000712,9.133860e+017,0,1,省级,5,7,3,343434,28440,"(27972.0, 31471.0]"
博雅医药有限公司000713,9.1329e+017,0,1,国家级,7,7,1,565656,14250,"(10954.0, 14480.0]"
金鼎食品股份有限公司000714,9.13397e+017,0,0,国家级,3,6,1,6767,8090,"(7370.0, 10954.0]"
华泰网络有限公司000715,9.13911e+017,0,0,,1,1,6,-2323432,16840,"(14480.0, 17855.0]"
永泰医药有限公司000716,9.13936653e+017,0,1,市级,,3,5,343434,10230,"(7370.0, 10954.0]"
嘉禾化工集团有限公司000717,9.130952294e+017,1,0,市级,2,3,1,-3434545,32400,"(31471.0, 35000.0]"
永泰贸易集团有限公司000718,9.1397013712436585e+017,1,0,国家级,6,,6,343434,100,"(49.999, 3780.0]"
华信贸易集团有限公司000719,9.13387402990e+017,1,0,国家级,6,,4,6767,17350,"(14480.0, 17855.0]"
博雅建设集团有限公司000720,9.134030109567975e+017,1,1,市级,2,5,1,-3434545,10740,"(7370.0, 10954.0]"
华信网络有限责任公司000721,9.13601080181e+017,0,1,国家级,3,7,2,565,34520,"(31471.0, 35000.0]"
启明物流有限责任公司000722,9.13129015071e+017,0,1,,7,4,,676767,580,"(49.999, 3780.0]"
瑞丰装备有限责任公司000723,9.1362130e+017,0,0,市级,,1,3,5656,21780,"(21364.0, 24660.0]"
永泰化工集团有限公司000724,9.1374666215918327e+017,,1,,5,1,,-3434545,8190,"(7370.0, 10954.0]"
联创纺织有限公司000725,9.13004938e+017,0,1,市级,6,,,343434,24150,"(21364.0, 24660.0]"
远航装备股份有限公司000726,9.1398731379716698e+017,1,1,省级,3,1,5,565,33130,"(31471.0, 35000.0]"
盛世食品集团有限公司000727,9.1389949e+017,0,1,国家级,1,5,2,565,31260,"(27972.0, 31471.0]"
华泰环保股份有限公司000728,9.132116020418e+017,0,1,,2,7,,565656,8820,"(7370.0, 10954.0]"
启明建设有限公司000729,9.136448221758e+017,0,1,市级,1,5,5,-2323432,27140,"(24660.0, 27972.0]"
盛世装备有限公司000730,9.133691e+017,1,0,国家级,5,,,565656,19470,"(17855.0, 21364.0]"
启明网络股份有限公司000731,9.136970409531419e+017,1,,省级,6,3,5,565,22970,"(21364.0, 24660.0]"
天成物流股份有限公司000732,9.1362409649668e+017,0,,县级,6,6,2,6767,15500,"(14480.0, 17855.0]"
天成能源股份有限公司000733,9.13882089e+017,0,1,省级,1,2,1,5656,6590,"(3780.0, 7370.0]"
汇通食品有限公司000734,9.1311413193592e+017,0,0,县级,2,4,7,-2323432,24700,"(24660.0, 27972.0]"
华信化工有限责任公司000735,9.1302544724191650e+017,0,,县级,3,,3,343434,20980,"(17855.0, 21364.0]"
创元电子有限公司000736,9.138067821417e+017,1,0,市级,4,4,,5656,21170,"(17855.0, 21364.0]"
宏达化工股份有限公司000737,9.13869415e+017,1,1,,6,3,5,6767,25330,"(24660.0, 27972.0]"
宏达化工有限公司000738,9.131171603e+017,1,1,,6,,6,565,14840,"(14480.0, 17855.0]"
远航网络有限责任公司000739,9.139420466489e+017,1,,县级,3,1,,-2323432,24380,"(21364.0, 24660.0]"
华泰科技有限公司000740,9.1374533890623e+017,1,1,省级,7,3,7,6767,31020,"(27972.0, 31471.0]"
天成能源有限公司000741,9.1362e+017,0,0,县级,7,6,1,565656,13730,"(10954.0, 14480.0]"
鼎盛建设有限公司000742,9.13241e+017,0,1,县级,6,3,7,-2323432,2800,"(49.999, 3780.0]"
联创装备集团有限公司000743,9.1312995e+017,1,0,市级,7,,4,5656,16270,"(14480.0, 17855.0]"
华信智能有限公司000744,9.1384375e+017,0,1,国家级,7,2,,-3434545,29960,"(27972.0, 31471.0]"
华信生物集团有限公司000745,9.135454006445e+017,1,1,省级,7,3,5,343434,5280,"(3780.0, 7370.0]"
嘉禾装备有限公司000746,9.13763342720e+017,0,1,国家级,,2,6,-3434545,11740,"(10954.0, 14480.0]"
鼎盛能源有限公司000747,9.13530693e+017,1,0,省级,,,,676767,32160,"(31471.0, 35000.0]"
华信信息有限公司000748,9.136778481652444e+017,1,,省级,,7,6,-3434545,30370,"(27972.0, 31471.0]"
华信建设有限责任公司000749,9.1391287e+017,1,1,县级,,5,4,6767,22670,"(21364.0, 24660.0]"
创元装备有限公司000750,9.13724630e+017,0,1,省级,7,1,3,676767,28840,"(27972.0, 31471.0]"
华信网络有限公司000751,9.13870629328809e+017,0,,,7,2,2,676767,9800,"(7370.0, 10954.0]"
鼎盛物流有限公司000752,9.1389e+017,1,,国家级,2,,5,676767,17820,"(14480.0, 17855.0]"
远航科技集团有限公司000753,9.13198074682354e+017,1,1,,3,1,6,676767,22700,"(21364.0, 24660.0]"
金鼎贸易有限责任公司000754,9.139671500e+017,1,1,,6,1,7,5656,7520,"(7370.0, 10954.0]"
远航建设股份有限公司000755,9.135169949708e+017,0,0,省级,3,1,6,6767,9250,"(7370.0, 10954.0]"
华泰建设集团有限公司000756,9.136888917879e+017,0,1,县级,4,5,4,565656,24900,"(24660.0, 27972.0]"
创元建设有限公司000757,9.136578e+017,0,1,国家级,,4,1,-3434545,9740,"(7370.0, 10954.0]"
华泰装备股份有限公司000758,9.13127469e+017,0,0,省级,2,7,3,5656,4870,"(3780.0, 7370.0]"
启明材料股份有限公司000759,9.1345e+017,1,0,市级,2,2,5,-3434545,13740,"(10954.0, 14480.0]"
创元网络有限责任公司000760,9.13090016356e+017,1,1,省级,4,1,7,565656,160,"(49.999, 3780.0]"
金鼎环保有限公司000761,9.13882247312e+017,,,,2,5,6,-3434545,11510,"(10954.0, 14480.0]"
金鼎智能股份有限公司000762,9.1311526105370923e+017,,0,市级,5,7,,-2323432,15270,"(14480.0, 17855.0]"
远航生物有限责任公司000763,9.134329876989365e+017,0,1,国家级,4,6,,343434,20700,"(17855.0, 21364.0]"
嘉禾材料集团有限公司000764,9.1310450258963217e+017,1,1,省级,5,5,4,6767,12780,"(10954.0, 14480.0]"
中原纺织集团有限公司000765,9.1383448838425e+017,0,1,省级,4,4,5,-3434545,30570,"(27972.0, 31471.0]"
天成纺织有限责任公司000766,9.131562392e+017,0,1,,,7,3,565656,16160,"(14480.0, 17855.0]"
华信材料有限公司000767,9.13861902547e+017,,0,国家级,6,,,-3434545,9610,"(7370.0, 10954.0]"
汇通网络集团有限公司000768,9.13595002601e+017,1,0,省级,2,3,1,-3434545,70,"(49.999, 3780.0]"
盛世环保股份有限公司000769,9.13071732e+017,1,0,市级,7,6,4,676767,25340,"(24660.0, 27972.0]"
永泰机械有限公司000770,9.1391045e+017,0,0,,6,,4,565,27800,"(24660.0, 27972.0]"
博雅生物有限责任公司000771,9.133595205e+017,,0,县级,6,1,6,-2323432,25250,"(24660.0, 27972.0]"
嘉禾化工股份有限公司000772,9.13403784233e+017,1,1,,,5,7,565656,3060,"(49.999, 3780.0]"
博雅贸易有限公司000773,9.13736e+017,1,1,国家级,4,7,3,565,8970,"(7370.0, 10954.0]"
宏达能源有限责任公司000774,9.131100906e+017,0,0,县级,2,6,5,676767,6170,"(3780.0, 7370.0]"
创元建设有限责任公司000775,9.13575988759212e+017,1,,省级,1,,4,6767,32590,"(31471.0, 35000.0]"
汇通电子股份有限公司000776,9.13092071152e+017,0,0,县级,,,3,6767,7690,"(7370.0, 10954.0]"
华信信息股份有限公司000777,9.130591611863855e+017,0,1,县级,1,5,,565656,21530,"(21364.0, 24660.0]"
盛世能源股份有限公司000778,9.139318692897e+017,0,1,市级,2,1,,343434,2110,"(49.999, 3780.0]"
嘉禾医药有限责任公司000779,9.132322041447e+017,1,0,,,6,,-3434545,7320,"(3780.0, 7370.0]"
金鼎网络有限公司000780,9.13304232277521e+017,0,,省级,5,2,,5656,25740,"(24660.0, 27972.0]"
星河贸易集团有限公司000781,9.13775691983e+017,0,0,国家级,3,4,,343434,33830,"(31471.0, 35000.0]"
启明医药有限公司000782,9.1304384196622913e+017,0,0,市级,4,7,7,-3434545,23890,"(21364.0, 24660.0]"
鼎盛能源股份有限公司000783,9.131986e+017,1,1,市级,7,4,7,-2323432,1710,"(49.999, 3780.0]"
永泰能源股份有限公司000784,9.130496273e+017,0,1,,4,4,6,6767,31590,"(31471.0, 35000.0]"
嘉禾科技有限责任公司000785,9.13218808799196e+017,0,1,国家级,3,4,7,5656,26860,"(24660.0, 27972.0]"
远航纺织集团有限公司000786,9.130583334e+017,0,0,,3,5,2,-3434545,29540,"(27972.0, 31471.0]"
天成纺织股份有限公司000787,9.139475769453536e+017,1,1,县级,7,4,3,343434,10980,"(10954.0, 14480.0]"
金鼎生物有限公司000788,9.1359481526925e+017,1,1,县级,4,,2,676767,15200,"(14480.0, 17855.0]"
华信电子集团有限公司000789,9.1314048933e+017,0,0,市级,1,,3,676767,24150,"(21364.0, 24660.0]"
宏达物流有限公司000790,9.1381e+017,1,1,省级,6,4,2,343434,18800,"(17855.0, 21364.0]"
永泰贸易有限责任公司000791,9.132687447017320e+017,1,0,县级,3,,5,6767,6450,"(3780.0, 7370.0]"
华信电子有限公司000792,9.13052781055800e+017,0,1,省级,5,6,2,343434,180,"(49.999, 3780.0]"
远航能源有限公司000793,9.1336817203136955e+017,0,1,国家级,3,4,,6767,1130,"(49.999, 3780.0]"
天成贸易集团有限公司000794,9.1322273e+017,0,,市级,5,7,2,676767,29500,"(27972.0, 31471.0]"
星河装备股份有限公司000795,9.13087e+017,0,1,国家级,7,2,,6767,14380,"(10954.0, 14480.0]"
鼎盛物流有限责任公司000796,9.13838821764846e+017,1,1,,7,,1,676767,6430,"(3780.0, 7370.0]"
华信机械有限责任公司000797,9.135892e+017,0,1,县级,6,2,6,-3434545,26040,"(24660.0, 27972.0]"
联创能源有限公司000798,9.13180467413075e+017,0,1,,2,1,2,343434,26070,"(24660.0, 27972.0]"
鼎盛能源股份有限公司000799,9.13561547055491e+017,0,0,县级,2,2,1,565,11790,"(10954.0, 14480.0]"
金鼎材料股份有限公司000800,9.1339578752070e+017,,0,省级,,7,3,343434,11170,"(10954.0, 14480.0]"
远航材料集团有限公司000801,9.1336967897609e+017,1,0,县级,5,,6,6767,6180,"(3780.0, 7370.0]"
启明生物股份有限公司000802,9.13865339431916e+017,1,0,市级,2,4,1,343434,13940,"(10954.0, 14480.0]"
天成装备股份有限公司000803,9.13497470e+017,,1,县级,,1,3,565,31770,"(31471.0, 35000.0]"
华泰机械有限公司000804,9.1336560450e+017,0,1,省级,5,4,3,-2323432,24340,"(21364.0, 24660.0]"
华泰材料有限公司000805,9.13952963530597e+017,0,1,省级,5,3,5,676767,19070,"(17855.0, 21364.0]"
嘉禾科技股份有限公司000806,9.134663454e+017,1,1,国家级,4,1,5,565,21530,"(21364.0, 24660.0]"
宏达电子有限责任公司000807,9.1374394640882e+017,0,1,省级,,5,5,565656,24930,"(24660.0, 27972.0]"
瑞丰物流集团有限公司000808,9.131097e+017,,0,县级,6,5,5,565656,21440,"(21364.0, 24660.0]"
中原贸易有限责任公司000809,9.13922030044e+017,1,1,省级,3,7,2,676767,29120,"(27972.0, 31471.0]"
创元物流集团有限公司000810,9.137565896359570e+017,1,0,省级,,,6,565,4410,"(3780.0, 7370.0]"
宏达材料有限公司000811,9.1388503e+017,1,0,省级,6,3,6,6767,15930,"(14480.0, 17855.0]"
永泰物流有限公司000812,9.13379686e+017,,1,省级,1,2,3,565,16700,"(14480.0, 17855.0]"
联创纺织有限责任公司000813,9.13743e+017,0,,省级,4,1,7,-3434545,26530,"(24660.0, 27972.0]"
博雅纺织有限责任公司000814,9.132332829302025e+017,1,0,国家级,1,7,3,676767,13900,"(10954.0, 14480.0]"
中原纺织有限责任公司000815,9.1376e+017,0,1,市级,2,4,6,-2323432,27500,"(24660.0, 27972.0]"
宏达生物有限责任公司000816,9.13230342028e+017,1,,省级,2,3,1,6767,7130,"(3780.0, 7370.0]"
瑞丰生物股份有限公司000817,9.131775461992406e+017,1,0,县级,,,7,565656,16990,"(14480.0, 17855.0]"
星河科技股份有限公司000818,9.1384482373e+017,0,0,,,5,1,343434,13020,"(10954.0, 14480.0]"
嘉禾食品有限公司000819,9.13170740392519e+017,1,0,国家级,,4,1,6767,14240,"(10954.0, 14480.0]"
嘉禾纺织集团有限公司000820,9.130542e+017,0,0,市级,,4,6,565,9070,"(7370.0, 10954.0]"
金鼎生物集团有限公司000821,9.1344470e+017,1,1,,5,4,2,565656,30360,"(27972.0, 31471.0]"
启明贸易有限公司000822,9.1353774926632e+017,1,1,县级,1,1,5,6767,31420,"(27972.0, 31471.0]"
天成生物有限公司000823,9.139205e+017,0,1,市级,2,5,,5656,16400,"(14480.0, 17855.0]"
鼎盛能源股份有限公司000824,9.1372629e+017,1,,,,5,7,565,23870,"(21364.0, 24660.0]"
华信能源有限公司000825,9.1349e+017,0,,国家级,5,6,,6767,8430,"(7370.0, 10954.0]"
华信贸易集团有限公司000826,9.1386876401e+017,0,1,国家级,1,2,3,565,20990,"(17855.0, 21364.0]"
启明装备股份有限公司000827,9.13873585664641e+017,1,0,,,7,1,6767,7320,"(3780.0, 7370.0]"
远航材料有限公司000828,9.13294831e+017,1,,县级,6,,1,5656,750,"(49.999, 3780.0]"
博雅信息集团有限公司000829,9.13800e+017,0,1,省级,5,5,6,-2323432,26740,"(24660.0, 27972.0]"
鼎盛医药有限公司000830,9.1350e+017,1,1,省级,1,2,5,-2323432,22330,"(21364.0, 24660.0]"
星河环保股份有限公司000831,9.1386276332e+017,0,1,省级,3,2,7,565656,7050,"(3780.0, 7370.0]"
嘉禾化工集团有限公司000832,9.1371368410e+017,0,0,省级,4,1,,6767,25900,"(24660.0, 27972.0]"
华泰材料股份有限公司000833,9.130677610e+017,1,1,,1,7,2,343434,7700,"(7370.0, 10954.0]"
华泰食品有限公司000834,9.13815969838e+017,1,1,国家级,7,3,1,6767,19180,"(17855.0, 21364.0]"
博雅贸易有限公司000835,9.135734e+017,0,0,县级,6,3,7,-2323432,15790,"(14480.0, 17855.0]"
华泰电子股份有限公司000836,9.139669e+017,,1,县级,7,3,5,-2323432,970,"(49.999, 3780.0]"
天成机械股份有限公司000837,9.13183984e+017,0,0,县级,5,4,6,-3434545,22950,"(21364.0, 24660.0]"
远航生物有限公司000838,9.13450928e+017,1,1,国家级,2,5,,-2323432,15640,"(14480.0, 17855.0]"
星河建设集团有限公司000839,9.13845813e+017,0,0,国家级,2,,4,565,24700,"(24660.0, 27972.0]"
华信生物有限责任公司000840,9.1330275000e+017,,1,,6,5,5,-3434545,10770,"(7370.0, 10954.0]"
永泰纺织有限责任公司000841,9.1379087018e+017,1,,省级,6,3,1,343434,31470,"(27972.0, 31471.0]"
星河化工股份有限公司000842,9.13568652e+017,1,1,,1,3,,-3434545,24430,"(21364.0, 24660.0]"
博雅智能集团有限公司000843,9.13905e+017,0,1,国家级,5,7,3,565,31510,"(31471.0, 35000.0]"
宏达食品有限责任公司000844,9.131383e+017,,0,市级,4,3,6,-3434545,15300,"(14480.0, 17855.0]"
宏达化工集团有限公司000845,9.13211732772648e+017,0,1,市级,,6,,6767,30400,"(27972.0, 31471.0]"
盛世物流股份有限公司000846,9.13857e+017,1,,市级,2,3,7,-2323432,29240,"(27972.0, 31471.0]"
宏达贸易集团有限公司000847,9.132478417e+017,0,1,县级,3,1,4,565,19360,"(17855.0, 21364.0]"
金鼎能源集团有限公司000848,9.13836e+017,0,0,省级,7,,2,6767,21930,"(21364.0, 24660.0]"
嘉禾材料有限责任公司000849,9.1327873048625152e+017,0,1,省级,4,5,5,676767,33310,"(31471.0, 35000.0]"
天成食品股份有限公司000850,9.1344671e+017,1,1,县级,4,7,1,343434,4440,"(3780.0, 7370.0]"
鼎盛食品有限责任公司000851,9.130999900e+017,,1,国家级,3,7,5,676767,10570,"(7370.0, 10954.0]"
中原信息有限责任公司000852,9.13246488e+017,1,1,县级,7,6,1,-3434545,22180,"(21364.0, 24660.0]"
启明网络有限公司000853,9.1302217978912e+017,1,0,县级,7,4,6,565656,30940,"(27972.0, 31471.0]"
盛世物流有限责任公司000854,9.1336728681123038e+017,1,0,省级,1,7,3,565656,10800,"(7370.0, 10954.0]"
金鼎智能有限公司000855,9.13790552866e+017,0,,市级,7,3,3,-2323432,33680,"(31471.0, 35000.0]"
创元化工有限公司000856,9.131193910382974e+017,0,1,省级,7,,7,-2323432,8040,"(7370.0, 10954.0]"
华信环保有限责任公司000857,9.130243736e+017,0,1,,,5,5,565656,20620,"(17855.0, 21364.0]"
永泰贸易集团有限公司000858,9.1390058561547315e+017,1,0,省级,1,3,5,343434,10090,"(7370.0, 10954.0]"
创元信息集团有限公司000859,9.13727028966e+017,,0,国家级,1,2,6,565,27080,"(24660.0, 27972.0]"
华泰科技集团有限公司000860,9.138464051e+017,0,0,,,6,,6767,4340,"(3780.0, 7370.0]"
瑞丰电子有限责任公司000861,9.13189395309e+017,1,0,县级,4,,7,-2323432,4240,"(3780.0, 7370.0]"
启明纺织有限责任公司000862,9.135135872e+017,1,1,国家级,5,5,7,5656,25180,"(24660.0, 27972.0]"
瑞丰环保集团有限公司000863,9.13398818e+017,1,1,市级,7,5,,676767,15760,"(14480.0, 17855.0]"
瑞丰物流集团有限公司000864,9.130909153860282e+017,1,1,国家级,6,4,4,343434,34020,"(31471.0, 35000.0]"
天成纺织股份有限公司000865,9.130441e+017,,1,,6,7,1,676767,29710,"(27972.0, 31471.0]"
联创机械有限公司000866,9.13224870987264e+017,1,0,县级,2,7,5,6767,2480,"(49.999, 3780.0]"
博雅食品有限公司000867,9.13890e+017,0,1,国家级,2,3,6,676767,8810,"(7370.0, 10954.0]"
星河网络有限公司000868,9.1395e+017,0,1,国家级,1,2,4,676767,7000,"(3780.0, 7370.0]"
盛世建设有限公司000869,9.13732e+017,1,,县级,4,,3,565656,24820,"(24660.0, 27972.0]"
华信医药股份有限公司000870,9.1308716722104e+017,1,1,国家级,1,,4,343434,3880,"(3780.0, 7370.0]"
华泰电子有限责任公司000871,9.1360234e+017,1,0,,5,7,1,5656,300,"(49.999, 3780.0]"
创元建设有限责任公司000872,9.13772690e+017,0,1,市级,,2,5,676767,3420,"(49.999, 3780.0]"
嘉禾建设集团有限公司000873,9.13559851e+017,,0,国家级,2,1,5,343434,29540,"(27972.0, 31471.0]"
嘉禾食品有限责任公司000874,9.13868623760e+017,0,1,,2,5,7,676767,30050,"(27972.0, 31471.0]"
联创机械集团有限公司000875,9.13640e+017,0,0,省级,4,5,,-3434545,1380,"(49.999, 3780.0]"
启明智能有限公司000876,9.1398654e+017,1,0,省级,2,3,3,565656,1650,"(49.999, 3780.0]"
永泰医药有限公司000877,9.1300e+017,1,1,县级,6,2,3,343434,110,"(49.999, 3780.0]"
华信电子有限公司000878,9.1300916923e+017,0,0,县级,,5,7,-2323432,3730,"(49.999, 3780.0]"
汇通生物股份有限公司000879,9.13463000998e+017,1,0,国家级,,7,3,676767,34560,"(31471.0, 35000.0]"
嘉禾贸易有限责任公司000880,9.138294203e+017,1,,省级,,1,1,676767,27170,"(24660.0, 27972.0]"
瑞丰机械有限责任公司000881,9.1367201082e+017,1,0,国家级,3,1,4,6767,24920,"(24660.0, 27972.0]"
创元化工集团有限公司000882,9.1385e+017,0,1,县级,2,5,7,-3434545,90,"(49.999, 3780.0]"
金鼎建设有限责任公司000883,9.13291e+017,0,1,国家级,6,4,2,343434,18660,"(17855.0, 21364.0]"
鼎盛物流有限公司000884,9.1379e+017,0,1,,6,6,3,6767,11790,"(10954.0, 14480.0]"
博雅医药集团有限公司000885,9.1361512048507e+017,1,1,市级,5,2,,-2323432,30590,"(27972.0, 31471.0]"
远航化工有限公司000886,9.13915e+017,,1,省级,3,2,4,565,34950,"(31471.0, 35000.0]"
联创食品集团有限公司000887,9.135127e+017,0,0,县级,4,3,5,5656,3450,"(49.999, 3780.0]"
汇通纺织股份有限公司000888,9.137849477129e+017,0,,县级,3,7,2,343434,11350,"(10954.0, 14480.0]"
宏达科技有限责任公司000889,9.1334046682121564e+017,1,1,,7,5,3,5656,5190,"(3780.0, 7370.0]"
华信装备集团有限公司000890,9.138182730634e+017,0,1,省级,6,7,,565,5110,"(3780.0, 7370.0]"
金鼎贸易有限公司000891,9.13021e+017,0,1,,5,,4,6767,31750,"(31471.0, 35000.0]"
启明食品有限公司000892,9.1372186e+017,0,0,,2,1,1,565656,30520,"(27972.0, 31471.0]"
瑞丰环保有限公司000893,9.1347131e+017,1,1,,5,5,,343434,33120,"(31471.0, 35000.0]"
星河信息有限责任公司000894,9.13947e+017,1,0,国家级,6,2,3,565656,25310,"(24660.0, 27972.0]"
嘉禾信息股份有限公司000895,9.130727903716e+017,0,0,县级,3,5,,6767,6860,"(3780.0, 7370.0]"
瑞丰装备股份有限公司000896,9.1318375307681024e+017,0,1,县级,2,6,7,-2323432,15780,"(14480.0, 17855.0]"
创元医药股份有限公司000897,9.132169e+017,0,1,县级,1,3,3,565656,31500,"(31471.0, 35000.0]"
天成材料股份有限公司000898,9.1313952150164e+017,0,0,国家级,3,,7,-3434545,28010,"(27972.0, 31471.0]"
博雅机械集团有限公司000899,9.131983924848130e+017,0,0,国家级,1,7,7,-3434545,32070,"(31471.0, 35000.0]"
天成生物股份有限公司000900,9.134633953481105e+017,0,1,县级,7,,1,6767,29520,"(27972.0, 31471.0]"
盛世装备集团有限公司000901,9.135512817751e+017,0,1,县级,4,7,4,-3434545,5050,"(3780.0, 7370.0]"
华泰智能集团有限公司000902,9.136024465467720e+017,,,,3,4,,565656,27550,"(24660.0, 27972.0]"
宏达装备有限公司000903,9.1317543e+017,0,1,国家级,1,7,6,-3434545,26310,"(24660.0, 27972.0]"
瑞丰化工股份有限公司000904,9.137288e+017,1,1,,6,2,2,565656,13660,"(10954.0, 14480.0]"
永泰科技集团有限公司000905,9.138676259238687e+017,0,0,县级,6,6,4,676767,34240,"(31471.0, 35000.0]"
天成建设集团有限公司000906,9.13396159764e+017,0,1,国家级,,3,7,565656,290,"(49.999, 3780.0]"
金鼎能源有限责任公司000907,9.132736e+017,0,0,省级,4,3,4,6767,24080,"(21364.0, 24660.0]"
联创食品有限公司000908,9.13162042985e+017,0,1,,,,4,6767,26720,"(24660.0, 27972.0]"
博雅建设集团有限公司000909,9.136980142647106e+017,0,1,国家级,1,,5,343434,7380,"(7370.0, 10954.0]"
金鼎环保有限责任公司000910,9.1333267244693e+017,0,1,市级,4,4,1,5656,28110,"(27972.0, 31471.0]"
盛世电子有限公司000911,9.135998e+017,1,0,,2,1,,6767,16330,"(14480.0, 17855.0]"
鼎盛能源有限责任公司000912,9.13049602667652e+017,1,1,省级,7,5,2,565,4870,"(3780.0, 7370.0]"
嘉禾食品有限责任公司000913,9.1367e+017,1,0,国家级,5,5,4,343434,20760,"(17855.0, 21364.0]"
汇通贸易有限责任公司000914,9.1390448e+017,0,0,市级,5,7,1,676767,31650,"(31471.0, 35000.0]"
天成科技有限责任公司000915,9.1319e+017,0,1,国家级,2,2,,5656,33210,"(31471.0, 35000.0]"
永泰能源集团有限公司000916,9.134362e+017,1,0,,5,5,3,565,8570,"(7370.0, 10954.0]"
鼎盛科技集团有限公司000917,9.1312e+017,0,1,县级,7,2,1,-3434545,13700,"(10954.0, 14480.0]"
汇通医药股份有限公司000918,9.139192267e+017,0,0,省级,3,1,5,6767,11030,"(10954.0, 14480.0]"
鼎盛电子股份有限公司000919,9.13209e+017,1,,省级,4,3,2,565,20880,"(17855.0, 21364.0]"
天成能源有限责任公司000920,9.130514321e+017,0,0,县级,3,,2,565656,2620,"(49.999, 3780.0]"
瑞丰网络集团有限公司000921,9.13883e+017,1,1,国家级,,4,2,-2323432,30410,"(27972.0, 31471.0]"
永泰医药集团有限公司000922,9.1329986515902578e+017,1,,市级,3,4,4,-3434545,15700,"(14480.0, 17855.0]"
盛世食品股份有限公司000923,9.136208e+017,1,0,省级,6,2,5,676767,31780,"(31471.0, 35000.0]"
鼎盛智能集团有限公司000924,9.132501e+017,0,1,市级,7,7,,5656,24030,"(21364.0, 24660.0]"
博雅智能集团有限公司000925,9.13149929e+017,0,1,,2,3,,5656,34910,"(31471.0, 35000.0]"
天成食品集团有限公司000926,9.131740e+017,0,,国家级,,7,7,676767,23830,"(21364.0, 24660.0]"
华泰材料有限公司000927,9.1336006082770e+017,1,1,县级,3,5,2,-2323432,34300,"(31471.0, 35000.0]"
天成建设有限公司000928,9.1353723461762e+017,0,0,省级,4,,3,343434,21580,"(21364.0, 24660.0]"
远航网络集团有限公司000929,9.131654413727768e+017,1,1,国家级,1,7,3,676767,17870,"(17855.0, 21364.0]"
汇通装备有限责任公司000930,9.131887017e+017,0,,省级,7,3,1,676767,17600,"(14480.0, 17855.0]"
瑞丰贸易股份有限公司000931,9.1353869479025485e+017,0,0,国家级,4,7,7,565656,9020,"(7370.0, 10954.0]"
金鼎科技集团有限公司000932,9.135574216435e+017,0,0,省级,2,4,,343434,540,"(49.999, 3780.0]"
华信机械集团有限公司000933,9.13884437066e+017,0,1,市级,3,1,7,565,16860,"(14480.0, 17855.0]"
嘉禾材料有限责任公司000934,9.13418589900277e+017,0,,市级,4,2,4,565656,16600,"(14480.0, 17855.0]"
中原食品有限公司000935,9.130337469e+017,0,1,县级,6,5,3,-2323432,14930,"(14480.0, 17855.0]"
博雅智能股份有限公司000936,9.1379419087e+017,1,1,国家级,7,6,1,676767,5600,"(3780.0, 7370.0]"
启明装备股份有限公司000937,9.1355e+017,0,1,省级,5,3,2,565656,28450,"(27972.0, 31471.0]"
嘉禾化工股份有限公司000938,9.1366e+017,0,0,县级,1,7,7,-2323432,3230,"(49.999, 3780.0]"
汇通生物集团有限公司000939,9.13182653371e+017,1,0,市级,4,7,2,6767,20890,"(17855.0, 21364.0]"
宏达材料集团有限公司000940,9.134901459e+017,1,1,国家级,4,,6,565656,21980,"(21364.0, 24660.0]"
宏达生物有限责任公司000941,9.13302178167806e+017,1,1,国家级,,3,5,-2323432,11170,"(10954.0, 14480.0]"
创元信息有限公司000942,9.130370170e+017,0,,国家级,1,7,7,-2323432,29650,"(27972.0, 31471.0]"
创元信息集团有限公司000943,9.1368244850072e+017,1,0,县级,5,7,1,343434,16520,"(14480.0, 17855.0]"
鼎盛物流集团有限公司000944,9.1376620808203917e+017,0,0,县级,1,1,5,565,29500,"(27972.0, 31471.0]"
瑞丰科技股份有限公司000945,9.1312e+017,0,1,省级,3,3,4,-3434545,7580,"(7370.0, 10954.0]"
天成能源有限公司000946,9.138497e+017,1,0,县级,2,1,2,565656,18830,"(17855.0, 21364.0]"
远航环保有限责任公司000947,9.133648187e+017,1,1,省级,,7,4,565,34630,"(31471.0, 35000.0]"
华泰装备集团有限公司000948,9.135466232360e+017,1,1,县级,7,5,1,343434,29410,"(27972.0, 31471.0]"
博雅网络有限公司000949,9.13298622e+017,1,,县级,2,3,4,565656,27350,"(24660.0, 27972.0]"
创元生物集团有限公司000950,9.1358768e+017,1,1,市级,5,2,3,5656,24210,"(21364.0, 24660.0]"
瑞丰能源有限公司000951,9.133983912e+017,0,,国家级,1,2,,-2323432,33120,"(31471.0, 35000.0]"
汇通机械集团有限公司000952,9.1349e+017,0,,县级,6,6,,565656,25310,"(24660.0, 27972.0]"
鼎盛机械集团有限公司000953,9.132405920823530e+017,1,1,国家级,,5,6,565,27540,"(24660.0, 27972.0]"
嘉禾环保有限责任公司000954,9.1382017530e+017,1,1,县级,5,,5,565656,33930,"(31471.0, 35000.0]"
金鼎机械集团有限公司000955,9.1347412531379561e+017,,1,,2,6,6,-3434545,11940,"(10954.0, 14480.0]"
创元科技有限公司000956,9.1338733703424e+017,1,1,国家级,1,1,7,565656,1890,"(49.999, 3780.0]"
宏达科技有限公司000957,9.1376e+017,,0,国家级,,6,4,-3434545,31770,"(31471.0, 35000.0]"
天成材料有限责任公司000958,9.136340918e+017,1,1,国家级,1,2,2,343434,24340,"(21364.0, 24660.0]"
天成能源有限公司000959,9.1307700409e+017,0,0,市级,3,4,6,343434,16120,"(14480.0, 17855.0]"
嘉禾网络集团有限公司000960,9.13803e+017,1,0,国家级,5,1,2,-3434545,32340,"(31471.0, 35000.0]"
金鼎纺织有限公司000961,9.136529e+017,,1,县级,7,4,3,676767,28450,"(27972.0, 31471.0]"
永泰纺织有限责任公司000962,9.13088067e+017,0,1,国家级,7,2,,-2323432,2320,"(49.999, 3780.0]"
远航能源有限公司000963,9.13326e+017,1,1,市级,6,5,1,-3434545,29650,"(27972.0, 31471.0]"
鼎盛环保有限责任公司000964,9.13220539707e+017,1,1,市级,2,2,,-2323432,26920,"(24660.0, 27972.0]"
华泰材料有限责任公司000965,9.1319953946e+017,1,1,县级,7,6,6,-3434545,3320,"(49.999, 3780.0]"
创元化工有限公司000966,9.138402578703686e+017,0,0,国家级,6,4,3,676767,600,"(49.999, 3780.0]"
汇通食品有限责任公司000967,9.1398e+017,,0,国家级,4,,6,-2323432,26300,"(24660.0, 27972.0]"
瑞丰科技集团有限公司000968,9.133759795319260e+017,0,,县级,7,,,565656,24960,"(24660.0, 27972.0]"
星河科技有限责任公司000969,9.138944538118081e+017,1,1,市级,3,3,6,565,5660,"(3780.0, 7370.0]"
天成网络有限公司000970,9.13970566036e+017,0,0,,7,4,2,-2323432,28140,"(27972.0, 31471.0]"
金鼎网络集团有限公司000971,9.131585015e+017,0,0,国家级,3,6,4,343434,16680,"(14480.0, 17855.0]"
博雅电子有限责任公司000972,9.13339e+017,1,,县级,3,3,,-3434545,5330,"(3780.0, 7370.0]"
华泰物流有限公司000973,9.1389866469365618e+017,0,1,县级,,7,4,565656,13120,"(10954.0, 14480.0]"
宏达装备股份有限公司000974,9.1318430192209567e+017,0,0,县级,4,1,,6767,7650,"(7370.0, 10954.0]"
创元科技集团有限公司000975,9.1326769924277392e+017,0,1,,2,7,,6767,23010,"(21364.0, 24660.0]"
永泰能源集团有限公司000976,9.134423471998e+017,0,0,县级,1,3,,-3434545,25310,"(24660.0, 27972.0]"
星河纺织有限责任公司000977,9.1399913831e+017,,1,省级,,7,,6767,15980,"(14480.0, 17855.0]"
联创纺织股份有限公司000978,9.13331680664e+017,,,,2,4,6,5656,5300,"(3780.0, 7370.0]"
创元机械有限公司000979,9.130740274067582e+017,1,0,国家级,,5,5,5656,12510,"(10954.0, 14480.0]"
启明贸易股份有限公司000980,9.1346149745979318e+017,0,1,市级,7,,6,343434,33010,"(31471.0, 35000.0]"
盛世科技有限公司000981,9.13932664e+017,0,0,市级,3,6,1,343434,25450,"(24660.0, 27972.0]"
汇通物流有限责任公司000982,9.1348534001276e+017,0,0,市级,,6,6,565,21900,"(21364.0, 24660.0]"
启明装备有限公司000983,9.138822378870e+017,1,,国家级,2,6,4,343434,30620,"(27972.0, 31471.0]"
华泰生物有限责任公司000984,9.1305867949e+017,1,0,县级,6,6,6,5656,12580,"(10954.0, 14480.0]"
汇通化工股份有限公司000985,9.130165e+017,1,1,县级,,7,5,-3434545,17130,"(14480.0, 17855.0]"
天成装备有限责任公司000986,9.13247e+017,1,,县级,4,5,3,5656,31120,"(27972.0, 31471.0]"
鼎盛贸易有限责任公司000987,9.131224441e+017,1,0,省级,7,2,1,5656,17030,"(14480.0, 17855.0]"
联创环保有限公司000988,9.13036309442e+017,0,,国家级,5,1,2,-3434545,33660,"(31471.0, 35000.0]"
瑞丰材料集团有限公司000989,9.13909619e+017,1,1,市级,,5,,6767,24980,"(24660.0, 27972.0]"
远航科技有限公司000990,9.13356748095e+017,1,0,国家级,5,2,5,-2323432,580,"(49.999, 3780.0]"
创元环保集团有限公司000991,9.13589e+017,0,1,国家级,2,,6,565,11120,"(10954.0, 14480.0]"
远航生物股份有限公司000992,9.13595141864e+017,0,0,市级,,1,4,5656,19340,"(17855.0, 21364.0]"
宏达智能股份有限公司000993,9.1358e+017,1,1,县级,6,,4,565,26530,"(24660.0, 27972.0]"
鼎盛智能集团有限公司000994,9.13151817882426e+017,1,1,国家级,5,7,2,6767,15770,"(14480.0, 17855.0]"
启明建设集团有限公司000995,9.133790e+017,0,1,市级,,,6,565656,18490,"(17855.0, 21364.0]"
盛世电子有限公司000996,9.13767553981889e+017,0,0,国家级,1,5,4,343434,23840,"(21364.0, 24660.0]"
鼎盛智能股份有限公司000997,9.133848876380e+017,0,1,省级,3,1,3,5656,24970,"(24660.0, 27972.0]"
盛世材料有限公司000998,9.139886e+017,0,0,国家级,,1,7,565656,1190,"(49.999, 3780.0]"
华信环保股份有限公司000999,9.1323729826893e+017,0,1,县级,1,4,7,676767,1550,"(49.999, 3780.0]"
启明能源集团有限公司001000,9.135707731e+017,0,0,市级,6,4,4,-2323432,16990,"(14480.0, 17855.0]"
汇通信息股份有限公司001001,9.1393844404588e+017,0,0,市级,6,3,1,-2323432,26410,"(24660.0, 27972.0]"
盛世环保集团有限公司001002,9.1387156891e+017,0,1,县级,6,1,2,-2323432,32540,"(31471.0, 35000.0]"
瑞丰贸易股份有限公司001003,9.134467940366e+017,1,0,省级,7,2,3,565656,25750,"(24660.0, 27972.0]"
联创贸易股份有限公司001004,9.132927318683029e+017,0,1,市级,2,5,,676767,23900,"(21364.0, 24660.0]"
天成电子集团有限公司001005,9.1366073446746e+017,0,1,市级,2,1,6,343434,22570,"(21364.0, 24660.0]"
华泰建设有限责任公司001006,9.1322e+017,0,0,国家级,6,6,,565,2650,"(49.999, 3780.0]"
星河电子集团有限公司001007,9.137740292864330e+017,0,1,国家级,1,7,3,5656,15880,"(14480.0, 17855.0]"
华泰物流股份有限公司001008,9.1366102563e+017,1,0,,6,1,2,676767,18580,"(17855.0, 21364.0]"
嘉禾能源股份有限公司001009,9.13590177915e+017,0,1,国家级,3,,2,-2323432,17390,"(14480.0, 17855.0]"
鼎盛贸易股份有限公司001010,9.13260186e+017,0,0,国家级,5,2,,-3434545,12500,"(10954.0, 14480.0]"
博雅智能股份有限公司001011,9.13764149003850e+017,0,1,省级,6,4,6,565,23910,"(21364.0, 24660.0]"
博雅生物集团有限公司001012,9.1304733145461e+017,1,1,,7,6,5,343434,5810,"(3780.0, 7370.0]"
盛世医药有限公司001013,9.130409e+017,1,1,县级,1,7,5,676767,24200,"(21364.0, 24660.0]"
嘉禾装备集团有限公司001014,9.13439e+017,0,0,县级,1,7,,5656,29660,"(27972.0, 31471.0]"
华泰物流有限公司001015,9.1368564257068e+017,0,1,省级,2,,7,343434,22520,"(21364.0, 24660.0]"
星河智能集团有限公司001016,9.1328e+017,1,1,国家级,3,2,,6767,1410,"(49.999, 3780.0]"
中原装备有限公司001017,9.13514e+017,1,,县级,2,,7,676767,16580,"(14480.0, 17855.0]"
星河环保有限责任公司001018,9.1392220e+017,1,,国家级,2,,2,343434,11430,"(10954.0, 14480.0]"
宏达智能有限责任公司001019,9.138613e+017,0,1,县级,7,5,2,-3434545,7930,"(7370.0, 10954.0]"
华泰食品有限公司001020,9.134986e+017,1,0,市级,2,2,3,565656,12250,"(10954.0, 14480.0]"
嘉禾贸易集团有限公司001021,9.1373561526655e+017,0,1,市级,6,6,7,-2323432,27160,"(24660.0, 27972.0]"
宏达能源股份有限公司001022,9.1352474665353e+017,1,1,省级,5,4,3,5656,15180,"(14480.0, 17855.0]"
华泰食品集团有限公司001023,9.138354346858639e+017,0,0,省级,4,2,3,565656,6460,"(3780.0, 7370.0]"
汇通食品有限公司001024,9.133811683e+017,,,省级,5,5,7,5656,26970,"(24660.0, 27972.0]"
瑞丰生物股份有限公司001025,9.13808264931e+017,0,1,省级,1,2,,565,3950,"(3780.0, 7370.0]"
博雅化工有限责任公司001026,9.136339172e+017,,1,市级,7,4,6,343434,5950,"(3780.0, 7370.0]"
华泰材料股份有限公司001027,9.13068335391e+017,0,1,市级,,6,4,-2323432,23280,"(21364.0, 24660.0]"
星河材料集团有限公司001028,9.1334437e+017,1,0,市级,1,6,5,343434,24010,"(21364.0, 24660.0]"
星河材料股份有限公司001029,9.13930148116e+017,0,0,国家级,,5,6,6767,29880,"(27972.0, 31471.0]"
鼎盛生物有限公司001030,9.131990342134854e+017,1,0,,1,5,4,-2323432,4920,"(3780.0, 7370.0]"
华信医药股份有限公司001031,9.1315e+017,,0,国家级,6,,7,6767,24280,"(21364.0, 24660.0]"
远航纺织有限公司001032,9.138814e+017,0,1,市级,7,5,7,565656,5590,"(3780.0, 7370.0]"
天成装备股份有限公司001033,9.13639138e+017,,1,国家级,,5,4,5656,20940,"(17855.0, 21364.0]"
远航环保有限公司001034,9.133153506962616e+017,1,1,市级,1,3,6,565656,14310,"(10954.0, 14480.0]"
汇通纺织有限责任公司001035,9.138566948993e+017,,0,市级,6,,6,-3434545,19970,"(17855.0, 21364.0]"
博雅纺织有限公司001036,9.13266256504e+017,1,,,6,2,7,565,6010,"(3780.0, 7370.0]"
博雅电子有限公司001037,9.1387100668904172e+017,,1,,1,1,4,6767,17290,"(14480.0, 17855.0]"
金鼎生物有限责任公司001038,9.13528359994e+017,,,市级,2,,2,343434,11670,"(10954.0, 14480.0]"
金鼎科技集团有限公司001039,9.137228920e+017,1,1,国家级,2,,1,565656,14260,"(10954.0, 14480.0]"
远航物流有限责任公司001040,9.135341952814478e+017,1,1,省级,5,2,1,6767,1020,"(49.999, 3780.0]"
宏达贸易股份有限公司001041,9.130378912139e+017,1,0,县级,1,6,5,-2323432,15840,"(14480.0, 17855.0]"
天成机械有限公司001042,9.134290696904e+017,1,,国家级,3,5,3,5656,32170,"(31471.0, 35000.0]"
星河材料股份有限公司001043,9.132761368e+017,0,0,省级,3,2,7,565,18230,"(17855.0, 21364.0]"
鼎盛机械有限责任公司001044,9.13772508e+017,1,0,市级,2,4,2,565,34820,"(31471.0, 35000.0]"
华信科技有限责任公司001045,9.1369158e+017,1,1,国家级,,1,4,565656,12650,"(10954.0, 14480.0]"
宏达医药集团有限公司001046,9.13295945231582e+017,1,,省级,5,1,2,5656,2560,"(49.999, 3780.0]"
联创机械集团有限公司001047,9.1322041678215e+017,0,1,省级,2,6,1,-2323432,4110,"(3780.0, 7370.0]"
华信能源集团有限公司001048,9.130485022061e+017,0,0,省级,4,2,,676767,8870,"(7370.0, 10954.0]"
博雅科技股份有限公司001049,9.13622e+017,1,1,国家级,4,1,,-3434545,930,"(49.999, 3780.0]"
创元能源有限公司001050,9.13532316e+017,1,0,县级,3,,4,565,25510,"(24660.0, 27972.0]"
天成医药有限公司001051,9.13776e+017,1,,省级,7,1,1,5656,31050,"(27972.0, 31471.0]"
盛世装备有限公司001052,9.1319022311e+017,1,,县级,,7,,676767,28730,"(27972.0, 31471.0]"
创元材料集团有限公司001053,9.1384856371e+017,0,0,,3,2,,-2323432,14620,"(14480.0, 17855.0]"
创元能源有限公司001054,9.1324659e+017,1,0,县级,6,7,2,565,22080,"(21364.0, 24660.0]"
汇通科技集团有限公司001055,9.132011406526e+017,1,1,省级,1,5,6,-3434545,14070,"(10954.0, 14480.0]"
宏达能源股份有限公司001056,9.136569764e+017,1,1,市级,1,4,3,565,14190,"(10954.0, 14480.0]"
金鼎食品集团有限公司001057,9.1365685120627e+017,1,0,省级,6,,4,-2323432,12940,"(10954.0, 14480.0]"
汇通网络有限公司001058,9.13650223e+017,1,1,国家级,5,7,6,-3434545,5720,"(3780.0, 7370.0]"
远航环保股份有限公司001059,9.1333e+017,,1,省级,4,4,2,676767,21330,"(17855.0, 21364.0]"
盛世材料股份有限公司001060,9.13670636328e+017,1,,省级,4,2,5,6767,11090,"(10954.0, 14480.0]"
启明电子集团有限公司001061,9.1348333679e+017,,0,县级,1,,6,343434,12010,"(10954.0, 14480.0]"
远航食品集团有限公司001062,9.1385e+017,1,0,,6,1,6,-3434545,24890,"(24660.0, 27972.0]"
金鼎材料有限公司001063,9.134617580e+017,0,0,,7,5,,-2323432,26800,"(24660.0, 27972.0]"
永泰科技集团有限公司001064,9.131483747558e+017,0,0,县级,3,3,5,-3434545,28190,"(27972.0, 31471.0]"
星河材料有限公司001065,9.137169e+017,0,0,国家级,4,1,7,5656,10790,"(7370.0, 10954.0]"
联创化工股份有限公司001066,9.139833261e+017,1,1,市级,4,5,,676767,23440,"(21364.0, 24660.0]"
盛世纺织集团有限公司001067,9.135353399824e+017,0,,县级,3,3,1,-2323432,17330,"(14480.0, 17855.0]"
永泰建设集团有限公司001068,9.1328e+017,1,1,县级,1,5,4,676767,19910,"(17855.0, 21364.0]"
盛世网络有限责任公司001069,9.13613087e+017,0,0,,3,6,6,-2323432,6790,"(3780.0, 7370.0]"
联创装备股份有限公司001070,9.13118425278e+017,1,,,6,7,7,-2323432,6880,"(3780.0, 7370.0]"
联创医药有限公司001071,9.137771961e+017,1,1,县级,,7,2,5656,11930,"(10954.0, 14480.0]"
鼎盛信息集团有限公司001072,9.1344009e+017,1,1,县级,4,4,5,-3434545,27950,"(24660.0, 27972.0]"
汇通材料有限责任公司001073,9.1390705e+017,1,0,国家级,2,5,6,343434,34360,"(31471.0, 35000.0]"
鼎盛网络股份有限公司001074,9.1308e+017,0,1,省级,1,,,565656,2880,"(49.999, 3780.0]"
远航信息集团有限公司001075,9.137192149e+017,1,0,县级,3,7,7,5656,13100,"(10954.0, 14480.0]"
永泰材料股份有限公司001076,9.132665282468549e+017,0,1,,6,3,2,-2323432,980,"(49.999, 3780.0]"
星河材料有限责任公司001077,9.13605190854327e+017,0,0,省级,6,6,1,-3434545,27250,"(24660.0, 27972.0]"
金鼎材料有限公司001078,9.1309e+017,0,,县级,4,2,6,-2323432,8270,"(7370.0, 10954.0]"
宏达科技有限责任公司001079,9.13589e+017,0,0,,7,7,1,565,26410,"(24660.0, 27972.0]"
鼎盛智能有限公司001080,9.131226815947e+017,1,0,,6,4,1,343434,17150,"(14480.0, 17855.0]"
宏达建设股份有限公司001081,9.13397984218e+017,0,0,省级,1,6,2,5656,30420,"(27972.0, 31471.0]"
联创食品股份有限公司001082,9.131877628836368e+017,,1,省级,6,,,5656,33320,"(31471.0, 35000.0]"
启明建设集团有限公司001083,9.13616522898e+017,0,0,,2,2,4,-3434545,34070,"(31471.0, 35000.0]"
联创化工有限责任公司001084,9.1383e+017,1,0,国家级,5,4,3,565,34290,"(31471.0, 35000.0]"
嘉禾医药有限公司001085,9.139565e+017,0,,国家级,1,1,7,565,19820,"(17855.0, 21364.0]"
博雅电子有限责任公司001086,9.1328787570302e+017,,0,省级,5,1,3,-2323432,220,"(49.999, 3780.0]"
金鼎化工有限责任公司001087,9.132233e+017,1,0,国家级,1,4,1,-2323432,7050,"(3780.0, 7370.0]"
瑞丰智能股份有限公司001088,9.13624975374057e+017,0,1,市级,1,4,1,565656,33320,"(31471.0, 35000.0]"
远航电子有限责任公司001089,9.1345146e+017,1,1,省级,,4,4,565,14870,"(14480.0, 17855.0]"
嘉禾食品集团有限公司001090,9.1373664853e+017,,1,,5,3,7,565,14510,"(14480.0, 17855.0]"
瑞丰机械集团有限公司001091,9.136958050450509e+017,0,1,,2,6,7,676767,8990,"(7370.0, 10954.0]"
华泰纺织集团有限公司001092,9.137295450380162e+017,1,1,国家级,3,7,2,-2323432,28590,"(27972.0, 31471.0]"
盛世能源有限公司001093,9.137943e+017,0,1,,3,1,,676767,8640,"(7370.0, 10954.0]"
博雅纺织有限责任公司001094,9.138662e+017,1,0,县级,6,1,7,676767,14710,"(14480.0, 17855.0]"
中原环保有限公司001095,9.1335117455537e+017,0,1,省级,5,3,3,343434,10680,"(7370.0, 10954.0]"
创元材料有限责任公司001096,9.13562641260e+017,1,1,国家级,4,2,,-2323432,34590,"(31471.0, 35000.0]"
宏达科技有限公司001097,9.1370450599e+017,0,0,县级,4,1,4,343434,32410,"(31471.0, 35000.0]"
嘉禾信息有限公司001098,9.13851420e+017,0,0,,2,2,2,6767,21800,"(21364.0, 24660.0]"
天成贸易股份有限公司001099,9.1372991154e+017,0,1,国家级,5,6,2,676767,19350,"(17855.0, 21364.0]"
汇通环保集团有限公司001100,9.13977115062917e+017,0,1,县级,6,4,3,6767,32630,"(31471.0, 35000.0]"
启明装备集团有限公司001101,9.1322198369157e+017,0,1,国家级,,,,-3434545,2240,"(49.999, 3780.0]"
天成材料有限责任公司001102,9.1304450e+017,0,,县级,2,6,1,676767,12010,"(10954.0, 14480.0]"
天成环保集团有限公司001103,9.1358676030409e+017,0,1,市级,5,,2,6767,12730,"(10954.0, 14480.0]"
嘉禾网络股份有限公司001104,9.131051e+017,0,,市级,2,5,,-2323432,10020,"(7370.0, 10954.0]"
星河生物集团有限公司001105,9.13168163603891e+017,1,1,县级,1,6,3,565,7160,"(3780.0, 7370.0]"
汇通电子有限公司001106,9.1307071634850895e+017,0,,,6,4,,343434,5350,"(3780.0, 7370.0]"
瑞丰贸易股份有限公司001107,9.1372965561927e+017,1,0,国家级,7,1,7,5656,14860,"(14480.0, 17855.0]"
鼎盛化工股份有限公司001108,9.133055737138e+017,1,0,省级,,4,3,565,5550,"(3780.0, 7370.0]"
博雅装备股份有限公司001109,9.1330411e+017,1,0,省级,6,1,7,343434,15660,"(14480.0, 17855.0]"
中原医药股份有限公司001110,9.13704656e+017,1,1,省级,3,5,5,676767,21830,"(21364.0, 24660.0]"
宏达化工集团有限公司001111,9.131592291270659e+017,0,0,国家级,,5,6,6767,26290,"(24660.0, 27972.0]"
联创物流集团有限公司001112,9.1318e+017,0,1,县级,,5,2,565656,11550,"(10954.0, 14480.0]"
联创机械股份有限公司001113,9.1390522171148e+017,1,1,国家级,5,7,5,343434,34150,"(31471.0, 35000.0]"
盛世食品集团有限公司001114,9.13631e+017,0,1,县级,1,4,7,5656,28990,"(27972.0, 31471.0]"
启明材料有限公司001115,9.1338999068201e+017,0,0,县级,1,3,2,-3434545,23010,"(21364.0, 24660.0]"
永泰食品有限公司001116,9.1331798549004903e+017,1,1,市级,2,6,4,-3434545,28350,"(27972.0, 31471.0]"
嘉禾物流集团有限公司001117,9.13439225517e+017,,0,国家级,5,6,7,565,27900,"(24660.0, 27972.0]"
永泰化工有限公司001118,9.13863e+017,1,0,市级,7,4,1,343434,7510,"(7370.0, 10954.0]"
联创化工有限责任公司001119,9.1390964598724089e+017,0,1,省级,3,,,343434,31660,"(31471.0, 35000.0]"
联创医药股份有限公司001120,9.13072173402e+017,1,0,,4,,2,676767,25510,"(24660.0, 27972.0]"
中原科技有限责任公司001121,9.1318e+017,0,1,省级,7,4,2,565,9660,"(7370.0, 10954.0]"
天成建设有限责任公司001122,9.13651186156e+017,,1,县级,2,,6,343434,33160,"(31471.0, 35000.0]"
盛世材料有限公司001123,9.132611035659e+017,1,,省级,2,3,,5656,34400,"(31471.0, 35000.0]"
博雅贸易集团有限公司001124,9.1386194e+017,0,0,国家级,6,5,4,676767,31800,"(31471.0, 35000.0]"
金鼎化工股份有限公司001125,9.13283463348893e+017,0,1,县级,7,2,6,565,12090,"(10954.0, 14480.0]"
远航能源集团有限公司001126,9.1392855074e+017,0,0,市级,,4,3,-3434545,7240,"(3780.0, 7370.0]"
中原食品有限责任公司001127,9.133591765e+017,0,0,,5,4,,-3434545,23360,"(21364.0, 24660.0]"
鼎盛化工股份有限公司001128,9.1379899470e+017,1,1,国家级,,5,2,5656,11710,"(10954.0, 14480.0]"
金鼎医药有限责任公司001129,9.1371567566505188e+017,1,0,市级,,7,4,6767,3350,"(49.999, 3780.0]"
中原信息有限责任公司001130,9.1345e+017,0,1,省级,2,2,3,565,26250,"(24660.0, 27972.0]"
嘉禾食品有限公司001131,9.13892571402e+017,,0,县级,,6,3,6767,32620,"(31471.0, 35000.0]"
宏达信息有限责任公司001132,9.1336806358530e+017,,0,省级,7,7,,5656,16890,"(14480.0, 17855.0]"
启明贸易集团有限公司001133,9.137758670365620e+017,0,0,市级,5,7,,565,12090,"(10954.0, 14480.0]"
华信生物有限公司001134,9.13233576170731e+017,1,1,县级,4,5,6,5656,9570,"(7370.0, 10954.0]"
嘉禾装备股份有限公司001135,9.13759443e+017,1,1,市级,2,4,3,565656,20910,"(17855.0, 21364.0]"
宏达装备股份有限公司001136,9.13687404207e+017,1,0,县级,6,3,,565,30900,"(27972.0, 31471.0]"
星河环保有限公司001137,9.13094065658234e+017,1,1,县级,,7,2,-3434545,8560,"(7370.0, 10954.0]"
金鼎环保有限责任公司001138,9.13091103495e+017,,1,,2,7,4,343434,1350,"(49.999, 3780.0]"
鼎盛食品有限公司001139,9.13477618e+017,1,0,县级,6,5,4,5656,11380,"(10954.0, 14480.0]"
金鼎贸易集团有限公司001140,9.136599508e+017,0,0,,4,7,4,6767,6080,"(3780.0, 7370.0]"
瑞丰装备集团有限公司001141,9.1386221405131e+017,1,1,县级,5,4,3,676767,12970,"(10954.0, 14480.0]"
博雅电子股份有限公司001142,9.13420359e+017,1,0,省级,5,1,6,676767,13950,"(10954.0, 14480.0]"
中原食品有限责任公司001143,9.13741313518e+017,,1,省级,7,6,3,5656,22050,"(21364.0, 24660.0]"
嘉禾贸易集团有限公司001144,9.131789559909841e+017,0,1,国家级,7,,2,-3434545,21640,"(21364.0, 24660.0]"
远航生物有限公司001145,9.130038146342e+017,0,0,市级,7,2,,676767,9070,"(7370.0, 10954.0]"
盛世网络股份有限公司001146,9.1341146e+017,0,0,市级,7,7,1,-2323432,21140,"(17855.0, 21364.0]"
华泰纺织有限公司001147,9.13109659845576e+017,1,1,,1,1,7,6767,470,"(49.999, 3780.0]"
瑞丰科技集团有限公司001148,9.1364e+017,0,,国家级,5,2,5,5656,24540,"(21364.0, 24660.0]"
启明网络集团有限公司001149,9.13421682682217e+017,1,1,县级,6,,1,5656,34460,"(31471.0, 35000.0]"
汇通建设有限公司001150,9.139325722e+017,,0,,,2,4,565656,29060,"(27972.0, 31471.0]"
永泰生物股份有限公司001151,9.13295e+017,0,0,国家级,7,3,,-2323432,33020,"(31471.0, 35000.0]"
星河机械有限公司001152,9.132406e+017,1,1,县级,6,6,,-3434545,15610,"(14480.0, 17855.0]"
启明科技股份有限公司001153,9.1343016556e+017,0,1,县级,1,1,1,5656,29890,"(27972.0, 31471.0]"
星河食品集团有限公司001154,9.139011e+017,0,0,县级,3,5,,565,15990,"(14480.0, 17855.0]"
金鼎医药有限责任公司001155,9.13489e+017,1,0,市级,6,1,,343434,20890,"(17855.0, 21364.0]"
创元生物集团有限公司001156,9.1351673095326e+017,,1,县级,3,5,3,5656,18090,"(17855.0, 21364.0]"
天成生物集团有限公司001157,9.138280e+017,0,0,,7,4,2,-3434545,6880,"(3780.0, 7370.0]"
联创信息有限公司001158,9.1364583744959e+017,1,0,,4,3,7,565656,16820,"(14480.0, 17855.0]"
启明装备有限责任公司001159,9.137411486267e+017,1,0,县级,3,6,3,-3434545,6540,"(3780.0, 7370.0]"
中原机械有限公司001160,9.1367896300935e+017,,0,省级,2,4,,343434,14720,"(14480.0, 17855.0]"
创元网络有限责任公司001161,9.1383492766809846e+017,0,0,省级,7,5,6,565,11550,"(10954.0, 14480.0]"
宏达贸易股份有限公司001162,9.1371554460e+017,1,0,国家级,,7,7,5656,30670,"(27972.0, 31471.0]"
联创网络有限公司001163,9.13536499119285e+017,1,0,市级,4,6,4,6767,5690,"(3780.0, 7370.0]"
永泰生物集团有限公司001164,9.1377e+017,1,,省级,1,3,6,5656,32180,"(31471.0, 35000.0]"
远航化工有限公司001165,9.13890751991e+017,0,1,省级,3,5,4,565,10980,"(10954.0, 14480.0]"
华信食品有限责任公司001166,9.1382838597477e+017,1,1,国家级,,3,2,-3434545,27580,"(24660.0, 27972.0]"
远航能源股份有限公司001167,9.137715692209e+017,1,0,省级,3,5,7,343434,26200,"(24660.0, 27972.0]"
星河物流有限公司001168,9.134773494e+017,0,1,,3,5,1,-3434545,27240,"(24660.0, 27972.0]"
瑞丰装备有限责任公司001169,9.13685e+017,1,1,省级,3,5,,-3434545,14080,"(10954.0, 14480.0]"
天成装备有限责任公司001170,9.13581660284e+017,0,1,省级,3,7,6,565,34320,"(31471.0, 35000.0]"
华泰物流有限责任公司001171,9.137973418559508e+017,0,1,,,1,3,565656,24330,"(21364.0, 24660.0]"
金鼎环保有限公司001172,9.13067949078e+017,1,0,市级,1,7,,343434,14300,"(10954.0, 14480.0]"
宏达生物股份有限公司001173,9.13635367355e+017,,0,省级,4,,7,676767,33240,"(31471.0, 35000.0]"
永泰建设有限公司001174,9.13309742e+017,1,0,省级,3,2,3,5656,30900,"(27972.0, 31471.0]"
永泰建设有限公司001175,9.13356582608e+017,0,1,县级,4,1,3,565656,960,"(49.999, 3780.0]"
启明化工股份有限公司001176,9.1311223214252e+017,,0,省级,7,3,,565,20790,"(17855.0, 21364.0]"
鼎盛贸易集团有限公司001177,9.135544e+017,0,0,,4,7,3,5656,11220,"(10954.0, 14480.0]"
嘉禾物流集团有限公司001178,9.13684184714e+017,1,,国家级,4,1,,676767,22680,"(21364.0, 24660.0]"
博雅生物集团有限公司001179,9.1303087647e+017,,0,县级,2,3,,676767,18190,"(17855.0, 21364.0]"
联创材料股份有限公司001180,9.131720e+017,1,1,,7,2,,5656,17290,"(14480.0, 17855.0]"
远航科技股份有限公司001181,9.13967419e+017,0,1,省级,7,1,7,-2323432,15900,"(14480.0, 17855.0]"
联创建设集团有限公司001182,9.13251970e+017,0,1,国家级,4,3,,6767,23170,"(21364.0, 24660.0]"
宏达材料集团有限公司001183,9.13625260221690e+017,1,1,省级,5,1,,676767,13650,"(10954.0, 14480.0]"
永泰材料有限公司001184,9.1357351745e+017,1,0,,2,3,7,6767,12250,"(10954.0, 14480.0]"
宏达医药有限公司001185,9.1355897990359e+017,,,县级,,1,,676767,22290,"(21364.0, 24660.0]"
汇通网络有限责任公司001186,9.136051648389533e+017,1,1,县级,1,5,1,5656,12470,"(10954.0, 14480.0]"
宏达机械有限责任公司001187,9.13973173033249e+017,1,1,县级,4,6,,565,11510,"(10954.0, 14480.0]"
星河机械股份有限公司001188,9.133181560542707e+017,1,1,县级,7,,5,343434,21890,"(21364.0, 24660.0]"
远航贸易股份有限公司001189,9.137289722e+017,1,0,市级,,5,3,-2323432,14870,"(14480.0, 17855.0]"
启明贸易股份有限公司001190,9.1366e+017,0,,省级,7,1,3,565656,15620,"(14480.0, 17855.0]"
天成纺织有限公司001191,9.1339962637792711e+017,0,0,,1,7,4,5656,18030,"(17855.0, 21364.0]"
博雅机械集团有限公司001192,9.133330e+017,0,0,,2,,5,5656,26800,"(24660.0, 27972.0]"
宏达建设股份有限公司001193,9.1352357865294e+017,0,1,,7,1,4,5656,10640,"(7370.0, 10954.0]"
嘉禾装备有限责任公司001194,9.1311980e+017,1,1,省级,7,3,7,-2323432,11810,"(10954.0, 14480.0]"
盛世建设股份有限公司001195,9.136887860203e+017,0,0,,3,4,3,343434,15000,"(14480.0, 17855.0]"
创元生物股份有限公司001196,9.1387287314249e+017,1,0,国家级,5,3,4,5656,24290,"(21364.0, 24660.0]"
嘉禾信息有限公司001197,9.13005102874e+017,1,0,省级,3,,2,-2323432,22240,"(21364.0, 24660.0]"
鼎盛电子股份有限公司001198,9.1321046627501e+017,1,1,省级,1,4,3,676767,2780,"(49.999, 3780.0]"
嘉禾医药集团有限公司001199,9.1395e+017,1,0,省级,7,1,7,-2323432,30150,"(27972.0, 31471.0]"
创元能源集团有限公司001200,9.1371485819e+017,,,国家级,,1,3,565656,24390,"(21364.0, 24660.0]"
汇通网络有限公司001201,9.13828e+017,1,0,县级,5,4,1,565,14400,"(10954.0, 14480.0]"
华信科技有限责任公司001202,9.131163971e+017,1,0,县级,5,2,5,565656,6660,"(3780.0, 7370.0]"
嘉禾纺织集团有限公司001203,9.1362625918831e+017,0,1,省级,3,1,3,5656,12290,"(10954.0, 14480.0]"
远航医药有限责任公司001204,9.13978729e+017,1,0,县级,6,4,7,565,7880,"(7370.0, 10954.0]"
星河能源有限责任公司001205,9.130424796000e+017,,0,市级,2,7,1,565656,25170,"(24660.0, 27972.0]"
创元网络有限责任公司001206,9.13920369e+017,,0,市级,,2,6,-2323432,28470,"(27972.0, 31471.0]"
华泰智能集团有限公司001207,9.1341475690e+017,0,1,省级,1,2,1,-3434545,4700,"(3780.0, 7370.0]"
嘉禾能源有限责任公司001208,9.1366771539022e+017,1,0,县级,5,6,7,676767,6510,"(3780.0, 7370.0]"
星河环保股份有限公司001209,9.13761442e+017,1,0,市级,4,1,2,-2323432,700,"(49.999, 3780.0]"
创元环保股份有限公司001210,9.13549393439e+017,1,1,省级,6,2,1,6767,20230,"(17855.0, 21364.0]"
盛世纺织集团有限公司001211,9.1381330e+017,1,1,,7,3,4,676767,9160,"(7370.0, 10954.0]"
金鼎生物有限责任公司001212,9.1372033e+017,,0,省级,4,7,3,6767,10430,"(7370.0, 10954.0]"
盛世生物股份有限公司001213,9.1394e+017,0,0,市级,,1,1,5656,14650,"(14480.0, 17855.0]"
创元科技集团有限公司001214,9.130781913505e+017,0,1,市级,,5,3,343434,3630,"(49.999, 3780.0]"
盛世贸易股份有限公司001215,9.13663e+017,0,0,县级,5,,6,5656,31030,"(27972.0, 31471.0]"
天成食品集团有限公司001216,9.132007615e+017,0,0,县级,1,2,1,-3434545,22020,"(21364.0, 24660.0]"
永泰食品有限公司001217,9.130901014610e+017,0,1,国家级,6,5,1,676767,28140,"(27972.0, 31471.0]"
启明物流股份有限公司001218,9.137851856905e+017,0,1,县级,1,4,4,6767,22770,"(21364.0, 24660.0]"
联创智能有限公司001219,9.138147237356407e+017,0,0,,4,,4,5656,29310,"(27972.0, 31471.0]"
天成物流有限责任公司001220,9.134983671e+017,1,1,县级,5,5,5,5656,23380,"(21364.0, 24660.0]"
汇通食品有限责任公司001221,9.136059563e+017,1,0,县级,4,7,7,6767,4180,"(3780.0, 7370.0]"
盛世医药集团有限公司001222,9.1377730316787192e+017,1,1,,1,2,7,343434,17600,"(14480.0, 17855.0]"
盛世科技有限公司001223,9.13054908099839e+017,1,1,,2,,3,5656,11930,"(10954.0, 14480.0]"
启明能源有限公司001224,9.1309e+017,0,1,市级,1,1,7,676767,10230,"(7370.0, 10954.0]"
中原科技有限责任公司001225,9.1362897351e+017,1,1,市级,1,6,4,-2323432,23240,"(21364.0, 24660.0]"
星河贸易股份有限公司001226,9.137712515890418e+017,0,0,县级,1,,2,-2323432,11800,"(10954.0, 14480.0]"
启明生物有限责任公司001227,9.1347909863615276e+017,1,1,,6,1,2,6767,20030,"(17855.0, 21364.0]"
鼎盛医药有限公司001228,9.1373714e+017,,0,国家级,7,6,3,-2323432,34300,"(31471.0, 35000.0]"
华信能源股份有限公司001229,9.1361e+017,0,0,国家级,6,6,5,6767,10840,"(7370.0, 10954.0]"
联创食品集团有限公司001230,9.13103414e+017,0,0,国家级,6,4,6,343434,12490,"(10954.0, 14480.0]"
盛世物流股份有限公司001231,9.1304470856094e+017,0,1,市级,,3,6,565656,6460,"(3780.0, 7370.0]"
鼎盛电子有限责任公司001232,9.13227579407e+017,,0,县级,5,1,3,565656,14530,"(14480.0, 17855.0]"
远航材料集团有限公司001233,9.13641060326753e+017,0,0,县级,1,2,1,-2323432,16150,"(14480.0, 17855.0]"
华信智能有限责任公司001234,9.1360640e+017,0,1,县级,,5,6,565,16720,"(14480.0, 17855.0]"
启明电子有限公司001235,9.13036100770e+017,0,0,市级,5,6,7,565,11170,"(10954.0, 14480.0]"
华信材料股份有限公司001236,9.13960e+017,0,0,国家级,5,2,1,565,4270,"(3780.0, 7370.0]"
瑞丰能源集团有限公司001237,9.1384965e+017,1,0,国家级,1,7,7,-2323432,18380,"(17855.0, 21364.0]"
星河机械集团有限公司001238,9.1365361977e+017,0,1,市级,7,2,1,6767,31060,"(27972.0, 31471.0]"
嘉禾贸易股份有限公司001239,9.133927687e+017,0,0,省级,3,6,2,676767,33300,"(31471.0, 35000.0]"
中原建设有限责任公司001240,9.138173579e+017,0,0,,,7,5,676767,1410,"(49.999, 3780.0]"
华泰建设有限公司001241,9.13557039e+017,0,0,国家级,3,4,2,5656,21960,"(21364.0, 24660.0]"
星河科技有限公司001242,9.1326000110156e+017,0,1,市级,4,5,3,343434,24800,"(24660.0, 27972.0]"
启明网络集团有限公司001243,9.134699086723e+017,,1,国家级,2,7,1,565656,22820,"(21364.0, 24660.0]"
中原材料集团有限公司001244,9.131882e+017,,0,县级,6,4,3,343434,29730,"(27972.0, 31471.0]"
创元医药股份有限公司001245,9.13169368e+017,0,0,县级,4,6,6,-2323432,1240,"(49.999, 3780.0]"
宏达智能有限责任公司001246,9.138267e+017,0,0,市级,7,2,,-3434545,23460,"(21364.0, 24660.0]"
瑞丰机械有限责任公司001247,9.1336868111433064e+017,0,0,县级,7,2,5,-3434545,10580,"(7370.0, 10954.0]"
鼎盛智能股份有限公司001248,9.137902591204e+017,1,1,县级,3,5,7,5656,31620,"(31471.0, 35000.0]"
嘉禾建设集团有限公司001249,9.1355999773793e+017,1,1,国家级,4,,3,6767,3010,"(49.999, 3780.0]"
永泰化工股份有限公司001250,9.1338e+017,1,1,县级,3,3,,343434,27710,"(24660.0, 27972.0]"
金鼎建设有限公司001251,9.136308292e+017,1,0,省级,1,5,7,6767,8560,"(7370.0, 10954.0]"
博雅纺织集团有限公司001252,9.136548522072019e+017,1,1,县级,,4,5,343434,3450,"(49.999, 3780.0]"
鼎盛科技有限公司001253,9.139555e+017,0,,市级,4,2,6,-2323432,8620,"(7370.0, 10954.0]"
创元食品集团有限公司001254,9.1300360e+017,1,0,省级,,3,7,676767,5320,"(3780.0, 7370.0]"
瑞丰医药股份有限公司001255,9.133916928e+017,0,0,县级,1,2,,5656,33600,"(31471.0, 35000.0]"
远航建设集团有限公司001256,9.1304544e+017,0,,县级,7,4,7,565656,29820,"(27972.0, 31471.0]"
金鼎物流有限责任公司001257,9.131764296280924e+017,0,0,国家级,,5,7,5656,22670,"(21364.0, 24660.0]"
华信科技集团有限公司001258,9.135523228058837e+017,1,0,市级,5,6,6,565,8040,"(7370.0, 10954.0]"
天成环保有限公司001259,9.13152e+017,1,1,县级,4,2,6,6767,8170,"(7370.0, 10954.0]"
宏达建设有限责任公司001260,9.138809718e+017,,1,省级,,1,3,676767,810,"(49.999, 3780.0]"
天成智能有限公司001261,9.135967577e+017,0,0,,3,3,7,565,29980,"(27972.0, 31471.0]"
华信材料股份有限公司001262,9.1389e+017,1,1,国家级,7,4,4,343434,13360,"(10954.0, 14480.0]"
启明化工有限公司001263,9.1383e+017,1,0,,3,2,7,565656,15570,"(14480.0, 17855.0]"
联创网络股份有限公司001264,9.13560e+017,0,1,市级,3,1,6,6767,34330,"(31471.0, 35000.0]"
鼎盛信息有限公司001265,9.134397630900e+017,1,1,市级,5,6,5,-3434545,21020,"(17855.0, 21364.0]"
华信环保股份有限公司001266,9.1392626543e+017,1,1,国家级,4,6,7,-2323432,11400,"(10954.0, 14480.0]"
启明科技有限公司001267,9.13996585783e+017,1,0,市级,7,2,6,676767,8620,"(7370.0, 10954.0]"
华信纺织股份有限公司001268,9.1313500788e+017,0,0,省级,3,4,6,-3434545,18180,"(17855.0, 21364.0]"
嘉禾科技有限公司001269,9.132312653273551e+017,1,0,国家级,,2,5,6767,5370,"(3780.0, 7370.0]"
星河能源有限责任公司001270,9.135570200e+017,1,,县级,2,,4,565,13550,"(10954.0, 14480.0]"
博雅物流集团有限公司001271,9.13912706507612e+017,0,0,国家级,7,3,7,565,31420,"(27972.0, 31471.0]"
天成贸易有限责任公司001272,9.1359502635607778e+017,1,0,省级,3,6,,676767,10560,"(7370.0, 10954.0]"
启明智能集团有限公司001273,9.1396269022e+017,,1,市级,5,1,7,5656,1240,"(49.999, 3780.0]"
金鼎材料有限责任公司001274,9.13120039344907e+017,1,0,县级,1,,6,343434,18980,"(17855.0, 21364.0]"
汇通智能股份有限公司001275,9.1392105307122600e+017,0,0,县级,5,6,6,6767,24140,"(21364.0, 24660.0]"
嘉禾生物股份有限公司001276,9.1328206322801269e+017,0,1,县级,4,3,5,-3434545,30160,"(27972.0, 31471.0]"
金鼎食品有限责任公司001277,9.13245257378e+017,1,1,,2,3,1,-2323432,17120,"(14480.0, 17855.0]"
星河食品有限公司001278,9.139889e+017,1,0,省级,7,5,3,-2323432,18810,"(17855.0, 21364.0]"
汇通化工有限责任公司001279,9.13700e+017,1,,,7,5,2,5656,28190,"(27972.0, 31471.0]"
鼎盛化工有限责任公司001280,9.13951279831e+017,0,1,市级,6,5,7,-3434545,28310,"(27972.0, 31471.0]"
汇通生物有限责任公司001281,9.130870170867e+017,0,0,国家级,6,1,,-2323432,23670,"(21364.0, 24660.0]"
天成纺织股份有限公司001282,9.13246105110e+017,,,国家级,4,1,2,-3434545,22490,"(21364.0, 24660.0]"
联创智能集团有限公司001283,9.139201029759974e+017,1,1,县级,1,1,2,565656,11880,"(10954.0, 14480.0]"
瑞丰智能有限公司001284,9.13164153e+017,1,,省级,6,7,3,676767,27210,"(24660.0, 27972.0]"
华泰化工有限公司001285,9.136085571749058e+017,1,1,国家级,7,4,4,-2323432,31640,"(31471.0, 35000.0]"
星河贸易股份有限公司001286,9.13450999e+017,1,1,省级,,7,5,565656,11650,"(10954.0, 14480.0]"
启明贸易有限公司001287,9.134668985932e+017,0,1,,6,1,1,565656,2370,"(49.999, 3780.0]"
星河网络集团有限公司001288,9.13642597205548e+017,0,1,国家级,6,6,7,6767,31150,"(27972.0, 31471.0]"
嘉禾电子股份有限公司001289,9.13604293e+017,1,1,市级,1,7,6,6767,29900,"(27972.0, 31471.0]"
瑞丰贸易集团有限公司001290,9.1326769889798e+017,1,1,市级,1,1,4,565656,1990,"(49.999, 3780.0]"
创元医药股份有限公司001291,9.1359e+017,1,1,国家级,7,1,,676767,25050,"(24660.0, 27972.0]"
瑞丰信息有限责任公司001292,9.1347936561156862e+017,0,0,国家级,3,2,,565656,34460,"(31471.0, 35000.0]"
宏达物流股份有限公司001293,9.1322e+017,1,1,国家级,1,3,,565656,12990,"(10954.0, 14480.0]"
博雅机械有限责任公司001294,9.13563112138e+017,0,0,县级,6,6,,-2323432,17000,"(14480.0, 17855.0]"
盛世信息股份有限公司001295,9.1335654180e+017,0,0,国家级,4,3,3,5656,20960,"(17855.0, 21364.0]"
启明机械集团有限公司001296,9.138284705203e+017,0,0,,4,3,5,6767,24180,"(21364.0, 24660.0]"
中原机械集团有限公司001297,9.1377862685272876e+017,0,,县级,2,1,4,676767,21470,"(21364.0, 24660.0]"
嘉禾能源集团有限公司001298,9.13557356e+017,0,0,县级,7,1,1,-2323432,27320,"(24660.0, 27972.0]"
永泰环保集团有限公司001299,9.1373228570424025e+017,1,1,省级,1,2,3,565656,19290,"(17855.0, 21364.0]"
嘉禾材料有限责任公司001300,9.1396467386569044e+017,1,1,省级,4,,4,6767,22900,"(21364.0, 24660.0]"
嘉禾纺织股份有限公司001301,9.1306e+017,0,1,市级,5,6,5,5656,14470,"(10954.0, 14480.0]"
星河材料集团有限公司001302,9.130339801387162e+017,0,1,国家级,,,5,343434,8500,"(7370.0, 10954.0]"
华泰电子集团有限公司001303,9.136702772e+017,,1,市级,1,1,3,-3434545,8510,"(7370.0, 10954.0]"
盛世科技有限责任公司001304,9.130553629e+017,0,1,市级,4,5,3,676767,20310,"(17855.0, 21364.0]"
天成网络有限公司001305,9.13882165119e+017,,1,市级,5,2,2,-2323432,27190,"(24660.0, 27972.0]"
瑞丰纺织集团有限公司001306,9.1388e+017,0,0,市级,7,7,2,676767,15840,"(14480.0, 17855.0]"
金鼎智能集团有限公司001307,9.1363409412180525e+017,1,0,市级,2,1,6,565656,11750,"(10954.0, 14480.0]"
盛世机械股份有限公司001308,9.1318e+017,0,0,市级,5,,6,676767,6350,"(3780.0, 7370.0]"
中原智能股份有限公司001309,9.1386127342e+017,0,,省级,3,6,1,676767,24650,"(21364.0, 24660.0]"
嘉禾环保集团有限公司001310,9.1389088819664e+017,1,0,国家级,,,3,-2323432,12550,"(10954.0, 14480.0]"
永泰物流股份有限公司001311,9.133667e+017,0,0,,5,6,3,676767,23050,"(21364.0, 24660.0]"
联创机械有限公司001312,9.130133203e+017,1,1,,6,,1,565656,32530,"(31471.0, 35000.0]"
联创纺织有限责任公司001313,9.1325723163160378e+017,,0,县级,1,5,4,-2323432,33890,"(31471.0, 35000.0]"
中原化工股份有限公司001314,9.1305e+017,1,1,省级,2,5,7,6767,2520,"(49.999, 3780.0]"
盛世信息有限公司001315,9.1309714086332343e+017,0,1,县级,7,6,1,676767,30450,"(27972.0, 31471.0]"
联创智能集团有限公司001316,9.135825854551e+017,0,0,县级,5,2,3,676767,260,"(49.999, 3780.0]"
嘉禾医药股份有限公司001317,9.1369323e+017,,0,县级,3,2,2,565,22270,"(21364.0, 24660.0]"
瑞丰物流股份有限公司001318,9.1371206e+017,0,1,省级,4,7,4,565656,29200,"(27972.0, 31471.0]"
华信电子有限责任公司001319,9.1315728143611686e+017,0,1,省级,,3,,343434,4280,"(3780.0, 7370.0]"
盛世科技有限责任公司001320,9.1354268368e+017,1,0,国家级,1,2,,-2323432,13680,"(10954.0, 14480.0]"
盛世贸易股份有限公司001321,9.1360030119622723e+017,1,1,省级,2,7,6,565656,11550,"(10954.0, 14480.0]"
星河科技股份有限公司001322,9.1393e+017,,0,,6,2,5,343434,15100,"(14480.0, 17855.0]"
金鼎能源有限责任公司001323,9.134843770062e+017,1,1,市级,1,7,3,343434,30910,"(27972.0, 31471.0]"
鼎盛食品有限责任公司001324,9.13217562e+017,1,0,国家级,3,5,3,343434,30720,"(27972.0, 31471.0]"
远航科技集团有限公司001325,9.1351638e+017,0,1,县级,6,2,4,-2323432,32120,"(31471.0, 35000.0]"
远航科技股份有限公司001326,9.1313049484e+017,0,1,省级,,1,,-3434545,29210,"(27972.0, 31471.0]"
博雅生物股份有限公司001327,9.135679813026564e+017,1,,国家级,,7,2,6767,19840,"(17855.0, 21364.0]"
星河信息有限责任公司001328,9.13079e+017,0,1,市级,6,1,7,565,19240,"(17855.0, 21364.0]"
宏达环保股份有限公司001329,9.134247388e+017,1,0,县级,3,,1,565656,20720,"(17855.0, 21364.0]"
宏达智能有限责任公司001330,9.13218e+017,0,0,县级,,4,1,-2323432,14000,"(10954.0, 14480.0]"
天成医药集团有限公司001331,9.1357164682100e+017,0,,国家级,5,4,,676767,17670,"(14480.0, 17855.0]"
中原能源集团有限公司001332,9.1370e+017,0,1,县级,4,1,5,565,17120,"(14480.0, 17855.0]"
星河装备有限责任公司001333,9.13456572676541e+017,0,1,市级,5,4,2,-3434545,14280,"(10954.0, 14480.0]"
创元环保集团有限公司001334,9.1326930326e+017,1,1,省级,1,,3,-2323432,5470,"(3780.0, 7370.0]"
宏达科技有限公司001335,9.1385224767e+017,1,1,省级,4,7,,-2323432,15650,"(14480.0, 17855.0]"
中原医药集团有限公司001336,9.137633e+017,1,1,省级,1,3,2,676767,31460,"(27972.0, 31471.0]"
博雅智能有限责任公司001337,9.1393103370089423e+017,1,0,,,7,7,676767,27660,"(24660.0, 27972.0]"
启明医药有限责任公司001338,9.136125780e+017,1,1,市级,2,7,1,343434,22060,"(21364.0, 24660.0]"
鼎盛机械有限责任公司001339,9.135442157837926e+017,,0,县级,4,5,,5656,26770,"(24660.0, 27972.0]"
嘉禾医药有限公司001340,9.1397997e+017,0,0,国家级,5,5,6,343434,21600,"(21364.0, 24660.0]"
天成材料有限公司001341,9.135066e+017,1,1,国家级,5,7,6,565656,14190,"(10954.0, 14480.0]"
嘉禾食品集团有限公司001342,9.138959e+017,0,0,市级,2,4,1,6767,33990,"(31471.0, 35000.0]"
鼎盛能源股份有限公司001343,9.13396399e+017,1,,市级,7,2,3,565,31150,"(27972.0, 31471.0]"
星河信息股份有限公司001344,9.1300210e+017,0,1,县级,4,7,3,676767,19290,"(17855.0, 21364.0]"
永泰智能集团有限公司001345,9.133487493916601e+017,,0,县级,6,2,4,-2323432,18940,"(17855.0, 21364.0]"
华泰生物集团有限公司001346,9.13785954176090e+017,0,1,市级,6,7,4,343434,30990,"(27972.0, 31471.0]"
中原机械有限责任公司001347,9.13338780528e+017,0,1,国家级,1,7,2,565656,17190,"(14480.0, 17855.0]"
嘉禾信息集团有限公司001348,9.13434509685e+017,0,1,,5,3,,676767,21700,"(21364.0, 24660.0]"
鼎盛智能有限责任公司001349,9.1343548e+017,1,0,省级,1,5,7,-3434545,11530,"(10954.0, 14480.0]"
星河医药有限责任公司001350,9.13694660e+017,1,0,县级,,2,,565,22410,"(21364.0, 24660.0]"
汇通智能集团有限公司001351,9.13503e+017,1,1,县级,4,,6,343434,17500,"(14480.0, 17855.0]"
盛世信息集团有限公司001352,9.1335286e+017,,0,市级,6,,7,-2323432,5070,"(3780.0, 7370.0]"
华信建设有限公司001353,9.134571e+017,0,0,国家级,2,7,2,343434,520,"(49.999, 3780.0]"
盛世物流有限公司001354,9.13939687186717e+017,0,1,省级,2,6,,676767,14640,"(14480.0, 17855.0]"
天成建设股份有限公司001355,9.131961293321349e+017,1,,,6,7,7,-2323432,29350,"(27972.0, 31471.0]"
嘉禾贸易股份有限公司001356,9.137480e+017,1,0,省级,7,7,4,6767,21430,"(21364.0, 24660.0]"
天成材料股份有限公司001357,9.137121186e+017,0,0,国家级,,2,4,6767,34050,"(31471.0, 35000.0]"
宏达医药有限公司001358,9.135598e+017,1,,省级,7,6,7,565,34610,"(31471.0, 35000.0]"
华信建设股份有限公司001359,9.13196804505211e+017,0,0,国家级,7,5,6,5656,28760,"(27972.0, 31471.0]"
瑞丰食品有限公司001360,9.131971408346e+017,1,,,7,1,5,-3434545,10410,"(7370.0, 10954.0]"
瑞丰科技股份有限公司001361,9.1398398590e+017,1,,省级,7,,,-2323432,18750,"(17855.0, 21364.0]"
博雅科技集团有限公司001362,9.13847669195301e+017,1,1,,3,4,6,565,17700,"(14480.0, 17855.0]"
鼎盛网络股份有限公司001363,9.1311662866e+017,0,1,省级,6,5,,5656,32090,"(31471.0, 35000.0]"
星河物流股份有限公司001364,9.136277402e+017,0,1,,5,6,6,6767,26690,"(24660.0, 27972.0]"
鼎盛环保有限公司001365,9.135894961721e+017,1,0,,,2,3,-3434545,33950,"(31471.0, 35000.0]"
启明电子有限责任公司001366,9.1305993423e+017,0,,国家级,6,3,1,565,4920,"(3780.0, 7370.0]"
汇通电子有限公司001367,9.1387834377982402e+017,0,1,省级,3,2,7,676767,28650,"(27972.0, 31471.0]"
华信建设有限公司001368,9.1396242657896355e+017,1,1,市级,4,5,6,5656,20620,"(17855.0, 21364.0]"
联创网络有限责任公司001369,9.13422535e+017,,1,省级,2,3,,-3434545,30720,"(27972.0, 31471.0]"
博雅信息股份有限公司001370,9.130476e+017,1,1,省级,1,3,2,565656,21640,"(21364.0, 24660.0]"
创元环保股份有限公司001371,9.133136859e+017,0,0,国家级,3,6,,-2323432,27290,"(24660.0, 27972.0]"
宏达建设有限公司001372,9.1361e+017,1,1,县级,4,6,1,-3434545,10830,"(7370.0, 10954.0]"
联创物流有限公司001373,9.13533349729697e+017,,0,市级,6,3,,565,32640,"(31471.0, 35000.0]"
嘉禾食品有限公司001374,9.138881786021599e+017,0,1,县级,5,3,5,676767,33380,"(31471.0, 35000.0]"
永泰物流集团有限公司001375,9.132395e+017,1,,县级,,3,1,343434,8670,"(7370.0, 10954.0]"
嘉禾纺织有限责任公司001376,9.13774070366e+017,1,1,国家级,3,6,5,565656,16280,"(14480.0, 17855.0]"
博雅生物集团有限公司001377,9.13938e+017,1,0,市级,4,2,5,6767,4970,"(3780.0, 7370.0]"
远航贸易股份有限公司001378,9.1320666048531e+017,0,1,市级,4,7,2,565,500,"(49.999, 3780.0]"
中原贸易有限公司001379,9.134210e+017,1,1,国家级,5,,5,-2323432,32740,"(31471.0, 35000.0]"
启明物流有限公司001380,9.136595585942193e+017,1,0,省级,3,6,7,5656,25680,"(24660.0, 27972.0]"
华泰食品股份有限公司001381,9.13759358613e+017,,1,国家级,2,4,4,676767,16420,"(14480.0, 17855.0]"
远航智能股份有限公司001382,9.1372339907615001e+017,,0,国家级,7,,5,6767,32790,"(31471.0, 35000.0]"
金鼎材料有限公司001383,9.138616479049915e+017,1,0,县级,6,3,2,676767,10760,"(7370.0, 10954.0]"
博雅医药股份有限公司001384,9.136432e+017,0,1,县级,4,1,,565,32850,"(31471.0, 35000.0]"
天成纺织集团有限公司001385,9.137701e+017,0,1,国家级,3,,7,565656,14960,"(14480.0, 17855.0]"
金鼎食品有限责任公司001386,9.1388886108e+017,1,1,市级,6,6,6,565656,16990,"(14480.0, 17855.0]"
永泰食品有限责任公司001387,9.13702632e+017,1,1,市级,7,7,7,565,28590,"(27972.0, 31471.0]"
瑞丰纺织有限公司001388,9.135347450e+017,0,1,县级,6,4,4,-2323432,10670,"(7370.0, 10954.0]"
宏达电子有限责任公司001389,9.1337e+017,1,0,县级,5,6,5,-3434545,12940,"(10954.0, 14480.0]"
永泰智能有限公司001390,9.1369648e+017,0,1,国家级,2,2,3,565656,23820,"(21364.0, 24660.0]"
鼎盛医药集团有限公司001391,9.1340510265838796e+017,0,1,县级,,7,1,5656,29610,"(27972.0, 31471.0]"
星河能源集团有限公司001392,9.137399e+017,1,1,国家级,3,7,4,565,30580,"(27972.0, 31471.0]"
中原环保股份有限公司001393,9.1381951648497797e+017,0,0,国家级,7,1,1,565,20080,"(17855.0, 21364.0]"
联创信息集团有限公司001394,9.130526027e+017,0,1,,3,3,6,343434,28960,"(27972.0, 31471.0]"
博雅能源股份有限公司001395,9.13391e+017,0,1,市级,6,6,1,343434,24610,"(21364.0, 24660.0]"
华泰建设有限责任公司001396,9.138079106510640e+017,,1,市级,6,2,2,565,20550,"(17855.0, 21364.0]"
天成纺织集团有限公司001397,9.1354044927e+017,0,0,县级,5,,3,676767,31530,"(31471.0, 35000.0]"
中原装备有限责任公司001398,9.139844408895930e+017,0,0,市级,7,4,3,-3434545,3430,"(49.999, 3780.0]"
永泰环保集团有限公司001399,9.1399663309235e+017,1,0,国家级,2,5,1,343434,6560,"(3780.0, 7370.0]"
华泰医药集团有限公司001400,9.1312e+017,1,,,7,7,1,343434,28010,"(27972.0, 31471.0]"
启明网络有限公司001401,9.13810930e+017,1,1,省级,6,2,7,-3434545,15790,"(14480.0, 17855.0]"
创元电子有限责任公司001402,9.13538151827238e+017,0,1,市级,4,4,2,343434,21570,"(21364.0, 24660.0]"
启明信息有限公司001403,9.135903081e+017,1,1,市级,5,7,6,565656,17200,"(14480.0, 17855.0]"
启明生物有限责任公司001404,9.1315089244640e+017,0,0,县级,,7,7,-3434545,12090,"(10954.0, 14480.0]"
盛世信息有限公司001405,9.1382e+017,0,1,县级,3,5,7,565656,15130,"(14480.0, 17855.0]"
创元医药股份有限公司001406,9.134937e+017,1,0,市级,3,7,3,-3434545,4860,"(3780.0, 7370.0]"
华泰电子有限公司001407,9.1362395671e+017,0,0,国家级,5,5,5,565656,17090,"(14480.0, 17855.0]"
创元网络股份有限公司001408,9.137653e+017,0,1,省级,4,5,1,565656,5120,"(3780.0, 7370.0]"
远航贸易有限责任公司001409,9.1355621683357e+017,1,0,市级,6,1,3,565,9900,"(7370.0, 10954.0]"
远航医药有限公司001410,9.13155785219e+017,1,0,县级,7,,4,676767,2130,"(49.999, 3780.0]"
启明生物有限责任公司001411,9.13010558391115e+017,0,0,,,6,5,676767,21250,"(17855.0, 21364.0]"
星河智能有限公司001412,9.13388782188938e+017,1,1,县级,6,2,5,5656,20520,"(17855.0, 21364.0]"
嘉禾能源有限责任公司001413,9.131242664742e+017,1,0,省级,4,3,,6767,370,"(49.999, 3780.0]"
盛世信息有限公司001414,9.13877449924687e+017,0,1,省级,7,7,2,-3434545,32190,"(31471.0, 35000.0]"
创元医药有限责任公司001415,9.1326e+017,0,1,县级,,3,4,343434,26820,"(24660.0, 27972.0]"
创元能源集团有限公司001416,9.13687220e+017,0,0,,1,5,2,5656,32430,"(31471.0, 35000.0]"
启明科技股份有限公司001417,9.133045596576e+017,1,1,,6,2,4,-3434545,29000,"(27972.0, 31471.0]"
中原电子有限责任公司001418,9.1343632705614e+017,1,1,,,,4,565,19660,"(17855.0, 21364.0]"
华信贸易集团有限公司001419,9.1335e+017,0,0,市级,,6,4,-2323432,29350,"(27972.0, 31471.0]"
嘉禾科技有限公司001420,9.131432298766e+017,0,1,国家级,7,3,2,6767,34950,"(31471.0, 35000.0]"
启明材料股份有限公司001421,9.1305e+017,0,0,市级,2,,1,565,30520,"(27972.0, 31471.0]"
创元装备有限公司001422,9.132599611435830e+017,1,0,县级,5,4,,-3434545,34750,"(31471.0, 35000.0]"
华信化工股份有限公司001423,9.13537147e+017,0,,,1,,5,6767,5780,"(3780.0, 7370.0]"
鼎盛环保集团有限公司001424,9.1336165e+017,1,1,市级,4,,4,-3434545,14440,"(10954.0, 14480.0]"
联创环保集团有限公司001425,9.13510056870e+017,1,1,国家级,,4,1,6767,16640,"(14480.0, 17855.0]"
永泰智能集团有限公司001426,9.133933054e+017,1,1,县级,1,1,4,-2323432,24570,"(21364.0, 24660.0]"
星河网络有限责任公司001427,9.136468e+017,1,1,,4,,1,-2323432,9350,"(7370.0, 10954.0]"
嘉禾信息有限公司001428,9.1351093346533633e+017,0,1,省级,,7,1,-2323432,12530,"(10954.0, 14480.0]"
宏达纺织股份有限公司001429,9.1321e+017,,1,国家级,1,5,1,-3434545,10840,"(7370.0, 10954.0]"
永泰装备有限公司001430,9.13856817697e+017,,0,省级,6,5,6,676767,9220,"(7370.0, 10954.0]"
汇通化工集团有限公司001431,9.1317936e+017,1,0,市级,1,1,6,-2323432,14920,"(14480.0, 17855.0]"
创元科技集团有限公司001432,9.137076509e+017,1,0,市级,4,6,3,6767,14580,"(14480.0, 17855.0]"
鼎盛材料有限公司001433,9.136801093609e+017,0,0,国家级,,6,,-2323432,5320,"(3780.0, 7370.0]"
金鼎贸易股份有限公司001434,9.13770149726e+017,0,0,市级,1,2,4,5656,21650,"(21364.0, 24660.0]"
天成化工有限公司001435,9.1322051356397e+017,1,0,国家级,3,4,6,343434,24400,"(21364.0, 24660.0]"
联创医药有限责任公司001436,9.131821774874e+017,1,0,市级,4,3,6,565,26220,"(24660.0, 27972.0]"
华信智能有限责任公司001437,9.130193e+017,0,1,,2,3,5,565656,30840,"(27972.0, 31471.0]"
天成能源有限公司001438,9.1313878e+017,,1,县级,1,5,5,676767,8680,"(7370.0, 10954.0]"
瑞丰生物股份有限公司001439,9.13781128e+017,0,0,,3,2,,676767,24550,"(21364.0, 24660.0]"
华泰信息股份有限公司001440,9.130394750e+017,1,1,县级,5,,5,343434,18090,"(17855.0, 21364.0]"
盛世医药有限责任公司001441,9.1381157e+017,,0,县级,4,1,6,565,12410,"(10954.0, 14480.0]"
华泰贸易股份有限公司001442,9.139433e+017,0,1,县级,,7,5,-3434545,15330,"(14480.0, 17855.0]"
瑞丰电子有限公司001443,9.1310e+017,1,1,县级,,5,2,676767,23770,"(21364.0, 24660.0]"
汇通信息股份有限公司001444,9.1391329357538e+017,1,0,市级,3,5,,-2323432,21530,"(21364.0, 24660.0]"
中原机械集团有限公司001445,9.1324554620e+017,0,0,市级,7,4,1,6767,34330,"(31471.0, 35000.0]"
华泰能源有限责任公司001446,9.1346609e+017,1,1,国家级,2,5,4,-2323432,3460,"(49.999, 3780.0]"
星河纺织有限责任公司001447,9.13635e+017,,0,国家级,,7,5,6767,3200,"(49.999, 3780.0]"
盛世食品有限责任公司001448,9.13185413336650e+017,0,0,县级,3,4,1,-3434545,1750,"(49.999, 3780.0]"
嘉禾智能有限公司001449,9.135249221911429e+017,1,1,国家级,,6,6,676767,19440,"(17855.0, 21364.0]"
永泰物流有限责任公司001450,9.136520e+017,0,0,市级,7,3,4,6767,23850,"(21364.0, 24660.0]"
启明信息股份有限公司001451,9.1359481827e+017,0,0,县级,1,5,6,-3434545,25370,"(24660.0, 27972.0]"
华信科技集团有限公司001452,9.1321801130852315e+017,1,0,省级,5,4,3,565,23670,"(21364.0, 24660.0]"
鼎盛智能股份有限公司001453,9.13132025342e+017,0,1,县级,6,,6,-2323432,10360,"(7370.0, 10954.0]"
嘉禾装备股份有限公司001454,9.136740877210752e+017,1,,省级,3,5,2,-3434545,26030,"(24660.0, 27972.0]"
联创网络有限责任公司001455,9.1372542654168939e+017,0,1,省级,,6,7,-3434545,29320,"(27972.0, 31471.0]"
启明医药股份有限公司001456,9.13327868070423e+017,1,1,,6,5,7,-3434545,32610,"(31471.0, 35000.0]"
博雅材料集团有限公司001457,9.133470507e+017,0,,市级,5,,4,5656,24340,"(21364.0, 24660.0]"
创元材料集团有限公司001458,9.130595194845e+017,1,0,市级,2,4,4,676767,17030,"(14480.0, 17855.0]"
天成机械有限公司001459,9.1363511096745e+017,0,1,市级,7,2,6,-2323432,2800,"(49.999, 3780.0]"
创元能源有限责任公司001460,9.136787e+017,0,0,省级,7,1,4,343434,5880,"(3780.0, 7370.0]"
宏达贸易有限责任公司001461,9.13752112759637e+017,,1,省级,2,,7,343434,33470,"(31471.0, 35000.0]"
盛世电子有限公司001462,9.1338e+017,0,0,县级,1,5,,-3434545,17740,"(14480.0, 17855.0]"
远航材料有限责任公司001463,9.1381e+017,,1,国家级,,1,,565656,6310,"(3780.0, 7370.0]"
联创建设集团有限公司001464,9.13204347433442e+017,,,国家级,5,7,2,565,11580,"(10954.0, 14480.0]"
宏达科技有限责任公司001465,9.137942072e+017,0,1,,7,,,343434,5040,"(3780.0, 7370.0]"
嘉禾生物股份有限公司001466,9.138776775138771e+017,0,0,省级,4,,5,6767,24620,"(21364.0, 24660.0]"
瑞丰科技有限责任公司001467,9.138681734188079e+017,1,0,国家级,1,4,3,565656,24090,"(21364.0, 24660.0]"
盛世能源股份有限公司001468,9.132054493392719e+017,1,1,市级,7,3,,565656,22140,"(21364.0, 24660.0]"
永泰纺织有限责任公司001469,9.130555e+017,1,1,国家级,,1,,5656,14590,"(14480.0, 17855.0]"
博雅网络有限公司001470,9.1300720409471124e+017,1,1,县级,4,5,5,-2323432,24120,"(21364.0, 24660.0]"
联创材料股份有限公司001471,9.13426244e+017,,1,县级,,1,3,343434,16790,"(14480.0, 17855.0]"
宏达智能有限责任公司001472,9.13044307324e+017,1,1,市级,,1,4,-2323432,9500,"(7370.0, 10954.0]"
华信纺织股份有限公司001473,9.1398992469247e+017,0,0,,7,,7,5656,21070,"(17855.0, 21364.0]"
鼎盛贸易有限公司001474,9.131275917003e+017,1,1,省级,7,,1,5656,14680,"(14480.0, 17855.0]"
盛世医药股份有限公司001475,9.135123e+017,,1,,7,,7,-2323432,32080,"(31471.0, 35000.0]"
永泰环保有限公司001476,9.132214426e+017,1,0,市级,,,1,565,16510,"(14480.0, 17855.0]"
盛世机械有限责任公司001477,9.132618455375826e+017,0,,国家级,,7,1,565,4500,"(3780.0, 7370.0]"
宏达贸易有限公司001478,9.133528805075078e+017,0,1,市级,1,,3,565,24340,"(21364.0, 24660.0]"
瑞丰机械有限责任公司001479,9.1364930464006e+017,0,0,,2,3,4,565656,19810,"(17855.0, 21364.0]"
嘉禾贸易有限责任公司001480,9.13609121040725e+017,1,1,,3,7,4,5656,32210,"(31471.0, 35000.0]"
瑞丰纺织有限公司001481,9.13926251743e+017,0,0,,1,5,7,676767,34550,"(31471.0, 35000.0]"
启明信息有限责任公司001482,9.13278952e+017,0,1,市级,6,6,3,565,26040,"(24660.0, 27972.0]"
天成纺织有限公司001483,9.137317e+017,1,0,国家级,3,3,6,6767,29180,"(27972.0, 31471.0]"
永泰化工集团有限公司001484,9.13617640404e+017,1,,省级,,6,1,676767,24610,"(21364.0, 24660.0]"
创元生物集团有限公司001485,9.1374e+017,1,0,省级,,1,,5656,5610,"(3780.0, 7370.0]"
瑞丰医药集团有限公司001486,9.13732783969215e+017,,0,县级,4,3,5,6767,28680,"(27972.0, 31471.0]"
鼎盛科技集团有限公司001487,9.13155731052e+017,0,,县级,1,6,6,-3434545,23360,"(21364.0, 24660.0]"
宏达物流集团有限公司001488,9.1373414850275e+017,0,1,,1,2,4,-2323432,34030,"(31471.0, 35000.0]"
华信信息有限责任公司001489,9.132395960e+017,0,0,县级,4,1,6,343434,6460,"(3780.0, 7370.0]"
嘉禾信息有限公司001490,9.1360941750241300e+017,1,1,市级,4,7,2,565656,610,"(49.999, 3780.0]"
华信机械有限责任公司001491,9.1349e+017,1,0,市级,3,5,1,6767,23600,"(21364.0, 24660.0]"
远航网络有限公司001492,9.13384504e+017,1,1,市级,4,4,1,565,5160,"(3780.0, 7370.0]"
鼎盛纺织有限责任公司001493,9.1378e+017,1,1,县级,5,7,,343434,32160,"(31471.0, 35000.0]"
中原机械有限公司001494,9.137939789537e+017,,0,省级,,4,4,343434,6240,"(3780.0, 7370.0]"
瑞丰能源股份有限公司001495,9.130470407936e+017,,1,省级,4,3,5,6767,6080,"(3780.0, 7370.0]"
博雅装备集团有限公司001496,9.137125672e+017,0,,市级,,7,2,-3434545,29750,"(27972.0, 31471.0]"
鼎盛化工有限公司001497,9.1398e+017,0,1,省级,7,3,6,-2323432,13990,"(10954.0, 14480.0]"
鼎盛科技集团有限公司001498,9.139856e+017,1,1,县级,6,1,,-2323432,10120,"(7370.0, 10954.0]"
华信电子集团有限公司001499,9.1370049e+017,0,1,市级,6,1,1,565656,15500,"(14480.0, 17855.0]"
华泰食品集团有限公司001500,9.13577e+017,1,1,市级,1,6,4,5656,28820,"(27972.0, 31471.0]"
汇通电子集团有限公司001501,9.13853141988e+017,1,0,,,2,5,6767,12640,"(10954.0, 14480.0]"
博雅物流有限责任公司001502,9.1300713204484e+017,1,,,2,2,5,565656,21510,"(21364.0, 24660.0]"
宏达材料有限公司001503,9.1345767765e+017,1,1,市级,6,,3,5656,24170,"(21364.0, 24660.0]"
创元食品有限责任公司001504,9.135217504e+017,1,1,县级,1,,6,565,14050,"(10954.0, 14480.0]"
星河食品集团有限公司001505,9.1387386400672e+017,1,1,国家级,2,,6,343434,28400,"(27972.0, 31471.0]"
宏达能源有限公司001506,9.13118e+017,1,1,市级,3,,6,565656,23260,"(21364.0, 24660.0]"
盛世材料有限责任公司001507,9.1369745e+017,1,0,县级,3,6,2,676767,4320,"(3780.0, 7370.0]"
鼎盛食品股份有限公司001508,9.1338958e+017,1,0,省级,6,6,6,5656,14340,"(10954.0, 14480.0]"
中原网络有限责任公司001509,9.1394762936e+017,1,1,县级,1,5,5,565656,31790,"(31471.0, 35000.0]"
汇通建设集团有限公司001510,9.13719095203872e+017,0,0,市级,2,5,5,-2323432,2040,"(49.999, 3780.0]"
瑞丰食品集团有限公司001511,9.130165e+017,1,0,,6,3,4,6767,12530,"(10954.0, 14480.0]"
汇通电子有限公司001512,9.1307559e+017,,1,,3,2,3,565,22100,"(21364.0, 24660.0]"
金鼎医药集团有限公司001513,9.138099e+017,,1,市级,5,7,1,676767,15160,"(14480.0, 17855.0]"
博雅能源有限责任公司001514,9.133277376554761e+017,1,1,省级,,,,565,22870,"(21364.0, 24660.0]"
中原食品有限公司001515,9.133939294e+017,0,0,国家级,5,3,1,343434,16000,"(14480.0, 17855.0]"
中原智能股份有限公司001516,9.1389582477339e+017,0,0,国家级,2,7,6,343434,2120,"(49.999, 3780.0]"
盛世纺织有限公司001517,9.13211622e+017,0,1,市级,2,3,5,-2323432,14900,"(14480.0, 17855.0]"
鼎盛电子有限责任公司001518,9.13329691e+017,1,0,县级,1,7,4,6767,8880,"(7370.0, 10954.0]"
启明纺织有限责任公司001519,9.13710933853000e+017,0,1,省级,4,5,2,5656,1970,"(49.999, 3780.0]"
中原物流股份有限公司001520,9.138470e+017,0,1,省级,6,4,3,565,22640,"(21364.0, 24660.0]"
远航材料有限责任公司001521,9.13635175e+017,1,0,,7,6,7,565656,21690,"(21364.0, 24660.0]"
中原科技股份有限公司001522,9.1303e+017,0,1,县级,4,4,7,565,23800,"(21364.0, 24660.0]"
盛世材料有限责任公司001523,9.135795372e+017,0,,国家级,,1,2,5656,5280,"(3780.0, 7370.0]"
宏达装备集团有限公司001524,9.139821e+017,0,0,省级,3,2,,676767,3220,"(49.999, 3780.0]"
远航化工集团有限公司001525,9.134076953908e+017,1,0,市级,5,5,,5656,27640,"(24660.0, 27972.0]"
远航化工股份有限公司001526,9.1369483609e+017,1,1,市级,4,,4,-2323432,12770,"(10954.0, 14480.0]"
联创智能股份有限公司001527,9.1392325727e+017,0,1,县级,5,5,7,6767,6810,"(3780.0, 7370.0]"
宏达电子有限责任公司001528,9.1366105149e+017,,0,县级,4,6,4,5656,32030,"(31471.0, 35000.0]"
博雅电子有限责任公司001529,9.1340395186956e+017,0,1,省级,7,5,4,676767,25280,"(24660.0, 27972.0]"
永泰电子股份有限公司001530,9.1391237793e+017,,0,,,2,1,676767,30400,"(27972.0, 31471.0]"
华信贸易集团有限公司001531,9.1313363e+017,0,0,,1,3,1,565656,9890,"(7370.0, 10954.0]"
华信智能有限责任公司001532,9.1303177569000e+017,0,0,县级,1,1,4,676767,1480,"(49.999, 3780.0]"
启明装备有限公司001533,9.131547469e+017,0,0,,7,3,5,565656,9000,"(7370.0, 10954.0]"
宏达信息有限公司001534,9.133491232160e+017,0,0,国家级,2,2,7,6767,1950,"(49.999, 3780.0]"
创元环保集团有限公司001535,9.13311e+017,1,1,省级,6,3,4,676767,14830,"(14480.0, 17855.0]"
鼎盛纺织有限公司001536,9.13678e+017,1,0,国家级,2,4,1,5656,3460,"(49.999, 3780.0]"
博雅环保有限责任公司001537,9.13753e+017,0,0,,7,2,2,565,7030,"(3780.0, 7370.0]"
金鼎信息有限责任公司001538,9.135284677037e+017,1,,国家级,,6,4,676767,13140,"(10954.0, 14480.0]"
启明能源有限责任公司001539,9.130172727e+017,1,0,,1,4,3,676767,13960,"(10954.0, 14480.0]"
瑞丰建设股份有限公司001540,9.1368019e+017,0,0,县级,,,,343434,7960,"(7370.0, 10954.0]"
汇通材料股份有限公司001541,9.1364e+017,1,1,县级,6,6,7,343434,32890,"(31471.0, 35000.0]"
金鼎机械有限责任公司001542,9.131388190114e+017,1,1,县级,2,7,,5656,30280,"(27972.0, 31471.0]"
华信装备有限公司001543,9.1321764517702e+017,0,0,市级,1,,5,565,1230,"(49.999, 3780.0]"
创元环保有限责任公司001544,9.13928489873587e+017,0,0,省级,4,2,,-3434545,7810,"(7370.0, 10954.0]"
金鼎能源股份有限公司001545,9.13639846484427e+017,0,0,县级,6,6,2,-3434545,10490,"(7370.0, 10954.0]"
华泰化工集团有限公司001546,9.1327353340620166e+017,0,0,,2,,6,5656,27140,"(24660.0, 27972.0]"
永泰化工集团有限公司001547,9.1388623357044455e+017,0,1,市级,6,6,2,343434,17070,"(14480.0, 17855.0]"
盛世装备有限责任公司001548,9.131884e+017,0,1,国家级,,3,5,343434,23300,"(21364.0, 24660.0]"
博雅电子股份有限公司001549,9.13299872e+017,1,0,县级,2,1,4,343434,20160,"(17855.0, 21364.0]"
天成材料集团有限公司001550,9.13792305e+017,1,0,省级,3,,3,-2323432,10740,"(7370.0, 10954.0]"
联创生物股份有限公司001551,9.134301e+017,1,0,,6,2,3,-2323432,9820,"(7370.0, 10954.0]"
华信网络有限公司001552,9.137906506147e+017,0,0,省级,4,5,2,6767,12720,"(10954.0, 14480.0]"
星河智能股份有限公司001553,9.138986e+017,0,0,国家级,6,1,1,343434,31240,"(27972.0, 31471.0]"
华泰化工股份有限公司001554,9.1397842001414e+017,1,,县级,3,5,2,565656,34880,"(31471.0, 35000.0]"
天成智能有限责任公司001555,9.139947576379829e+017,,1,县级,2,7,,676767,14540,"(14480.0, 17855.0]"
天成医药有限责任公司001556,9.138150439035602e+017,1,1,县级,4,1,6,-2323432,1700,"(49.999, 3780.0]"
金鼎装备有限责任公司001557,9.13210e+017,0,0,省级,7,2,6,565,16130,"(14480.0, 17855.0]"
星河信息有限责任公司001558,9.1393565352437795e+017,0,1,市级,1,,3,-3434545,12060,"(10954.0, 14480.0]"
天成网络有限责任公司001559,9.13225e+017,1,,县级,4,4,3,6767,30740,"(27972.0, 31471.0]"
瑞丰食品有限责任公司001560,9.133967e+017,1,0,省级,7,4,6,-3434545,25490,"(24660.0, 27972.0]"
汇通网络有限责任公司001561,9.136957e+017,1,,省级,,,3,565656,14070,"(10954.0, 14480.0]"
创元食品集团有限公司001562,9.1340e+017,1,1,省级,4,3,3,5656,12840,"(10954.0, 14480.0]"
启明智能股份有限公司001563,9.139338041e+017,0,,省级,,5,4,676767,5940,"(3780.0, 7370.0]"
宏达食品股份有限公司001564,9.1320e+017,,1,国家级,1,3,1,343434,12390,"(10954.0, 14480.0]"
华泰纺织股份有限公司001565,9.1365764e+017,1,1,国家级,1,4,6,343434,20470,"(17855.0, 21364.0]"
华信物流有限公司001566,9.136939e+017,1,0,省级,5,7,2,676767,30320,"(27972.0, 31471.0]"
远航信息有限责任公司001567,9.130702640e+017,1,,县级,2,1,6,343434,2910,"(49.999, 3780.0]"
联创食品集团有限公司001568,9.13648e+017,0,1,县级,3,1,3,565656,20810,"(17855.0, 21364.0]"
联创智能有限责任公司001569,9.130235e+017,0,0,省级,,5,4,343434,33840,"(31471.0, 35000.0]"
汇通化工有限责任公司001570,9.1391945644645e+017,0,,国家级,5,7,3,6767,14720,"(14480.0, 17855.0]"
盛世电子股份有限公司001571,9.1318e+017,1,1,国家级,3,7,4,565,15010,"(14480.0, 17855.0]"
中原装备集团有限公司001572,9.1350280041770734e+017,,0,国家级,4,1,5,565,9400,"(7370.0, 10954.0]"
鼎盛电子有限责任公司001573,9.13527542832e+017,1,1,市级,1,5,7,5656,3640,"(49.999, 3780.0]"
盛世贸易股份有限公司001574,9.13616689409363e+017,1,0,市级,4,,3,5656,4540,"(3780.0, 7370.0]"
博雅网络有限责任公司001575,9.131825696e+017,0,0,县级,1,1,5,565656,7740,"(7370.0, 10954.0]"
联创生物有限责任公司001576,9.137989631963e+017,0,1,市级,7,3,7,5656,15930,"(14480.0, 17855.0]"
汇通食品有限责任公司001577,9.133012e+017,1,0,县级,5,2,3,343434,30020,"(27972.0, 31471.0]"
金鼎信息有限责任公司001578,9.13536062230635e+017,1,1,市级,7,5,7,565,19160,"(17855.0, 21364.0]"
金鼎环保集团有限公司001579,9.132730324827463e+017,1,0,,2,5,,6767,12250,"(10954.0, 14480.0]"
盛世信息股份有限公司001580,9.131853e+017,0,0,省级,1,7,1,343434,17630,"(14480.0, 17855.0]"
鼎盛化工集团有限公司001581,9.1394728132e+017,1,1,市级,4,,2,676767,17410,"(14480.0, 17855.0]"
瑞丰建设集团有限公司001582,9.13535313245e+017,0,1,市级,2,4,6,343434,27240,"(24660.0, 27972.0]"
星河贸易股份有限公司001583,9.137807126524e+017,1,0,省级,5,1,7,676767,10270,"(7370.0, 10954.0]"
瑞丰纺织股份有限公司001584,9.13649136165e+017,1,1,省级,5,2,,5656,4990,"(3780.0, 7370.0]"
金鼎网络有限责任公司001585,9.134943457766e+017,0,0,县级,1,6,3,-3434545,23130,"(21364.0, 24660.0]"
天成贸易股份有限公司001586,9.137832395936019e+017,,,,1,1,5,-3434545,28610,"(27972.0, 31471.0]"
创元建设集团有限公司001587,9.1333e+017,0,,县级,6,1,4,565656,18000,"(17855.0, 21364.0]"
宏达机械有限责任公司001588,9.133656707190e+017,1,1,市级,4,4,1,676767,18220,"(17855.0, 21364.0]"
永泰能源有限公司001589,9.1349095468e+017,1,0,国家级,5,,3,5656,18500,"(17855.0, 21364.0]"
博雅食品股份有限公司001590,9.135478e+017,0,1,,,7,2,343434,5640,"(3780.0, 7370.0]"
金鼎环保有限公司001591,9.13900e+017,1,1,县级,7,1,5,676767,31530,"(31471.0, 35000.0]"
宏达环保有限责任公司001592,9.13319e+017,1,1,,6,4,7,676767,23490,"(21364.0, 24660.0]"
博雅贸易有限公司001593,9.13190e+017,0,1,国家级,1,2,5,6767,26860,"(24660.0, 27972.0]"
星河能源集团有限公司001594,9.1388767e+017,1,0,县级,6,1,3,-3434545,25500,"(24660.0, 27972.0]"
永泰装备集团有限公司001595,9.137443081836e+017,0,0,县级,,2,7,6767,26570,"(24660.0, 27972.0]"
远航生物有限公司001596,9.135133117860e+017,1,1,县级,4,2,1,6767,14310,"(10954.0, 14480.0]"
星河能源有限公司001597,9.138757e+017,,0,国家级,6,7,5,-2323432,31310,"(27972.0, 31471.0]"
瑞丰装备集团有限公司001598,9.1355713649e+017,1,1,国家级,4,5,5,565,7000,"(3780.0, 7370.0]"
远航信息集团有限公司001599,9.132699018e+017,1,0,市级,3,3,3,565656,12350,"(10954.0, 14480.0]"
远航食品股份有限公司001600,9.1350e+017,1,0,省级,2,5,1,676767,17570,"(14480.0, 17855.0]"
联创科技股份有限公司001601,9.1334e+017,1,0,省级,1,2,3,-3434545,7310,"(3780.0, 7370.0]"
联创信息集团有限公司001602,9.1338803242e+017,,0,县级,2,3,,5656,13860,"(10954.0, 14480.0]"
永泰装备有限公司001603,9.1385478e+017,1,0,国家级,5,6,4,676767,7410,"(7370.0, 10954.0]"
博雅能源集团有限公司001604,9.130625394185e+017,1,,省级,1,2,5,676767,3740,"(49.999, 3780.0]"
金鼎医药集团有限公司001605,9.132673549047e+017,1,0,县级,1,,2,343434,9250,"(7370.0, 10954.0]"
嘉禾食品有限责任公司001606,9.1343476088e+017,0,0,县级,,6,1,565,7120,"(3780.0, 7370.0]"
宏达建设有限责任公司001607,9.1301726280e+017,0,1,国家级,4,6,,565,8330,"(7370.0, 10954.0]"
宏达电子集团有限公司001608,9.13031016636622e+017,1,1,市级,7,4,1,-3434545,17790,"(14480.0, 17855.0]"
天成材料有限公司001609,9.13084861066002e+017,1,1,国家级,4,7,2,565656,23590,"(21364.0, 24660.0]"
鼎盛网络有限责任公司001610,9.13106678e+017,1,1,省级,3,3,7,6767,4380,"(3780.0, 7370.0]"
启明医药有限责任公司001611,9.13407110e+017,1,,省级,1,1,6,-2323432,8710,"(7370.0, 10954.0]"
瑞丰生物有限责任公司001612,9.1333171e+017,1,1,国家级,3,,4,6767,3910,"(3780.0, 7370.0]"
启明生物有限公司001613,9.132089521e+017,1,0,省级,3,5,1,5656,7410,"(7370.0, 10954.0]"
宏达网络有限责任公司001614,9.139139430325027e+017,1,0,省级,2,1,,565,30220,"(27972.0, 31471.0]"
瑞丰医药有限责任公司001615,9.138580e+017,0,0,市级,,6,4,565,14580,"(14480.0, 17855.0]"
盛世建设有限责任公司001616,9.1348e+017,1,1,,5,2,5,6767,21150,"(17855.0, 21364.0]"
远航电子股份有限公司001617,9.1339117174003e+017,1,1,县级,2,,,565656,10410,"(7370.0, 10954.0]"
金鼎纺织集团有限公司001618,9.1366047e+017,1,0,国家级,7,3,5,676767,15490,"(14480.0, 17855.0]"
远航建设有限责任公司001619,9.1393516e+017,0,1,县级,5,3,2,5656,27830,"(24660.0, 27972.0]"
中原医药股份有限公司001620,9.13817524813e+017,1,1,省级,4,5,2,676767,4090,"(3780.0, 7370.0]"
宏达贸易集团有限公司001621,9.136088532987340e+017,,1,市级,7,1,5,-3434545,14700,"(14480.0, 17855.0]"
星河电子有限公司001622,9.1367819456597e+017,1,,国家级,3,2,6,565,19020,"(17855.0, 21364.0]"
华信环保有限公司001623,9.13175694e+017,,0,县级,1,2,4,343434,34820,"(31471.0, 35000.0]"
博雅能源股份有限公司001624,9.1341104e+017,1,1,国家级,6,5,4,5656,18990,"(17855.0, 21364.0]"
华信智能股份有限公司001625,9.1389885249919608e+017,,1,市级,3,6,,676767,5930,"(3780.0, 7370.0]"
永泰物流有限责任公司001626,9.139670716e+017,1,0,,4,1,3,-2323432,17100,"(14480.0, 17855.0]"
宏达物流有限公司001627,9.136407972968228e+017,1,1,省级,6,1,3,565,6150,"(3780.0, 7370.0]"
华信装备集团有限公司001628,9.1366547587837105e+017,0,0,国家级,5,5,,565656,15400,"(14480.0, 17855.0]"
华信装备有限责任公司001629,9.1304025e+017,1,,国家级,,3,,343434,26060,"(24660.0, 27972.0]"
金鼎纺织有限公司001630,9.137971e+017,1,,市级,4,7,,565656,31850,"(31471.0, 35000.0]"
嘉禾物流股份有限公司001631,9.136762270254316e+017,0,1,县级,2,5,6,565656,21010,"(17855.0, 21364.0]"
博雅环保集团有限公司001632,9.1390615502e+017,1,0,县级,2,1,4,6767,21030,"(17855.0, 21364.0]"
华泰食品股份有限公司001633,9.134053242e+017,0,1,市级,2,,7,676767,15770,"(14480.0, 17855.0]"
金鼎贸易有限公司001634,9.1380573e+017,0,1,县级,6,5,1,5656,27310,"(24660.0, 27972.0]"
金鼎纺织有限公司001635,9.135570529508687e+017,1,0,市级,3,7,,5656,4930,"(3780.0, 7370.0]"
宏达科技股份有限公司001636,9.1306e+017,0,,国家级,6,3,5,565656,16390,"(14480.0, 17855.0]"
瑞丰科技集团有限公司001637,9.13273e+017,1,1,市级,6,1,2,-2323432,21380,"(21364.0, 24660.0]"
中原材料股份有限公司001638,9.13615265e+017,0,0,市级,,4,,565656,11060,"(10954.0, 14480.0]"
华信智能股份有限公司001639,9.13988e+017,,1,市级,1,,,343434,21670,"(21364.0, 24660.0]"
宏达建设有限公司001640,9.130588990580e+017,0,0,国家级,,4,4,-2323432,24680,"(24660.0, 27972.0]"
宏达科技股份有限公司001641,9.1399021311669460e+017,0,0,市级,5,1,1,565656,29130,"(27972.0, 31471.0]"
天成信息集团有限公司001642,9.1320749884e+017,1,0,,7,,,676767,28120,"(27972.0, 31471.0]"
天成装备有限公司001643,9.1366578130499504e+017,0,1,国家级,1,3,3,-3434545,28180,"(27972.0, 31471.0]"
永泰网络集团有限公司001644,9.1307248e+017,1,0,,1,2,6,676767,13270,"(10954.0, 14480.0]"
盛世生物股份有限公司001645,9.13805e+017,0,1,国家级,6,3,7,-3434545,10340,"(7370.0, 10954.0]"
启明贸易有限公司001646,9.1320696569325e+017,1,1,,3,3,6,5656,21140,"(17855.0, 21364.0]"
华信生物集团有限公司001647,9.1395578022801e+017,1,0,市级,5,7,3,-2323432,10460,"(7370.0, 10954.0]"
天成医药有限责任公司001648,9.13439e+017,,0,省级,2,6,3,343434,9190,"(7370.0, 10954.0]"
星河食品股份有限公司001649,9.13747720110408e+017,0,0,省级,7,7,4,343434,23520,"(21364.0, 24660.0]"
宏达医药有限责任公司001650,9.132539e+017,0,0,省级,6,4,7,565656,14210,"(10954.0, 14480.0]"
盛世环保集团有限公司001651,9.13885e+017,,1,县级,4,2,3,676767,27670,"(24660.0, 27972.0]"
嘉禾装备有限责任公司001652,9.130475e+017,0,1,,6,5,7,5656,31410,"(27972.0, 31471.0]"
盛世能源集团有限公司001653,9.13025461679467e+017,1,0,县级,5,6,6,5656,21600,"(21364.0, 24660.0]"
远航科技集团有限公司001654,9.131185723501947e+017,0,1,省级,6,7,5,5656,29480,"(27972.0, 31471.0]"
华泰材料股份有限公司001655,9.132200810014e+017,0,1,国家级,7,7,5,-3434545,27860,"(24660.0, 27972.0]"
星河化工股份有限公司001656,9.13080e+017,0,1,县级,1,3,1,565,23910,"(21364.0, 24660.0]"
鼎盛食品有限责任公司001657,9.132948305171972e+017,,0,市级,2,4,6,676767,29560,"(27972.0, 31471.0]"
联创纺织集团有限公司001658,9.13265875e+017,0,,县级,3,4,6,565,19870,"(17855.0, 21364.0]"
金鼎食品有限公司001659,9.13990746669747e+017,0,0,省级,1,,6,676767,20930,"(17855.0, 21364.0]"
星河医药集团有限公司001660,9.133695255e+017,1,1,市级,3,5,2,565656,30160,"(27972.0, 31471.0]"
宏达机械股份有限公司001661,9.1346126149e+017,0,0,县级,5,,4,565656,28250,"(27972.0, 31471.0]"
盛世材料有限责任公司001662,9.1363006362e+017,0,0,国家级,3,3,5,-2323432,1610,"(49.999, 3780.0]"
星河机械有限公司001663,9.13353e+017,1,0,市级,4,7,7,565656,26590,"(24660.0, 27972.0]"
鼎盛纺织股份有限公司001664,9.13055489907e+017,0,1,国家级,6,7,3,6767,22330,"(21364.0, 24660.0]"
华信医药集团有限公司001665,9.1389374602e+017,0,,县级,7,,2,6767,8930,"(7370.0, 10954.0]"
天成材料有限责任公司001666,9.1361765589223552e+017,1,0,县级,6,1,2,6767,26510,"(24660.0, 27972.0]"
宏达贸易集团有限公司001667,9.137897153596e+017,1,0,市级,,7,2,565656,9170,"(7370.0, 10954.0]"
启明能源有限公司001668,9.1301850880875645e+017,0,1,国家级,3,6,1,-2323432,6230,"(3780.0, 7370.0]"
联创电子有限责任公司001669,9.13619378866e+017,0,1,市级,,6,6,676767,19970,"(17855.0, 21364.0]"
永泰装备集团有限公司001670,9.136281e+017,0,0,市级,2,4,6,565656,9420,"(7370.0, 10954.0]"
金鼎科技有限公司001671,9.13726097e+017,1,0,县级,2,,,5656,11910,"(10954.0, 14480.0]"
嘉禾材料股份有限公司001672,9.1347366539788587e+017,1,1,市级,,5,3,676767,24890,"(24660.0, 27972.0]"
鼎盛材料股份有限公司001673,9.1395257e+017,1,1,县级,1,5,3,343434,32510,"(31471.0, 35000.0]"
汇通材料股份有限公司001674,9.135798322e+017,0,0,市级,2,3,4,-3434545,33420,"(31471.0, 35000.0]"
远航环保有限责任公司001675,9.139193442462712e+017,0,0,国家级,3,1,4,5656,14970,"(14480.0, 17855.0]"
联创科技有限公司001676,9.1362821960878e+017,1,1,省级,3,3,2,565656,15140,"(14480.0, 17855.0]"
宏达信息集团有限公司001677,9.1366097978e+017,1,0,国家级,2,4,5,565,18710,"(17855.0, 21364.0]"
博雅建设有限公司001678,9.1379e+017,0,0,省级,3,,,6767,16420,"(14480.0, 17855.0]"
天成食品股份有限公司001679,9.13177e+017,1,1,市级,3,,5,565656,3260,"(49.999, 3780.0]"
盛世医药有限公司001680,9.133659726e+017,0,,县级,,5,,-2323432,13530,"(10954.0, 14480.0]"
博雅材料集团有限公司001681,9.131568387027e+017,1,0,省级,,2,4,676767,18410,"(17855.0, 21364.0]"
星河信息有限责任公司001682,9.133068483681e+017,1,0,县级,,,4,5656,23240,"(21364.0, 24660.0]"
宏达科技有限责任公司001683,9.13057e+017,1,0,国家级,1,4,3,6767,18430,"(17855.0, 21364.0]"
嘉禾材料有限公司001684,9.13855872357845e+017,1,0,省级,3,7,6,343434,20610,"(17855.0, 21364.0]"
远航能源有限公司001685,9.1360816115e+017,1,,,1,1,7,565,31290,"(27972.0, 31471.0]"
盛世生物有限责任公司001686,9.1389e+017,0,,国家级,4,,1,5656,12820,"(10954.0, 14480.0]"
启明环保集团有限公司001687,9.1363836472245581e+017,,0,国家级,3,3,3,565,14310,"(10954.0, 14480.0]"
中原化工集团有限公司001688,9.13900045398048e+017,1,0,国家级,7,2,6,5656,32130,"(31471.0, 35000.0]"
汇通装备有限公司001689,9.1381668813038e+017,1,0,国家级,1,1,5,343434,8680,"(7370.0, 10954.0]"
华泰能源有限公司001690,9.135361e+017,0,1,省级,4,3,4,-3434545,15190,"(14480.0, 17855.0]"
星河生物有限公司001691,9.13989717331571e+017,,1,国家级,4,6,3,565,14950,"(14480.0, 17855.0]"
华信贸易集团有限公司001692,9.1344582969e+017,1,1,国家级,,4,7,565656,31420,"(27972.0, 31471.0]"
永泰生物集团有限公司001693,9.13396524276e+017,0,1,国家级,,5,7,565,900,"(49.999, 3780.0]"
永泰贸易集团有限公司001694,9.13255561e+017,0,1,国家级,7,,2,565,5120,"(3780.0, 7370.0]"
天成电子集团有限公司001695,9.13527505688084e+017,0,1,国家级,1,3,,676767,27370,"(24660.0, 27972.0]"
启明物流集团有限公司001696,9.136727e+017,0,1,县级,2,6,6,5656,20060,"(17855.0, 21364.0]"
远航化工股份有限公司001697,9.13749294499313e+017,1,1,县级,4,5,5,565,5110,"(3780.0, 7370.0]"
中原纺织集团有限公司001698,9.1320316131779053e+017,,0,省级,6,1,3,343434,26630,"(24660.0, 27972.0]"
华信化工股份有限公司001699,9.13802362e+017,0,0,市级,6,6,,343434,690,"(49.999, 3780.0]"
华信贸易股份有限公司001700,9.1341591e+017,0,,县级,1,7,2,676767,22330,"(21364.0, 24660.0]"
博雅网络有限责任公司001701,9.13892251826e+017,0,0,,6,1,1,-2323432,16850,"(14480.0, 17855.0]"
联创建设股份有限公司001702,9.139810e+017,1,0,县级,5,1,4,5656,23880,"(21364.0, 24660.0]"
嘉禾智能有限公司001703,9.13073730e+017,,1,国家级,,5,,-2323432,16070,"(14480.0, 17855.0]"
鼎盛智能股份有限公司001704,9.1307024748579888e+017,,0,国家级,5,,1,6767,32420,"(31471.0, 35000.0]"
博雅科技有限责任公司001705,9.1314e+017,0,1,市级,2,7,2,343434,27510,"(24660.0, 27972.0]"
星河环保股份有限公司001706,9.13924636698375e+017,1,1,市级,5,7,5,-3434545,22410,"(21364.0, 24660.0]"
华泰环保有限公司001707,9.133172113598043e+017,0,1,县级,5,4,1,343434,20520,"(17855.0, 21364.0]"
盛世智能有限公司001708,9.1322609316e+017,1,1,省级,,,5,5656,8600,"(7370.0, 10954.0]"
联创材料股份有限公司001709,9.13994e+017,1,,国家级,1,5,,-3434545,2660,"(49.999, 3780.0]"
盛世食品股份有限公司001710,9.1335263595176352e+017,1,0,省级,1,5,,5656,34040,"(31471.0, 35000.0]"
博雅机械集团有限公司001711,9.1357774e+017,0,0,国家级,4,1,3,676767,930,"(49.999, 3780.0]"
联创贸易集团有限公司001712,9.1315878989e+017,0,,国家级,,4,5,343434,34740,"(31471.0, 35000.0]"
启明机械有限责任公司001713,9.13673137e+017,0,1,,,2,1,-2323432,28790,"(27972.0, 31471.0]"
天成装备有限公司001714,9.1340117e+017,1,0,,6,5,3,-2323432,22280,"(21364.0, 24660.0]"
启明材料股份有限公司001715,9.130357e+017,1,1,,,2,5,343434,3750,"(49.999, 3780.0]"
鼎盛环保股份有限公司001716,9.132411643424e+017,0,1,县级,6,6,3,565,5360,"(3780.0, 7370.0]"
宏达环保股份有限公司001717,9.13211684e+017,,,市级,6,,7,676767,5240,"(3780.0, 7370.0]"
联创机械股份有限公司001718,9.13533164e+017,,0,,3,4,,676767,30910,"(27972.0, 31471.0]"
中原能源有限公司001719,9.1307890786957601e+017,0,1,市级,4,,2,565,11950,"(10954.0, 14480.0]"
宏达贸易股份有限公司001720,9.1369701e+017,1,1,市级,6,3,2,343434,28800,"(27972.0, 31471.0]"
金鼎医药股份有限公司001721,9.1311e+017,1,1,国家级,6,6,7,-3434545,10450,"(7370.0, 10954.0]"
天成装备集团有限公司001722,9.131847266806e+017,0,0,县级,2,3,6,343434,1380,"(49.999, 3780.0]"
鼎盛智能股份有限公司001723,9.139088068311e+017,0,0,市级,1,7,7,6767,29690,"(27972.0, 31471.0]"
联创装备集团有限公司001724,9.130385616e+017,0,0,,7,2,1,565,16030,"(14480.0, 17855.0]"
联创能源股份有限公司001725,9.13214209e+017,1,1,县级,7,6,,-3434545,12970,"(10954.0, 14480.0]"
星河科技集团有限公司001726,9.13530955877993e+017,1,0,县级,6,1,5,565656,14070,"(10954.0, 14480.0]"
汇通网络集团有限公司001727,9.13351e+017,0,0,,2,6,4,-2323432,32190,"(31471.0, 35000.0]"
鼎盛电子有限责任公司001728,9.131232223208738e+017,1,,市级,4,3,,343434,10700,"(7370.0, 10954.0]"
永泰装备集团有限公司001729,9.13316e+017,0,0,省级,2,5,5,-3434545,21310,"(17855.0, 21364.0]"
嘉禾生物集团有限公司001730,9.130374738113e+017,0,1,县级,1,1,7,-3434545,11100,"(10954.0, 14480.0]"
天成科技集团有限公司001731,9.1348118e+017,0,0,省级,3,4,,-3434545,9570,"(7370.0, 10954.0]"
嘉禾智能有限责任公司001732,9.137537156415e+017,0,0,国家级,1,2,5,5656,19760,"(17855.0, 21364.0]"
宏达材料有限公司001733,9.1316119553093e+017,1,0,市级,6,1,6,676767,8780,"(7370.0, 10954.0]"
联创医药有限公司001734,9.1318920045e+017,,0,县级,4,1,1,565,8850,"(7370.0, 10954.0]"
宏达网络有限责任公司001735,9.1350652990536791e+017,,1,国家级,4,,4,565656,19630,"(17855.0, 21364.0]"
盛世建设有限公司001736,9.1396844565781e+017,1,,市级,5,,2,-3434545,28790,"(27972.0, 31471.0]"
瑞丰建设集团有限公司001737,9.1316e+017,1,,,1,3,6,565,19880,"(17855.0, 21364.0]"
星河化工股份有限公司001738,9.1391e+017,1,1,市级,7,3,3,565,22120,"(21364.0, 24660.0]"
中原电子有限责任公司001739,9.13976834e+017,1,1,市级,1,,,6767,12040,"(10954.0, 14480.0]"
永泰信息有限公司001740,9.137951181216525e+017,0,0,市级,7,,4,565,3450,"(49.999, 3780.0]"
联创电子有限公司001741,9.13647763103231e+017,1,0,市级,,1,7,343434,2940,"(49.999, 3780.0]"
启明智能有限责任公司001742,9.13418328113724e+017,1,0,县级,4,3,5,-3434545,15010,"(14480.0, 17855.0]"
远航建设有限公司001743,9.1346584639248e+017,1,1,县级,,7,7,565656,21760,"(21364.0, 24660.0]"
盛世能源有限责任公司001744,9.135191e+017,1,0,县级,4,7,2,5656,1900,"(49.999, 3780.0]"
汇通物流集团有限公司001745,9.132642599e+017,0,1,县级,7,4,4,-2323432,28390,"(27972.0, 31471.0]"
金鼎贸易股份有限公司001746,9.133967044777140e+017,1,1,,5,4,4,-3434545,4830,"(3780.0, 7370.0]"
星河生物有限责任公司001747,9.13525637448e+017,1,1,县级,,1,3,5656,11600,"(10954.0, 14480.0]"
金鼎科技集团有限公司001748,9.1307277282769588e+017,,1,省级,2,3,,5656,13720,"(10954.0, 14480.0]"
金鼎智能股份有限公司001749,9.1344829435e+017,,1,县级,7,2,4,5656,22180,"(21364.0, 24660.0]"
创元电子股份有限公司001750,9.13649e+017,0,1,县级,3,4,4,-2323432,10530,"(7370.0, 10954.0]"
星河物流股份有限公司001751,9.1315697807982e+017,,,国家级,7,4,3,565,14150,"(10954.0, 14480.0]"
博雅食品集团有限公司001752,9.1349418016959911e+017,0,1,,7,,7,343434,9540,"(7370.0, 10954.0]"
中原贸易有限责任公司001753,9.13120e+017,0,0,县级,1,5,5,5656,10820,"(7370.0, 10954.0]"
永泰装备有限责任公司001754,9.13428846377348e+017,,,省级,6,2,3,565656,22890,"(21364.0, 24660.0]"
汇通化工集团有限公司001755,9.130553267e+017,0,1,省级,,,4,6767,33390,"(31471.0, 35000.0]"
启明信息有限责任公司001756,9.1312867287747e+017,1,,国家级,4,6,6,6767,9900,"(7370.0, 10954.0]"
远航物流有限责任公司001757,9.13318020404e+017,0,0,国家级,5,5,4,6767,34240,"(31471.0, 35000.0]"
博雅食品有限责任公司001758,9.13814963550e+017,0,1,国家级,5,3,6,-2323432,2350,"(49.999, 3780.0]"
汇通能源股份有限公司001759,9.1301e+017,1,,县级,1,5,4,-2323432,9270,"(7370.0, 10954.0]"
华泰医药股份有限公司001760,9.1339701e+017,,1,县级,7,,1,6767,28730,"(27972.0, 31471.0]"
中原材料集团有限公司001761,9.136549660251e+017,1,0,,7,6,,-2323432,50,"(49.999, 3780.0]"
宏达材料有限公司001762,9.1359602769347e+017,1,,市级,,3,1,-3434545,30620,"(27972.0, 31471.0]"
远航化工有限责任公司001763,9.1306948617541827e+017,1,0,国家级,,4,7,-3434545,7400,"(7370.0, 10954.0]"
天成装备有限公司001764,9.132678650444e+017,0,1,市级,,1,6,5656,13570,"(10954.0, 14480.0]"
星河材料有限责任公司001765,9.13378e+017,1,0,市级,4,1,1,565656,34780,"(31471.0, 35000.0]"
华信机械集团有限公司001766,9.1376e+017,0,,国家级,1,,6,676767,20730,"(17855.0, 21364.0]"
华泰化工股份有限公司001767,9.131054171500760e+017,0,1,国家级,4,4,2,-2323432,26690,"(24660.0, 27972.0]"
天成纺织股份有限公司001768,9.13867e+017,1,1,省级,1,4,2,6767,15110,"(14480.0, 17855.0]"
瑞丰医药有限公司001769,9.13921527259783e+017,0,1,市级,7,5,3,-2323432,4850,"(3780.0, 7370.0]"
瑞丰机械股份有限公司001770,9.13698801225620e+017,0,0,,5,1,,565656,24330,"(21364.0, 24660.0]"
星河化工集团有限公司001771,9.13035595915e+017,0,1,县级,7,,4,6767,6940,"(3780.0, 7370.0]"
永泰化工有限公司001772,9.135368e+017,1,0,省级,5,7,5,565,30610,"(27972.0, 31471.0]"
金鼎纺织股份有限公司001773,9.1387183e+017,1,0,国家级,,5,1,-3434545,11030,"(10954.0, 14480.0]"
宏达建设有限公司001774,9.13603560e+017,1,1,省级,5,3,2,-2323432,30980,"(27972.0, 31471.0]"
嘉禾能源有限公司001775,9.13702789e+017,0,1,,3,5,6,676767,12940,"(10954.0, 14480.0]"
嘉禾科技股份有限公司001776,9.134738808e+017,1,,省级,1,,6,-3434545,4890,"(3780.0, 7370.0]"
创元生物有限责任公司001777,9.13550e+017,0,0,,,2,2,565656,15220,"(14480.0, 17855.0]"
天成物流集团有限公司001778,9.1318418051412e+017,0,0,国家级,5,6,7,-3434545,29520,"(27972.0, 31471.0]"
创元装备股份有限公司001779,9.139268994738793e+017,0,0,省级,1,5,7,-2323432,32900,"(31471.0, 35000.0]"
汇通网络有限责任公司001780,9.13373e+017,1,0,国家级,4,3,4,5656,18020,"(17855.0, 21364.0]"
天成医药有限公司001781,9.13459456815089e+017,1,1,省级,4,7,3,343434,17560,"(14480.0, 17855.0]"
星河网络集团有限公司001782,9.1342e+017,0,0,,5,5,4,5656,9870,"(7370.0, 10954.0]"
联创建设有限责任公司001783,9.1304e+017,0,1,县级,1,,6,565656,6330,"(3780.0, 7370.0]"
盛世装备股份有限公司001784,9.1336805373e+017,0,0,国家级,1,6,1,-2323432,19050,"(17855.0, 21364.0]"
华泰贸易有限公司001785,9.136210986367e+017,0,0,,1,5,3,5656,2110,"(49.999, 3780.0]"
汇通智能股份有限公司001786,9.1304252846580e+017,1,0,省级,7,4,5,565,21490,"(21364.0, 24660.0]"
华信环保有限公司001787,9.133480985448e+017,1,0,市级,1,5,5,676767,8930,"(7370.0, 10954.0]"
创元化工有限公司001788,9.131318e+017,0,1,县级,2,7,4,-3434545,18800,"(17855.0, 21364.0]"
金鼎信息股份有限公司001789,9.138037825371268e+017,,0,市级,6,5,6,343434,26270,"(24660.0, 27972.0]"
华信装备有限责任公司001790,9.1324799443e+017,0,1,省级,2,4,1,-2323432,6890,"(3780.0, 7370.0]"
远航建设股份有限公司001791,9.134640157746e+017,1,1,市级,3,5,,-3434545,21670,"(21364.0, 24660.0]"
嘉禾食品股份有限公司001792,9.13292990722e+017,1,,,,3,,565,13730,"(10954.0, 14480.0]"
嘉禾信息集团有限公司001793,9.1392389e+017,1,1,市级,1,2,2,5656,27530,"(24660.0, 27972.0]"
天成装备有限责任公司001794,9.13808437149262e+017,1,,,2,4,1,343434,16490,"(14480.0, 17855.0]"
星河食品有限公司001795,9.13909100e+017,0,1,市级,2,4,7,565,33960,"(31471.0, 35000.0]"
创元装备有限责任公司001796,9.1320522589873073e+017,0,1,县级,6,,5,343434,16430,"(14480.0, 17855.0]"
汇通物流股份有限公司001797,9.13340e+017,0,0,,1,1,6,565656,30810,"(27972.0, 31471.0]"
中原科技集团有限公司001798,9.1350534774e+017,,,市级,4,3,7,-3434545,12600,"(10954.0, 14480.0]"
嘉禾装备有限责任公司001799,9.1320415528230e+017,0,1,国家级,2,5,4,676767,24600,"(21364.0, 24660.0]"
远航机械集团有限公司001800,9.1329457e+017,1,1,市级,6,2,4,-2323432,11480,"(10954.0, 14480.0]"
鼎盛电子股份有限公司001801,9.138341e+017,0,,县级,3,4,2,565,26110,"(24660.0, 27972.0]"
瑞丰网络有限公司001802,9.138265e+017,1,1,国家级,2,2,,6767,26100,"(24660.0, 27972.0]"
汇通贸易有限责任公司001803,9.1345651e+017,0,0,市级,3,,6,565656,23140,"(21364.0, 24660.0]"
宏达科技有限责任公司001804,9.1357845e+017,0,0,国家级,,,7,6767,2960,"(49.999, 3780.0]"
华信信息有限公司001805,9.134478893e+017,1,,国家级,1,,4,-2323432,6280,"(3780.0, 7370.0]"
创元化工集团有限公司001806,9.137624e+017,0,1,国家级,,3,,565656,16520,"(14480.0, 17855.0]"
宏达纺织股份有限公司001807,9.13523999636e+017,0,1,,5,3,1,676767,25500,"(24660.0, 27972.0]"
鼎盛网络有限公司001808,9.13651e+017,1,1,市级,5,4,5,565656,6830,"(3780.0, 7370.0]"
华泰能源有限公司001809,9.1334756196176502e+017,0,0,省级,1,3,2,5656,2940,"(49.999, 3780.0]"
华泰环保有限公司001810,9.131253806e+017,,0,省级,3,7,7,5656,27500,"(24660.0, 27972.0]"
博雅装备有限责任公司001811,9.13622689753115e+017,0,0,省级,5,6,6,-2323432,33960,"(31471.0, 35000.0]"
远航电子有限责任公司001812,9.1319964596243840e+017,0,1,国家级,4,5,1,565656,26710,"(24660.0, 27972.0]"
华泰环保有限责任公司001813,9.13182511031867e+017,0,1,国家级,7,6,5,-3434545,26550,"(24660.0, 27972.0]"
鼎盛建设有限公司001814,9.135043401026557e+017,1,1,县级,4,1,7,565656,18850,"(17855.0, 21364.0]"
星河科技有限公司001815,9.1385902330e+017,1,1,,2,5,4,565656,3470,"(49.999, 3780.0]"
盛世能源股份有限公司001816,9.1305342e+017,0,0,,,4,7,676767,34170,"(31471.0, 35000.0]"
联创物流有限公司001817,9.1361690367e+017,0,0,国家级,1,7,1,565656,2350,"(49.999, 3780.0]"
中原纺织有限公司001818,9.1396087496122e+017,,1,市级,4,6,5,565656,11720,"(10954.0, 14480.0]"
华泰贸易股份有限公司001819,9.136862748230e+017,0,,市级,7,5,2,-3434545,8920,"(7370.0, 10954.0]"
永泰化工股份有限公司001820,9.131156e+017,1,0,省级,5,,2,6767,32890,"(31471.0, 35000.0]"
华信能源股份有限公司001821,9.13650e+017,1,0,省级,3,4,5,-3434545,34150,"(31471.0, 35000.0]"
华信材料有限责任公司001822,9.13813e+017,1,,县级,5,2,,565,9170,"(7370.0, 10954.0]"
嘉禾材料有限责任公司001823,9.13939e+017,1,1,国家级,4,3,1,343434,27990,"(27972.0, 31471.0]"
金鼎信息股份有限公司001824,9.13068144166611e+017,1,0,市级,5,2,7,-2323432,2270,"(49.999, 3780.0]"
天成生物集团有限公司001825,9.13049779e+017,1,0,,4,,1,-2323432,21300,"(17855.0, 21364.0]"
华泰贸易股份有限公司001826,9.132494e+017,1,0,市级,,1,5,676767,3830,"(3780.0, 7370.0]"
鼎盛能源集团有限公司001827,9.13922777e+017,0,1,省级,2,1,,6767,5630,"(3780.0, 7370.0]"
瑞丰电子集团有限公司001828,9.13380e+017,0,1,市级,2,6,3,-3434545,28480,"(27972.0, 31471.0]"
宏达智能集团有限公司001829,9.13508397317e+017,1,1,,7,2,7,676767,15140,"(14480.0, 17855.0]"
联创食品有限责任公司001830,9.1328073350e+017,0,1,市级,3,1,5,-2323432,30440,"(27972.0, 31471.0]"
嘉禾智能股份有限公司001831,9.135587e+017,0,,县级,3,2,,6767,27850,"(24660.0, 27972.0]"
金鼎信息有限公司001832,9.135822623e+017,0,1,,6,7,4,-3434545,15630,"(14480.0, 17855.0]"
永泰机械有限公司001833,9.13775688e+017,1,,县级,2,6,,565656,31810,"(31471.0, 35000.0]"
博雅生物有限公司001834,9.1322396575376445e+017,0,1,省级,1,7,7,6767,20770,"(17855.0, 21364.0]"
瑞丰电子集团有限公司001835,9.1396138071860e+017,1,0,市级,1,6,3,-2323432,34090,"(31471.0, 35000.0]"
汇通化工集团有限公司001836,9.1386042785710e+017,0,0,市级,4,5,6,-3434545,5820,"(3780.0, 7370.0]"
鼎盛机械有限公司001837,9.133528e+017,0,1,,6,7,2,-2323432,1460,"(49.999, 3780.0]"
宏达食品有限公司001838,9.135884443721e+017,0,1,县级,,5,2,676767,1100,"(49.999, 3780.0]"
远航能源有限责任公司001839,9.133097975684218e+017,0,,县级,7,6,6,6767,2290,"(49.999, 3780.0]"
天成纺织有限责任公司001840,9.1303023121e+017,1,1,国家级,,6,,676767,15870,"(14480.0, 17855.0]"
嘉禾科技集团有限公司001841,9.1363e+017,0,0,省级,,7,5,6767,3300,"(49.999, 3780.0]"
星河建设有限公司001842,9.13925136223e+017,,1,,,,5,343434,4010,"(3780.0, 7370.0]"
鼎盛材料集团有限公司001843,9.1307727204e+017,,0,省级,7,,7,-3434545,25280,"(24660.0, 27972.0]"
博雅食品集团有限公司001844,9.131049461e+017,1,1,,2,2,1,676767,29140,"(27972.0, 31471.0]"
创元机械有限公司001845,9.13413596653e+017,0,0,省级,,5,,-3434545,24070,"(21364.0, 24660.0]"
金鼎建设有限公司001846,9.1384162675014683e+017,0,,国家级,4,2,5,565,20700,"(17855.0, 21364.0]"
远航化工有限责任公司001847,9.13201819023201e+017,1,0,国家级,7,3,3,-2323432,27710,"(24660.0, 27972.0]"
华信智能股份有限公司001848,9.13750461622e+017,1,1,县级,7,7,,6767,14120,"(10954.0, 14480.0]"
金鼎能源股份有限公司001849,9.1353476414427197e+017,1,0,市级,,1,5,-3434545,3340,"(49.999, 3780.0]"
中原贸易有限责任公司001850,9.13356427294e+017,0,,国家级,1,,6,6767,800,"(49.999, 3780.0]"
远航纺织有限公司001851,9.133607e+017,1,0,国家级,3,6,3,-3434545,27280,"(24660.0, 27972.0]"
汇通纺织股份有限公司001852,9.132809e+017,1,0,市级,2,2,1,343434,30480,"(27972.0, 31471.0]"
嘉禾智能有限公司001853,9.13393396910e+017,0,1,市级,4,4,3,343434,11030,"(10954.0, 14480.0]"
中原装备股份有限公司001854,9.13785625e+017,0,,国家级,2,7,4,565,11420,"(10954.0, 14480.0]"
华泰建设集团有限公司001855,9.136102855143e+017,0,1,省级,2,7,5,5656,14630,"(14480.0, 17855.0]"
启明环保有限责任公司001856,9.138390e+017,1,1,国家级,3,1,1,676767,23100,"(21364.0, 24660.0]"
中原装备股份有限公司001857,9.1369219105071970e+017,1,1,市级,,5,,565,30260,"(27972.0, 31471.0]"
启明纺织股份有限公司001858,9.13384315567e+017,1,1,县级,1,5,1,5656,10170,"(7370.0, 10954.0]"
星河医药有限公司001859,9.1305665141343e+017,0,1,省级,2,4,3,565656,20080,"(17855.0, 21364.0]"
天成材料有限公司001860,9.13024236374e+017,0,,国家级,4,,6,565,1410,"(49.999, 3780.0]"
中原生物集团有限公司001861,9.1311147620e+017,1,1,省级,2,2,6,565,4930,"(3780.0, 7370.0]"
华泰医药有限公司001862,9.13168859266370e+017,0,1,,1,3,7,565,12550,"(10954.0, 14480.0]"
金鼎信息有限公司001863,9.13418902446288e+017,0,1,,5,4,1,565656,17800,"(14480.0, 17855.0]"
汇通信息有限公司001864,9.1372293e+017,0,0,国家级,2,4,1,676767,8040,"(7370.0, 10954.0]"
博雅装备集团有限公司001865,9.136813372278e+017,0,1,省级,3,,3,6767,10490,"(7370.0, 10954.0]"
联创材料股份有限公司001866,9.1333e+017,,1,县级,3,5,,6767,16330,"(14480.0, 17855.0]"
瑞丰信息有限公司001867,9.1350e+017,0,1,国家级,5,5,4,676767,28350,"(27972.0, 31471.0]"
宏达环保集团有限公司001868,9.1327814695395369e+017,0,,省级,4,2,5,5656,26020,"(24660.0, 27972.0]"
博雅能源有限公司001869,9.136780194670141e+017,0,0,,1,1,7,6767,34100,"(31471.0, 35000.0]"
远航信息有限责任公司001870,9.1323788617e+017,0,0,县级,1,2,2,-2323432,18330,"(17855.0, 21364.0]"
汇通能源股份有限公司001871,9.139906574169e+017,1,1,省级,6,7,6,565656,26280,"(24660.0, 27972.0]"
瑞丰贸易集团有限公司001872,9.137777859e+017,0,1,省级,6,3,1,676767,20820,"(17855.0, 21364.0]"
鼎盛环保有限责任公司001873,9.134450e+017,0,1,国家级,4,5,2,565656,25420,"(24660.0, 27972.0]"
鼎盛物流有限公司001874,9.1376329e+017,,0,县级,7,5,5,6767,2980,"(49.999, 3780.0]"
盛世科技有限公司001875,9.1386e+017,0,1,国家级,4,7,1,676767,15420,"(14480.0, 17855.0]"
博雅装备有限责任公司001876,9.1342501657555e+017,1,1,省级,5,,2,-2323432,1370,"(49.999, 3780.0]"
鼎盛环保有限责任公司001877,9.137384109e+017,,0,县级,6,4,,5656,14010,"(10954.0, 14480.0]"
鼎盛化工有限公司001878,9.1324456979181433e+017,1,1,市级,7,1,2,-3434545,18090,"(17855.0, 21364.0]"
中原建设有限责任公司001879,9.1338824e+017,1,1,国家级,3,1,2,-3434545,7440,"(7370.0, 10954.0]"
宏达机械股份有限公司001880,9.13512619e+017,0,0,省级,5,,,676767,17210,"(14480.0, 17855.0]"
博雅材料集团有限公司001881,9.13557999e+017,0,1,县级,1,6,2,565656,2920,"(49.999, 3780.0]"
华泰信息集团有限公司001882,9.13151041367e+017,1,1,市级,2,1,2,676767,14320,"(10954.0, 14480.0]"
华泰材料股份有限公司001883,9.13557912094e+017,1,0,市级,,2,5,676767,8980,"(7370.0, 10954.0]"
瑞丰物流集团有限公司001884,9.13667488689969e+017,0,1,省级,5,,7,343434,16580,"(14480.0, 17855.0]"
远航环保有限责任公司001885,9.1344742707254452e+017,1,,市级,,6,,6767,29730,"(27972.0, 31471.0]"
华信电子股份有限公司001886,9.1303782803568991e+017,0,1,县级,5,1,1,565656,10110,"(7370.0, 10954.0]"
博雅科技股份有限公司001887,9.13974631771e+017,1,1,,,2,6,676767,34370,"(31471.0, 35000.0]"
金鼎医药集团有限公司001888,9.136249864094665e+017,1,,市级,7,5,7,565,9950,"(7370.0, 10954.0]"
盛世机械有限公司001889,9.131762e+017,0,0,省级,3,7,3,676767,26660,"(24660.0, 27972.0]"
博雅建设有限责任公司001890,9.1365045e+017,1,1,国家级,3,2,1,6767,24180,"(21364.0, 24660.0]"
瑞丰物流有限责任公司001891,9.13758427686127e+017,1,0,省级,2,7,2,-3434545,640,"(49.999, 3780.0]"
瑞丰电子有限责任公司001892,9.13661629506e+017,,,,4,5,,565656,22630,"(21364.0, 24660.0]"
中原贸易有限责任公司001893,9.13612038e+017,1,1,省级,2,6,,565,10520,"(7370.0, 10954.0]"
博雅信息有限公司001894,9.13353542e+017,1,1,县级,,7,7,-2323432,25340,"(24660.0, 27972.0]"
远航纺织有限责任公司001895,9.13340e+017,1,0,,4,,7,6767,20800,"(17855.0, 21364.0]"
天成材料集团有限公司001896,9.1369e+017,0,1,市级,6,7,3,565656,17150,"(14480.0, 17855.0]"
盛世生物有限责任公司001897,9.1343944280e+017,1,,省级,2,2,,676767,4910,"(3780.0, 7370.0]"
盛世医药有限公司001898,9.1334e+017,0,0,,1,1,5,-3434545,660,"(49.999, 3780.0]"
鼎盛网络有限责任公司001899,9.1375657833939e+017,1,0,,6,6,3,-3434545,29730,"(27972.0, 31471.0]"
金鼎科技股份有限公司001900,9.138397e+017,,0,县级,7,4,2,565,21730,"(21364.0, 24660.0]"
远航科技股份有限公司001901,9.135670e+017,0,,县级,4,6,1,565656,30920,"(27972.0, 31471.0]"
星河装备有限责任公司001902,9.13204690743906e+017,1,1,县级,7,7,,6767,5460,"(3780.0, 7370.0]"
金鼎装备集团有限公司001903,9.13197189011203e+017,1,0,国家级,,6,7,565,11060,"(10954.0, 14480.0]"
中原电子股份有限公司001904,9.13079e+017,0,1,,2,1,7,-2323432,17050,"(14480.0, 17855.0]"
金鼎材料股份有限公司001905,9.13832e+017,0,,县级,5,6,7,5656,510,"(49.999, 3780.0]"
远航网络集团有限公司001906,9.13672e+017,0,1,市级,4,3,1,565656,1040,"(49.999, 3780.0]"
宏达装备股份有限公司001907,9.138921418100e+017,1,0,市级,,1,1,-2323432,26420,"(24660.0, 27972.0]"
瑞丰纺织股份有限公司001908,9.135857579033675e+017,1,0,国家级,,1,6,676767,16050,"(14480.0, 17855.0]"
盛世智能集团有限公司001909,9.1308045334304982e+017,0,,省级,6,4,5,565656,16520,"(14480.0, 17855.0]"
中原机械有限公司001910,9.1338251172e+017,,1,国家级,3,4,7,6767,25280,"(24660.0, 27972.0]"
瑞丰生物有限公司001911,9.138611258044e+017,,1,县级,4,6,1,6767,2210,"(49.999, 3780.0]"
启明物流股份有限公司001912,9.1363521526e+017,1,1,国家级,,,4,-2323432,80,"(49.999, 3780.0]"
远航物流有限责任公司001913,9.13359468953e+017,1,0,市级,4,5,3,5656,30280,"(27972.0, 31471.0]"
宏达贸易有限公司001914,9.1360323701e+017,1,0,市级,5,5,4,-2323432,33270,"(31471.0, 35000.0]"
华信化工集团有限公司001915,9.133047e+017,1,,国家级,6,6,3,-3434545,31490,"(31471.0, 35000.0]"
远航材料股份有限公司001916,9.139062e+017,0,1,,6,7,7,-2323432,31730,"(31471.0, 35000.0]"
永泰食品集团有限公司001917,9.136808779e+017,0,0,,3,6,3,5656,11270,"(10954.0, 14480.0]"
金鼎食品有限责任公司001918,9.13429326834e+017,,0,,4,1,4,6767,9930,"(7370.0, 10954.0]"
创元化工集团有限公司001919,9.13733125812e+017,1,1,国家级,5,1,3,343434,32390,"(31471.0, 35000.0]"
中原科技集团有限公司001920,9.1324696851692175e+017,0,0,省级,5,7,3,565,19200,"(17855.0, 21364.0]"
金鼎贸易股份有限公司001921,9.13580766e+017,1,1,,3,,6,565656,340,"(49.999, 3780.0]"
嘉禾智能集团有限公司001922,9.13524881e+017,1,0,省级,,5,2,565656,11770,"(10954.0, 14480.0]"
华信物流有限公司001923,9.13147391298358e+017,1,0,省级,4,3,1,343434,4090,"(3780.0, 7370.0]"
盛世医药有限公司001924,9.1317447940803e+017,0,0,国家级,2,4,3,565,20600,"(17855.0, 21364.0]"
星河网络集团有限公司001925,9.13645265872e+017,0,0,县级,,5,3,6767,12150,"(10954.0, 14480.0]"
华信信息有限公司001926,9.1330e+017,0,0,省级,,1,3,5656,1100,"(49.999, 3780.0]"
创元环保集团有限公司001927,9.1371e+017,0,0,县级,7,4,7,6767,34740,"(31471.0, 35000.0]"
博雅物流有限责任公司001928,9.13151980e+017,,0,省级,2,6,4,6767,16080,"(14480.0, 17855.0]"
嘉禾食品集团有限公司001929,9.138349263e+017,1,1,市级,7,5,7,-2323432,27170,"(24660.0, 27972.0]"
启明信息有限责任公司001930,9.13283463891e+017,,0,县级,,7,2,-2323432,34830,"(31471.0, 35000.0]"
星河机械有限公司001931,9.1379520279e+017,0,1,国家级,6,5,3,343434,24680,"(24660.0, 27972.0]"
联创电子有限责任公司001932,9.1309e+017,0,1,国家级,4,5,7,565656,22000,"(21364.0, 24660.0]"
天成纺织有限公司001933,9.13974e+017,0,1,省级,6,1,5,6767,970,"(49.999, 3780.0]"
中原信息有限公司001934,9.138469001581236e+017,0,0,市级,3,7,7,-2323432,26110,"(24660.0, 27972.0]"
华泰网络有限责任公司001935,9.134609577248774e+017,1,0,省级,,,,6767,26700,"(24660.0, 27972.0]"
星河环保股份有限公司001936,9.1347418e+017,0,,省级,6,1,1,-2323432,27670,"(24660.0, 27972.0]"
中原生物集团有限公司001937,9.137657555258e+017,1,1,,3,5,3,5656,8840,"(7370.0, 10954.0]"
启明装备有限公司001938,9.1300025e+017,1,1,省级,7,5,2,565656,12740,"(10954.0, 14480.0]"
远航机械股份有限公司001939,9.1341e+017,1,1,县级,5,2,6,676767,20880,"(17855.0, 21364.0]"
启明物流股份有限公司001940,9.13138759559422e+017,0,0,省级,,5,,565656,2730,"(49.999, 3780.0]"
鼎盛纺织股份有限公司001941,9.13360489e+017,0,1,,7,4,1,565,4470,"(3780.0, 7370.0]"
永泰机械股份有限公司001942,9.1388938616e+017,0,1,县级,2,5,4,-3434545,24800,"(24660.0, 27972.0]"
盛世智能有限公司001943,9.137900531260557e+017,,1,市级,5,5,1,565656,17010,"(14480.0, 17855.0]"
中原信息有限公司001944,9.1307837e+017,0,0,,4,3,,676767,7030,"(3780.0, 7370.0]"
天成信息有限公司001945,9.132455711627435e+017,0,1,县级,7,3,6,565656,7270,"(3780.0, 7370.0]"
创元信息有限公司001946,9.1360e+017,1,1,省级,,,3,5656,1410,"(49.999, 3780.0]"
鼎盛电子有限公司001947,9.136298702521514e+017,0,0,省级,1,6,2,-3434545,15060,"(14480.0, 17855.0]"
鼎盛环保集团有限公司001948,9.133547224055306e+017,0,0,国家级,1,6,3,6767,6990,"(3780.0, 7370.0]"
星河贸易股份有限公司001949,9.133355563859e+017,0,0,省级,4,6,,565656,20190,"(17855.0, 21364.0]"
天成装备集团有限公司001950,9.1380792e+017,1,0,,3,4,,565,14190,"(10954.0, 14480.0]"
盛世食品股份有限公司001951,9.135899065e+017,1,1,省级,4,,4,6767,680,"(49.999, 3780.0]"
汇通物流有限公司001952,9.1397136359e+017,0,0,省级,3,3,1,6767,28320,"(27972.0, 31471.0]"
华信电子有限公司001953,9.132454224922430e+017,0,0,,5,2,2,343434,16890,"(14480.0, 17855.0]"
博雅电子集团有限公司001954,9.130979135e+017,0,1,国家级,,5,2,565656,27570,"(24660.0, 27972.0]"
联创化工有限责任公司001955,9.1389e+017,1,1,国家级,4,3,6,-2323432,16750,"(14480.0, 17855.0]"
宏达化工有限公司001956,9.137315e+017,1,0,县级,5,6,,676767,10120,"(7370.0, 10954.0]"
联创纺织股份有限公司001957,9.1382438e+017,,1,省级,4,2,7,6767,22380,"(21364.0, 24660.0]"
盛世智能集团有限公司001958,9.1359062e+017,1,1,国家级,5,2,,343434,20530,"(17855.0, 21364.0]"
瑞丰贸易股份有限公司001959,9.13089393504e+017,1,0,县级,3,2,2,-3434545,6390,"(3780.0, 7370.0]"
永泰信息股份有限公司001960,9.139591905309e+017,1,1,,2,5,6,6767,9640,"(7370.0, 10954.0]"
永泰建设有限公司001961,9.13086186948e+017,1,1,市级,3,,2,343434,27930,"(24660.0, 27972.0]"
星河生物股份有限公司001962,9.1322702525411e+017,0,1,县级,3,6,6,565,14920,"(14480.0, 17855.0]"
金鼎电子有限公司001963,9.135964703364245e+017,0,,市级,,6,4,676767,20830,"(17855.0, 21364.0]"
永泰装备有限公司001964,9.132431091e+017,1,1,国家级,2,,2,-3434545,2450,"(49.999, 3780.0]"
博雅化工有限责任公司001965,9.1374787067644e+017,0,,国家级,2,1,2,343434,14930,"(14480.0, 17855.0]"
远航信息有限公司001966,9.136942118e+017,1,,市级,,1,,-2323432,34420,"(31471.0, 35000.0]"
汇通机械集团有限公司001967,9.1349e+017,,1,,6,,2,343434,28210,"(27972.0, 31471.0]"
金鼎贸易有限责任公司001968,9.1303158878506606e+017,1,1,,1,6,6,676767,3120,"(49.999, 3780.0]"
创元纺织股份有限公司001969,9.1321e+017,1,1,,3,3,5,343434,10930,"(7370.0, 10954.0]"
天成医药有限责任公司001970,9.13061e+017,1,0,县级,6,7,,-3434545,8560,"(7370.0, 10954.0]"
博雅网络有限公司001971,9.13250845240e+017,1,0,县级,3,7,4,6767,3090,"(49.999, 3780.0]"
金鼎能源有限公司001972,9.1314009981297e+017,0,0,省级,3,2,,565656,27580,"(24660.0, 27972.0]"
创元贸易有限责任公司001973,9.13345026642738e+017,1,1,市级,7,,6,343434,10570,"(7370.0, 10954.0]"
华泰网络有限责任公司001974,9.1306777e+017,0,1,,1,7,6,-2323432,28670,"(27972.0, 31471.0]"
宏达贸易有限公司001975,9.133315792082366e+017,0,1,,5,2,1,6767,32500,"(31471.0, 35000.0]"
鼎盛环保股份有限公司001976,9.1361108403909e+017,0,1,县级,5,3,,5656,26440,"(24660.0, 27972.0]"
天成环保股份有限公司001977,9.1367605508e+017,0,1,国家级,1,4,7,-2323432,33480,"(31471.0, 35000.0]"
启明环保有限责任公司001978,9.136441994e+017,0,1,国家级,5,4,2,-3434545,28380,"(27972.0, 31471.0]"
华泰化工有限公司001979,9.1318149836784e+017,0,0,市级,1,5,5,343434,1780,"(49.999, 3780.0]"
星河电子集团有限公司001980,9.13531575229e+017,,0,,1,4,,676767,28430,"(27972.0, 31471.0]"
天成化工股份有限公司001981,9.133515347e+017,1,0,国家级,,4,5,565656,34870,"(31471.0, 35000.0]"
金鼎物流有限公司001982,9.1320823e+017,1,,国家级,,7,2,-3434545,3690,"(49.999, 3780.0]"
鼎盛材料有限公司001983,9.13644490439e+017,1,1,县级,4,5,,6767,16450,"(14480.0, 17855.0]"
金鼎科技有限责任公司001984,9.1302602846559218e+017,1,1,省级,2,4,,565656,4330,"(3780.0, 7370.0]"
嘉禾机械股份有限公司001985,9.1314443373e+017,1,0,国家级,3,5,,565656,9600,"(7370.0, 10954.0]"
永泰物流集团有限公司001986,9.13429002492785e+017,0,1,国家级,3,6,3,6767,30920,"(27972.0, 31471.0]"
中原环保有限公司001987,9.1366e+017,1,1,省级,1,4,,6767,21470,"(21364.0, 24660.0]"
嘉禾科技有限责任公司001988,9.130445039863834e+017,1,1,国家级,6,4,2,565,9000,"(7370.0, 10954.0]"
盛世能源集团有限公司001989,9.13831530707919e+017,0,1,,3,4,2,-2323432,16610,"(14480.0, 17855.0]"
盛世材料集团有限公司001990,9.1382945418337e+017,0,1,,5,6,2,-3434545,11400,"(10954.0, 14480.0]"
永泰贸易有限公司001991,9.13078677550053e+017,1,1,省级,1,3,,565656,33660,"(31471.0, 35000.0]"
瑞丰材料有限责任公司001992,9.1316329566148243e+017,1,,省级,2,,2,-3434545,19370,"(17855.0, 21364.0]"
金鼎材料股份有限公司001993,9.13419640009256e+017,0,1,县级,6,,,565656,16060,"(14480.0, 17855.0]"
盛世电子有限公司001994,9.133471e+017,1,0,国家级,5,7,4,6767,15710,"(14480.0, 17855.0]"
博雅能源股份有限公司001995,9.13562754540e+017,0,0,市级,4,7,7,-3434545,14050,"(10954.0, 14480.0]"
瑞丰纺织有限公司001996,9.134476583e+017,,1,省级,2,3,2,-2323432,2060,"(49.999, 3780.0]"
华泰材料有限责任公司001997,9.1383443029973854e+017,1,0,国家级,3,5,,565,21320,"(17855.0, 21364.0]"
鼎盛生物有限公司001998,9.137634272477e+017,0,1,省级,7,,6,343434,21560,"(21364.0, 24660.0]"
联创医药股份有限公司001999,9.13138731403e+017,0,0,县级,3,1,4,343434,30380,"(27972.0, 31471.0]"
启明食品股份有限公司002000,9.1321822479e+017,0,1,县级,4,6,4,565656,22390,"(21364.0, 24660.0]"
天成纺织集团有限公司002001,9.137852352e+017,0,0,省级,1,,3,343434,23420,"(21364.0, 24660.0]"
联创物流有限公司002002,9.135822181e+017,,0,国家级,2,2,,-2323432,11760,"(10954.0, 14480.0]"
华信医药有限公司002003,9.1364538336425503e+017,1,0,,4,6,6,6767,33910,"(31471.0, 35000.0]"
汇通机械有限责任公司002004,9.1377031705682e+017,1,,市级,3,6,3,676767,24450,"(21364.0, 24660.0]"
联创信息集团有限公司002005,9.1386364449e+017,,1,省级,3,4,7,5656,16270,"(14480.0, 17855.0]"
金鼎电子集团有限公司002006,9.1342992119247e+017,1,,县级,7,2,,6767,33660,"(31471.0, 35000.0]"
华信网络有限公司002007,9.1382998e+017,0,0,国家级,1,6,,-3434545,4910,"(3780.0, 7370.0]"
星河化工有限公司002008,9.1304005e+017,1,,,5,3,,565,22930,"(21364.0, 24660.0]"
博雅物流有限公司002009,9.13549e+017,1,0,县级,2,,3,343434,8070,"(7370.0, 10954.0]"
宏达化工有限责任公司002010,9.13765e+017,,1,市级,5,5,1,676767,2770,"(49.999, 3780.0]"
金鼎物流有限公司002011,9.133609643e+017,1,0,县级,7,5,1,-2323432,21340,"(17855.0, 21364.0]"
永泰建设有限责任公司002012,9.1325624e+017,0,1,,1,,1,5656,13760,"(10954.0, 14480.0]"
鼎盛医药集团有限公司002013,9.134057411935391e+017,0,0,县级,3,6,3,-2323432,4030,"(3780.0, 7370.0]"
启明化工有限公司002014,9.13394290e+017,0,0,市级,5,3,5,676767,13650,"(10954.0, 14480.0]"
联创医药有限公司002015,9.130588e+017,1,1,省级,5,,,565656,18570,"(17855.0, 21364.0]"
天成物流有限责任公司002016,9.1350e+017,0,0,,3,,2,-2323432,960,"(49.999, 3780.0]"
华信网络集团有限公司002017,9.13481094525539e+017,1,1,市级,,3,3,6767,26960,"(24660.0, 27972.0]"
华泰环保有限公司002018,9.1393e+017,0,0,国家级,6,7,6,5656,22250,"(21364.0, 24660.0]"
星河化工有限责任公司002019,9.1326121669481001e+017,0,0,,,7,2,565656,30770,"(27972.0, 31471.0]"
华泰能源集团有限公司002020,9.1383684e+017,0,1,省级,5,3,6,-2323432,26690,"(24660.0, 27972.0]"
启明建设有限责任公司002021,9.139509428168362e+017,1,1,国家级,6,6,1,565656,8230,"(7370.0, 10954.0]"
汇通贸易股份有限公司002022,9.1381555184955e+017,0,1,,2,1,7,343434,23920,"(21364.0, 24660.0]"
博雅生物有限公司002023,9.13202917265134e+017,,1,国家级,4,5,3,676767,19690,"(17855.0, 21364.0]"
星河医药有限公司002024,9.134130e+017,0,,县级,1,7,2,565,9350,"(7370.0, 10954.0]"
金鼎贸易有限责任公司002025,9.13922770260497e+017,1,1,县级,,2,4,-3434545,27770,"(24660.0, 27972.0]"
天成建设股份有限公司002026,9.136499672763396e+017,0,1,国家级,4,4,,565,8720,"(7370.0, 10954.0]"
星河物流有限公司002027,9.137042e+017,0,1,省级,4,6,3,6767,5290,"(3780.0, 7370.0]"
汇通食品股份有限公司002028,9.139744697071198e+017,1,0,县级,2,1,2,565656,16690,"(14480.0, 17855.0]"
天成信息股份有限公司002029,9.1326e+017,1,1,市级,2,1,,565,26550,"(24660.0, 27972.0]"
华泰生物股份有限公司002030,9.130805711e+017,1,1,国家级,6,5,,565656,11560,"(10954.0, 14480.0]"
华泰医药股份有限公司002031,9.1360448671e+017,0,0,省级,7,5,2,565656,9510,"(7370.0, 10954.0]"
启明机械有限责任公司002032,9.132733188156754e+017,0,1,市级,6,7,3,565656,17990,"(17855.0, 21364.0]"
星河装备股份有限公司002033,9.13045530017314e+017,0,0,,5,,4,6767,29500,"(27972.0, 31471.0]"
天成贸易有限责任公司002034,9.1325177485652642e+017,1,1,省级,5,3,,-2323432,2190,"(49.999, 3780.0]"
鼎盛环保股份有限公司002035,9.136520e+017,0,1,县级,,,4,676767,23430,"(21364.0, 24660.0]"
盛世化工集团有限公司002036,9.1320506506961588e+017,1,1,县级,4,,2,565,4850,"(3780.0, 7370.0]"
博雅环保股份有限公司002037,9.13604062321e+017,1,1,县级,,,1,6767,27790,"(24660.0, 27972.0]"
永泰电子集团有限公司002038,9.130704e+017,,0,县级,5,3,3,6767,11130,"(10954.0, 14480.0]"
永泰化工股份有限公司002039,9.13286017e+017,1,1,县级,5,5,5,-2323432,20800,"(17855.0, 21364.0]"
创元医药集团有限公司002040,9.132237750e+017,1,0,省级,,7,6,565,28190,"(27972.0, 31471.0]"
华信智能股份有限公司002041,9.13655e+017,1,0,,3,5,3,343434,11460,"(10954.0, 14480.0]"
星河机械股份有限公司002042,9.13610296544190e+017,1,1,省级,3,1,5,5656,31090,"(27972.0, 31471.0]"
博雅能源股份有限公司002043,9.134645e+017,,1,国家级,4,1,2,-2323432,31930,"(31471.0, 35000.0]"
鼎盛装备有限公司002044,9.1311785125927291e+017,1,0,省级,4,4,2,6767,27620,"(24660.0, 27972.0]"
鼎盛材料股份有限公司002045,9.1357224588e+017,0,0,省级,3,,4,565,19640,"(17855.0, 21364.0]"
鼎盛物流有限责任公司002046,9.13926686680807e+017,1,,国家级,1,6,2,6767,8980,"(7370.0, 10954.0]"
金鼎电子股份有限公司002047,9.1392e+017,0,0,国家级,4,1,6,343434,33400,"(31471.0, 35000.0]"
宏达智能集团有限公司002048,9.13689495427629e+017,0,0,,2,3,2,565,23340,"(21364.0, 24660.0]"
天成信息有限公司002049,9.13618098098804e+017,0,0,省级,1,2,,565,25320,"(24660.0, 27972.0]"
创元化工股份有限公司002050,9.1327222e+017,0,1,,7,,4,343434,10650,"(7370.0, 10954.0]"
瑞丰贸易有限公司002051,9.13651e+017,,1,市级,4,5,7,-3434545,18170,"(17855.0, 21364.0]"
盛世纺织有限责任公司002052,9.139664e+017,,0,省级,1,5,7,6767,30170,"(27972.0, 31471.0]"
汇通生物有限责任公司002053,9.1355063698e+017,1,0,县级,,2,,5656,29120,"(27972.0, 31471.0]"
鼎盛食品股份有限公司002054,9.1302236449e+017,1,1,国家级,6,3,7,676767,24500,"(21364.0, 24660.0]"
中原医药有限公司002055,9.13774422212e+017,1,0,县级,6,2,1,343434,6410,"(3780.0, 7370.0]"
华泰医药有限公司002056,9.13510295838e+017,,0,,6,7,1,565,10590,"(7370.0, 10954.0]"
永泰机械集团有限公司002057,9.13719e+017,0,1,省级,3,,2,565,17510,"(14480.0, 17855.0]"
宏达信息集团有限公司002058,9.134176892e+017,,0,市级,4,6,3,-2323432,8690,"(7370.0, 10954.0]"
华信信息有限公司002059,9.1325499314e+017,1,1,省级,2,3,1,5656,17150,"(14480.0, 17855.0]"
中原物流股份有限公司002060,9.1354e+017,0,0,省级,1,4,3,343434,3390,"(49.999, 3780.0]"
宏达材料集团有限公司002061,9.13789e+017,1,1,,2,3,4,5656,15400,"(14480.0, 17855.0]"
永泰材料有限公司002062,9.13678758647401e+017,0,1,国家级,4,,1,-3434545,7000,"(3780.0, 7370.0]"
宏达生物有限责任公司002063,9.1339e+017,1,1,市级,3,3,1,5656,12130,"(10954.0, 14480.0]"
星河贸易股份有限公司002064,9.1360385e+017,1,0,,7,1,1,5656,14620,"(14480.0, 17855.0]"
天成物流股份有限公司002065,9.1376385869225437e+017,1,1,,4,7,2,565656,21990,"(21364.0, 24660.0]"
盛世科技有限责任公司002066,9.1394506e+017,1,0,县级,,7,7,-2323432,26130,"(24660.0, 27972.0]"
瑞丰物流股份有限公司002067,9.1339431491421e+017,1,0,县级,5,4,5,6767,28490,"(27972.0, 31471.0]"
远航建设有限责任公司002068,9.137703e+017,1,1,,3,5,3,565656,1400,"(49.999, 3780.0]"
金鼎建设股份有限公司002069,9.135194072346150e+017,1,0,省级,7,4,5,6767,3200,"(49.999, 3780.0]"
金鼎建设集团有限公司002070,9.1350114747299e+017,0,1,省级,1,7,7,676767,25370,"(24660.0, 27972.0]"
远航科技股份有限公司002071,9.134426333388e+017,1,1,国家级,6,3,4,565,28810,"(27972.0, 31471.0]"
华信食品有限公司002072,9.1344903593e+017,1,0,县级,5,1,,676767,1730,"(49.999, 3780.0]"
华泰物流集团有限公司002073,9.13821e+017,1,1,省级,2,6,7,343434,1780,"(49.999, 3780.0]"
汇通建设有限公司002074,9.133883e+017,1,1,省级,5,4,6,-3434545,27700,"(24660.0, 27972.0]"
汇通材料集团有限公司002075,9.134728639e+017,1,0,省级,4,3,3,565,11120,"(10954.0, 14480.0]"
瑞丰科技有限公司002076,9.1309039572869e+017,0,0,,,,6,565656,3130,"(49.999, 3780.0]"
永泰机械有限公司002077,9.134966e+017,0,1,市级,2,5,4,-2323432,13150,"(10954.0, 14480.0]"
天成机械有限责任公司002078,9.1348479207405187e+017,0,0,县级,,1,6,-2323432,28410,"(27972.0, 31471.0]"
宏达材料有限公司002079,9.1320410e+017,0,0,,2,3,6,6767,21740,"(21364.0, 24660.0]"
盛世贸易有限公司002080,9.136370e+017,0,1,省级,7,4,3,-2323432,18400,"(17855.0, 21364.0]"
嘉禾智能有限公司002081,9.137462e+017,0,0,市级,7,,4,-3434545,34270,"(31471.0, 35000.0]"
盛世环保有限责任公司002082,9.13147537e+017,1,1,省级,4,4,5,5656,24540,"(21364.0, 24660.0]"
中原贸易有限责任公司002083,9.13770518650679e+017,1,,市级,3,3,3,-2323432,17940,"(17855.0, 21364.0]"
金鼎机械集团有限公司002084,9.1346979508e+017,0,1,县级,3,7,3,5656,18740,"(17855.0, 21364.0]"
远航物流股份有限公司002085,9.137502e+017,0,0,,2,7,2,676767,1340,"(49.999, 3780.0]"
鼎盛网络股份有限公司002086,9.1335148749e+017,1,1,省级,,5,6,-3434545,28710,"(27972.0, 31471.0]"
盛世能源集团有限公司002087,9.138499991e+017,1,0,,3,7,2,565656,22420,"(21364.0, 24660.0]"
汇通生物有限公司002088,9.13497311149e+017,1,1,国家级,6,,1,-2323432,1850,"(49.999, 3780.0]"
鼎盛物流股份有限公司002089,9.13400597583445e+017,1,0,,3,3,7,565,30840,"(27972.0, 31471.0]"
盛世电子有限公司002090,9.13872550541e+017,1,0,省级,,5,6,565656,16720,"(14480.0, 17855.0]"
鼎盛建设股份有限公司002091,9.13694e+017,0,1,省级,7,1,7,565,32160,"(31471.0, 35000.0]"
天成贸易集团有限公司002092,9.13706992269e+017,0,1,市级,7,2,5,5656,31850,"(31471.0, 35000.0]"
博雅能源有限责任公司002093,9.13209e+017,1,1,市级,1,6,,565656,490,"(49.999, 3780.0]"
中原医药集团有限公司002094,9.13598491387e+017,1,0,国家级,2,5,2,343434,26050,"(24660.0, 27972.0]"
博雅医药集团有限公司002095,9.13432e+017,,,县级,1,2,5,343434,27430,"(24660.0, 27972.0]"
启明装备有限公司002096,9.131322082204e+017,1,0,国家级,2,4,4,343434,30590,"(27972.0, 31471.0]"
远航网络有限责任公司002097,9.1390028422417e+017,0,0,国家级,4,5,1,565656,1450,"(49.999, 3780.0]"
联创智能有限责任公司002098,9.131733358136822e+017,,1,县级,6,,1,-3434545,30310,"(27972.0, 31471.0]"
中原智能有限公司002099,9.132124076645e+017,0,0,省级,3,,,-3434545,2240,"(49.999, 3780.0]"
鼎盛生物有限责任公司002100,9.1392e+017,0,1,市级,1,,3,565,24860,"(24660.0, 27972.0]"
星河机械股份有限公司002101,9.13421756e+017,0,0,县级,6,2,4,565,27030,"(24660.0, 27972.0]"
汇通机械有限责任公司002102,9.135288e+017,1,1,省级,3,4,3,565,21210,"(17855.0, 21364.0]"
华信能源股份有限公司002103,9.139975483937772e+017,1,1,省级,2,4,3,343434,9780,"(7370.0, 10954.0]"
启明医药有限责任公司002104,9.1312472237207419e+017,1,,国家级,2,7,1,676767,34940,"(31471.0, 35000.0]"
华泰医药集团有限公司002105,9.132108583e+017,1,0,省级,2,5,6,343434,20100,"(17855.0, 21364.0]"
星河生物有限责任公司002106,9.1389981811994281e+017,1,0,国家级,5,7,7,676767,4140,"(3780.0, 7370.0]"
远航医药集团有限公司002107,9.13971972e+017,0,0,省级,2,5,3,676767,33250,"(31471.0, 35000.0]"
汇通纺织集团有限公司002108,9.13633e+017,0,,县级,7,7,1,6767,25150,"(24660.0, 27972.0]"
华信网络有限公司002109,9.135798e+017,1,,市级,3,5,5,6767,19950,"(17855.0, 21364.0]"
华泰化工有限公司002110,9.132831197e+017,1,1,县级,4,3,5,-2323432,1570,"(49.999, 3780.0]"
创元纺织股份有限公司002111,9.1301231625e+017,1,0,国家级,1,,3,5656,900,"(49.999, 3780.0]"
宏达生物有限责任公司002112,9.1371845816302129e+017,0,0,县级,7,4,2,-3434545,19490,"(17855.0, 21364.0]"
永泰材料有限公司002113,9.136237e+017,0,1,市级,,2,5,6767,30520,"(27972.0, 31471.0]"
鼎盛科技有限责任公司002114,9.13631691455e+017,0,1,市级,6,7,5,676767,11570,"(10954.0, 14480.0]"
创元智能股份有限公司002115,9.137617479045522e+017,1,0,市级,4,3,4,5656,30570,"(27972.0, 31471.0]"
鼎盛电子集团有限公司002116,9.13196034897e+017,,,市级,3,2,5,-3434545,2200,"(49.999, 3780.0]"
盛世电子集团有限公司002117,9.13015043e+017,1,0,县级,2,5,2,-2323432,3970,"(3780.0, 7370.0]"
启明能源股份有限公司002118,9.13548759e+017,1,1,市级,5,2,6,6767,14470,"(10954.0, 14480.0]"
启明智能股份有限公司002119,9.136849785e+017,0,1,县级,6,1,7,565656,15800,"(14480.0, 17855.0]"
金鼎生物股份有限公司002120,9.13894511932e+017,1,0,省级,2,,,6767,21750,"(21364.0, 24660.0]"
天成化工集团有限公司002121,9.131875705e+017,0,0,省级,2,,1,676767,29870,"(27972.0, 31471.0]"
华信装备集团有限公司002122,9.139410367580693e+017,0,,国家级,6,1,7,676767,32420,"(31471.0, 35000.0]"
瑞丰食品股份有限公司002123,9.1308773731692e+017,1,0,县级,1,6,5,343434,21710,"(21364.0, 24660.0]"
远航环保有限公司002124,9.1370183256618e+017,0,0,市级,,4,6,565656,19320,"(17855.0, 21364.0]"
创元网络有限公司002125,9.136839e+017,0,0,国家级,,1,,343434,6180,"(3780.0, 7370.0]"
鼎盛纺织股份有限公司002126,9.1387101494116e+017,0,0,,6,2,6,5656,260,"(49.999, 3780.0]"
中原纺织集团有限公司002127,9.13170e+017,0,1,县级,3,5,5,-2323432,5020,"(3780.0, 7370.0]"
创元科技有限责任公司002128,9.13805759502424e+017,0,0,省级,2,6,,565656,21270,"(17855.0, 21364.0]"
创元建设集团有限公司002129,9.1361e+017,0,,国家级,6,5,1,5656,8000,"(7370.0, 10954.0]"
博雅智能股份有限公司002130,9.130739004963e+017,0,1,县级,4,6,4,5656,21260,"(17855.0, 21364.0]"
中原机械有限公司002131,9.13047164954584e+017,1,1,国家级,2,1,7,565656,34820,"(31471.0, 35000.0]"
博雅信息股份有限公司002132,9.1332276654842749e+017,1,1,市级,1,3,5,676767,8720,"(7370.0, 10954.0]"
鼎盛食品有限责任公司002133,9.1394538823234533e+017,1,0,县级,,1,1,565656,9620,"(7370.0, 10954.0]"
宏达生物有限公司002134,9.13337e+017,,0,县级,6,5,2,-2323432,32290,"(31471.0, 35000.0]"
启明物流股份有限公司002135,9.133153e+017,1,0,县级,1,,1,5656,31670,"(31471.0, 35000.0]"
天成建设有限责任公司002136,9.13921510981e+017,,1,,,,2,565656,18420,"(17855.0, 21364.0]"
远航网络股份有限公司002137,9.13638082632676e+017,0,,,4,,4,-2323432,23220,"(21364.0, 24660.0]"
汇通电子有限公司002138,9.13264293e+017,0,1,国家级,4,7,7,676767,19530,"(17855.0, 21364.0]"
中原装备有限责任公司002139,9.132895405847438e+017,1,1,县级,5,7,5,6767,2640,"(49.999, 3780.0]"
嘉禾智能集团有限公司002140,9.1345540421001499e+017,1,1,市级,6,7,5,-3434545,24200,"(21364.0, 24660.0]"
嘉禾化工股份有限公司002141,9.136923e+017,0,0,,2,7,6,6767,28860,"(27972.0, 31471.0]"
博雅贸易股份有限公司002142,9.133773125245870e+017,0,0,,6,3,5,-3434545,27030,"(24660.0, 27972.0]"
远航智能有限公司002143,9.131569443e+017,1,,国家级,1,6,5,676767,5860,"(3780.0, 7370.0]"
天成电子集团有限公司002144,9.136273964e+017,0,0,,3,6,,6767,2360,"(49.999, 3780.0]"
联创生物有限责任公司002145,9.137751e+017,1,1,国家级,1,,5,565656,21900,"(21364.0, 24660.0]"
华信网络有限责任公司002146,9.136859441649331e+017,,1,市级,7,,4,-2323432,24330,"(21364.0, 24660.0]"
金鼎能源股份有限公司002147,9.1323518e+017,1,0,国家级,2,,,-3434545,29400,"(27972.0, 31471.0]"
宏达信息股份有限公司002148,9.13484e+017,1,1,,,6,7,565656,33300,"(31471.0, 35000.0]"
联创装备有限责任公司002149,9.13465e+017,0,0,省级,6,3,7,-3434545,18510,"(17855.0, 21364.0]"
天成纺织股份有限公司002150,9.1307025076e+017,1,1,,2,2,,-3434545,18750,"(17855.0, 21364.0]"
天成贸易集团有限公司002151,9.136474e+017,0,,,,1,4,565,16830,"(14480.0, 17855.0]"
鼎盛环保有限公司002152,9.1318e+017,,1,省级,2,5,7,343434,23930,"(21364.0, 24660.0]"
华信信息集团有限公司002153,9.131987921650e+017,0,0,市级,5,6,,-2323432,3370,"(49.999, 3780.0]"
创元网络股份有限公司002154,9.134915e+017,0,0,国家级,1,5,4,5656,13130,"(10954.0, 14480.0]"
汇通医药有限公司002155,9.1374931352762e+017,1,0,县级,7,7,4,343434,8270,"(7370.0, 10954.0]"
盛世物流股份有限公司002156,9.1391727e+017,0,1,省级,1,2,7,343434,25690,"(24660.0, 27972.0]"
永泰医药有限责任公司002157,9.1307496875e+017,1,1,市级,7,2,2,565,1010,"(49.999, 3780.0]"
嘉禾智能有限公司002158,9.1325588774050315e+017,0,1,县级,,5,7,5656,8960,"(7370.0, 10954.0]"
瑞丰机械股份有限公司002159,9.13134125383e+017,1,,市级,5,4,2,6767,32370,"(31471.0, 35000.0]"
中原智能有限公司002160,9.1370393367e+017,1,1,国家级,5,5,4,565,15060,"(14480.0, 17855.0]"
星河建设集团有限公司002161,9.13409358271732e+017,0,0,县级,2,1,,5656,7660,"(7370.0, 10954.0]"
启明装备股份有限公司002162,9.138845879579e+017,,1,国家级,6,7,3,565,32430,"(31471.0, 35000.0]"
宏达贸易有限公司002163,9.1383e+017,0,1,县级,,7,4,565,7290,"(3780.0, 7370.0]"
星河能源有限公司002164,9.132411420e+017,1,1,省级,,2,4,6767,13600,"(10954.0, 14480.0]"
中原材料有限公司002165,9.134929704538e+017,1,,县级,7,5,,5656,29210,"(27972.0, 31471.0]"
盛世化工有限公司002166,9.13315383e+017,1,1,国家级,,6,2,-2323432,25890,"(24660.0, 27972.0]"
金鼎智能有限责任公司002167,9.13703e+017,1,0,县级,1,3,1,676767,31940,"(31471.0, 35000.0]"
华泰物流股份有限公司002168,9.1321779429e+017,,0,县级,1,7,,6767,25700,"(24660.0, 27972.0]"
联创食品集团有限公司002169,9.13324e+017,0,1,国家级,1,1,7,5656,860,"(49.999, 3780.0]"
联创材料有限责任公司002170,9.137065868e+017,1,0,市级,6,6,5,565656,7080,"(3780.0, 7370.0]"
永泰材料股份有限公司002171,9.1370700227e+017,1,1,省级,,,1,565,23420,"(21364.0, 24660.0]"
星河食品有限责任公司002172,9.1359491868e+017,1,1,省级,,1,5,-2323432,26140,"(24660.0, 27972.0]"
启明装备有限公司002173,9.13375578545765e+017,,0,县级,2,2,5,-2323432,16540,"(14480.0, 17855.0]"
金鼎电子有限公司002174,9.132664e+017,0,1,国家级,,2,3,-3434545,15230,"(14480.0, 17855.0]"
创元食品股份有限公司002175,9.132477e+017,,0,国家级,3,6,,343434,31590,"(31471.0, 35000.0]"
中原电子有限公司002176,9.13793996979339e+017,0,0,县级,,3,7,676767,21680,"(21364.0, 24660.0]"
启明物流股份有限公司002177,9.1386816e+017,1,0,国家级,5,4,7,676767,14200,"(10954.0, 14480.0]"
启明建设股份有限公司002178,9.134960334299e+017,,1,省级,4,4,6,5656,4710,"(3780.0, 7370.0]"
嘉禾食品股份有限公司002179,9.13397181905974e+017,1,0,市级,2,1,4,565656,18240,"(17855.0, 21364.0]"
星河能源集团有限公司002180,9.134877e+017,0,0,市级,,4,,343434,4850,"(3780.0, 7370.0]"
远航建设股份有限公司002181,9.1357247e+017,1,1,省级,5,4,1,-3434545,23810,"(21364.0, 24660.0]"
宏达信息有限责任公司002182,9.130099986692e+017,1,1,,,2,6,565,34590,"(31471.0, 35000.0]"
联创贸易有限责任公司002183,9.1345364e+017,1,0,县级,,5,6,6767,29570,"(27972.0, 31471.0]"
盛世能源集团有限公司002184,9.1302e+017,,1,国家级,,4,4,565656,3510,"(49.999, 3780.0]"
中原能源有限公司002185,9.131453869e+017,0,1,国家级,7,7,5,-2323432,28430,"(27972.0, 31471.0]"
汇通贸易有限责任公司002186,9.135939224455e+017,1,0,国家级,4,,4,565,31600,"(31471.0, 35000.0]"
汇通纺织股份有限公司002187,9.1393303815695e+017,0,1,县级,3,2,7,343434,15350,"(14480.0, 17855.0]"
汇通网络股份有限公司002188,9.13081173e+017,0,0,,1,7,4,-3434545,26700,"(24660.0, 27972.0]"
鼎盛网络集团有限公司002189,9.1328e+017,,,,2,7,5,5656,23190,"(21364.0, 24660.0]"
中原环保有限责任公司002190,9.138589654981844e+017,0,0,县级,,2,,565,26780,"(24660.0, 27972.0]"
天成电子股份有限公司002191,9.13870566e+017,0,0,县级,,7,4,565,2150,"(49.999, 3780.0]"
宏达科技有限公司002192,9.1365660505e+017,0,1,县级,3,,1,565656,5720,"(3780.0, 7370.0]"
华信机械股份有限公司002193,9.13372990e+017,0,,县级,5,2,4,-2323432,10230,"(7370.0, 10954.0]"
远航智能有限责任公司002194,9.13321119026623e+017,1,0,,,2,7,676767,2960,"(49.999, 3780.0]"
金鼎医药有限责任公司002195,9.1333287425e+017,1,1,国家级,1,3,2,-3434545,31510,"(31471.0, 35000.0]"
永泰生物有限公司002196,9.137501543e+017,1,0,国家级,,1,5,565656,14370,"(10954.0, 14480.0]"
远航信息有限公司002197,9.131446619e+017,1,,国家级,5,6,5,5656,4410,"(3780.0, 7370.0]"
天成机械有限责任公司002198,9.13536377665995e+017,0,0,省级,3,2,4,343434,22710,"(21364.0, 24660.0]"
华信信息股份有限公司002199,9.13462e+017,0,1,国家级,7,2,3,676767,12730,"(10954.0, 14480.0]"
天成食品有限公司002200,9.13702e+017,1,1,市级,,,,676767,8110,"(7370.0, 10954.0]"
华信装备股份有限公司002201,9.13968e+017,0,1,市级,4,2,5,565,30650,"(27972.0, 31471.0]"
联创机械有限公司002202,9.137474073972e+017,1,1,市级,6,2,7,-2323432,27960,"(24660.0, 27972.0]"
汇通信息有限公司002203,9.1354551924152e+017,1,,县级,,2,,343434,5140,"(3780.0, 7370.0]"
远航机械有限责任公司002204,9.1337520e+017,0,1,市级,6,7,4,343434,4850,"(3780.0, 7370.0]"
永泰装备股份有限公司002205,9.134091341781e+017,0,1,市级,4,3,3,343434,9380,"(7370.0, 10954.0]"
天成科技集团有限公司002206,9.137368072966e+017,0,0,省级,6,,5,343434,11500,"(10954.0, 14480.0]"
永泰建设有限公司002207,9.13046445030e+017,0,0,国家级,4,3,7,-2323432,7000,"(3780.0, 7370.0]"
联创化工集团有限公司002208,9.132722373695043e+017,0,1,市级,,5,,565,7310,"(3780.0, 7370.0]"
天成电子集团有限公司002209,9.1353e+017,1,1,国家级,4,2,2,-3434545,31080,"(27972.0, 31471.0]"
星河建设股份有限公司002210,9.137405e+017,0,0,县级,7,4,,343434,15600,"(14480.0, 17855.0]"
星河智能有限责任公司002211,9.13260062e+017,0,1,县级,5,1,4,676767,12760,"(10954.0, 14480.0]"
博雅网络有限责任公司002212,9.13747e+017,1,1,县级,5,3,3,-3434545,23080,"(21364.0, 24660.0]"
盛世食品集团有限公司002213,9.133676657031e+017,,0,省级,,5,7,565656,25360,"(24660.0, 27972.0]"
远航机械集团有限公司002214,9.1354574988396838e+017,0,1,,3,6,7,676767,3060,"(49.999, 3780.0]"
永泰机械股份有限公司002215,9.1306899247e+017,0,1,县级,3,7,1,-2323432,20120,"(17855.0, 21364.0]"
博雅物流集团有限公司002216,9.1395512e+017,0,1,,,,2,6767,6690,"(3780.0, 7370.0]"
宏达网络股份有限公司002217,9.132144537150451e+017,1,1,国家级,5,,2,343434,16810,"(14480.0, 17855.0]"
嘉禾机械集团有限公司002218,9.1326355e+017,1,0,县级,,3,1,676767,17360,"(14480.0, 17855.0]"
博雅医药有限公司002219,9.134552787e+017,1,0,国家级,,7,1,676767,10180,"(7370.0, 10954.0]"
嘉禾食品有限公司002220,9.1350786796999e+017,0,0,国家级,3,1,5,565,25540,"(24660.0, 27972.0]"
汇通建设有限公司002221,9.134155e+017,0,1,县级,5,6,,565656,9650,"(7370.0, 10954.0]"
鼎盛食品股份有限公司002222,9.136858431162e+017,,1,国家级,2,2,,565,20720,"(17855.0, 21364.0]"
远航医药有限公司002223,9.1355e+017,1,0,国家级,7,7,4,6767,28080,"(27972.0, 31471.0]"
盛世生物股份有限公司002224,9.1379358434231e+017,1,1,国家级,4,,6,5656,23730,"(21364.0, 24660.0]"
华信生物有限公司002225,9.13409991514140e+017,1,,国家级,1,6,1,565,21020,"(17855.0, 21364.0]"
中原电子有限公司002226,9.132647e+017,0,1,省级,4,6,5,676767,9020,"(7370.0, 10954.0]"
嘉禾材料股份有限公司002227,9.13425396e+017,1,0,县级,5,,,6767,1120,"(49.999, 3780.0]"
鼎盛化工有限公司002228,9.13280970e+017,,1,国家级,1,5,1,676767,12610,"(10954.0, 14480.0]"
汇通装备有限责任公司002229,9.13331702533797e+017,0,0,省级,3,1,6,565656,3220,"(49.999, 3780.0]"
创元环保有限公司002230,9.133330032e+017,1,1,市级,3,2,2,343434,20210,"(17855.0, 21364.0]"
中原信息集团有限公司002231,9.1348422663154e+017,,0,市级,2,,1,343434,24410,"(21364.0, 24660.0]"
鼎盛食品股份有限公司002232,9.13364e+017,1,0,市级,,7,3,6767,33620,"(31471.0, 35000.0]"
远航信息有限责任公司002233,9.132979934965775e+017,0,0,国家级,5,2,3,565656,34070,"(31471.0, 35000.0]"
永泰材料有限责任公司002234,9.13024478e+017,,1,,1,4,4,676767,5930,"(3780.0, 7370.0]"
瑞丰物流有限公司002235,9.13526963642721e+017,0,1,市级,2,1,6,565,4760,"(3780.0, 7370.0]"
联创机械股份有限公司002236,9.13269863013e+017,0,1,省级,2,4,7,565656,17800,"(14480.0, 17855.0]"
鼎盛材料有限责任公司002237,9.1349185147561e+017,1,0,市级,1,4,,6767,23260,"(21364.0, 24660.0]"
华泰科技股份有限公司002238,9.13410e+017,1,1,省级,,4,2,-3434545,20600,"(17855.0, 21364.0]"
中原建设集团有限公司002239,9.1334e+017,1,,,4,1,5,676767,1820,"(49.999, 3780.0]"
天成科技有限公司002240,9.132920722303358e+017,0,,国家级,1,,2,565656,25660,"(24660.0, 27972.0]"
博雅纺织股份有限公司002241,9.1378236084e+017,0,1,县级,7,7,7,565,24690,"(24660.0, 27972.0]"
金鼎化工集团有限公司002242,9.1368e+017,0,1,国家级,3,7,3,565656,8150,"(7370.0, 10954.0]"
金鼎信息有限责任公司002243,9.1339141e+017,0,0,县级,,7,,676767,460,"(49.999, 3780.0]"
盛世环保有限责任公司002244,9.13327192e+017,0,1,市级,,3,4,343434,11500,"(10954.0, 14480.0]"
中原智能有限责任公司002245,9.1388e+017,1,0,县级,7,1,5,676767,28060,"(27972.0, 31471.0]"
远航材料有限公司002246,9.1376226e+017,1,0,省级,,,6,676767,29210,"(27972.0, 31471.0]"
华信食品有限责任公司002247,9.1346684713290102e+017,0,1,国家级,5,7,3,343434,3050,"(49.999, 3780.0]"
天成能源有限责任公司002248,9.13968289014081e+017,0,1,国家级,1,,,5656,7880,"(7370.0, 10954.0]"
启明生物有限责任公司002249,9.13871819383e+017,1,1,市级,,,5,-2323432,19020,"(17855.0, 21364.0]"
嘉禾建设集团有限公司002250,9.132131148241e+017,1,0,市级,6,6,4,565656,110,"(49.999, 3780.0]"
远航建设有限公司002251,9.13976e+017,0,,,5,,3,-3434545,9100,"(7370.0, 10954.0]"
鼎盛化工有限公司002252,9.13061668464e+017,0,0,,1,2,,565,31830,"(31471.0, 35000.0]"
鼎盛网络集团有限公司002253,9.1344405572477213e+017,1,1,国家级,7,7,,565,15990,"(14480.0, 17855.0]"
永泰材料有限公司002254,9.13706e+017,1,1,,5,3,4,-3434545,6500,"(3780.0, 7370.0]"
星河机械股份有限公司002255,9.1357e+017,0,0,市级,7,2,5,-3434545,29810,"(27972.0, 31471.0]"
鼎盛食品股份有限公司002256,9.13571e+017,0,,,4,6,6,-2323432,16230,"(14480.0, 17855.0]"
中原装备集团有限公司002257,9.1362552576150335e+017,1,,县级,6,5,2,676767,23380,"(21364.0, 24660.0]"
联创生物有限责任公司002258,9.1321013e+017,0,,国家级,,3,2,-2323432,24740,"(24660.0, 27972.0]"
金鼎物流有限责任公司002259,9.1356e+017,1,0,县级,2,7,3,-2323432,34190,"(31471.0, 35000.0]"
创元纺织有限公司002260,9.13636919e+017,0,0,县级,6,7,5,676767,2350,"(49.999, 3780.0]"
永泰化工股份有限公司002261,9.13717752969426e+017,0,1,县级,,5,,343434,28740,"(27972.0, 31471.0]"
华泰装备有限公司002262,9.130875505e+017,1,1,国家级,6,1,3,5656,6760,"(3780.0, 7370.0]"
华信医药股份有限公司002263,9.1374e+017,0,,省级,4,5,,565,9290,"(7370.0, 10954.0]"
远航建设有限责任公司002264,9.1324786357e+017,0,0,省级,2,6,6,-2323432,3120,"(49.999, 3780.0]"
宏达智能有限公司002265,9.130954968617730e+017,1,0,国家级,2,7,4,565,11650,"(10954.0, 14480.0]"
汇通环保集团有限公司002266,9.135625762109028e+017,0,1,国家级,4,1,5,565,4880,"(3780.0, 7370.0]"
宏达环保有限责任公司002267,9.137275622021758e+017,0,0,国家级,3,3,7,565656,15700,"(14480.0, 17855.0]"
金鼎纺织集团有限公司002268,9.1332e+017,1,0,省级,,2,6,565656,30390,"(27972.0, 31471.0]"
鼎盛生物有限责任公司002269,9.1324148e+017,1,0,县级,4,4,5,565,15440,"(14480.0, 17855.0]"
鼎盛机械有限责任公司002270,9.13924e+017,0,0,省级,4,5,6,-3434545,15270,"(14480.0, 17855.0]"
盛世物流有限公司002271,9.137786341448e+017,1,1,县级,1,2,5,565656,8560,"(7370.0, 10954.0]"
博雅装备股份有限公司002272,9.1360688867420e+017,1,0,市级,6,1,5,565,34970,"(31471.0, 35000.0]"
盛世材料股份有限公司002273,9.131531214e+017,0,0,省级,4,,2,565656,16710,"(14480.0, 17855.0]"
盛世物流有限责任公司002274,9.1360170593e+017,1,0,市级,,6,4,6767,17540,"(14480.0, 17855.0]"
盛世网络有限责任公司002275,9.137873516832022e+017,1,0,国家级,2,1,3,-2323432,15370,"(14480.0, 17855.0]"
嘉禾电子股份有限公司002276,9.13555773432823e+017,0,0,省级,,3,,565,31370,"(27972.0, 31471.0]"
鼎盛信息股份有限公司002277,9.1329758e+017,1,1,国家级,5,3,,676767,11170,"(10954.0, 14480.0]"
启明电子有限责任公司002278,9.1389090660947e+017,0,1,县级,,2,3,-3434545,25040,"(24660.0, 27972.0]"
瑞丰机械股份有限公司002279,9.1312842e+017,0,0,省级,5,5,4,-2323432,11010,"(10954.0, 14480.0]"
汇通科技有限公司002280,9.138513e+017,1,0,国家级,5,,,-3434545,30840,"(27972.0, 31471.0]"
联创装备有限责任公司002281,9.13900e+017,0,,省级,2,,7,565656,18560,"(17855.0, 21364.0]"
远航食品有限责任公司002282,9.13310323385437e+017,1,1,市级,5,2,4,6767,21830,"(21364.0, 24660.0]"
中原生物集团有限公司002283,9.134312e+017,0,1,省级,1,6,3,6767,25140,"(24660.0, 27972.0]"
盛世纺织有限公司002284,9.13670779244547e+017,1,,省级,6,4,,-3434545,31810,"(31471.0, 35000.0]"
星河网络有限责任公司002285,9.136459e+017,1,1,市级,7,4,7,676767,4840,"(3780.0, 7370.0]"
嘉禾贸易股份有限公司002286,9.136327e+017,,0,国家级,,1,1,5656,14230,"(10954.0, 14480.0]"
博雅信息有限公司002287,9.13366497069e+017,1,0,国家级,3,,2,5656,18020,"(17855.0, 21364.0]"
天成食品集团有限公司002288,9.1395021e+017,0,,国家级,6,3,6,-2323432,9860,"(7370.0, 10954.0]"
博雅环保集团有限公司002289,9.1356089804661e+017,1,0,市级,5,,1,6767,5420,"(3780.0, 7370.0]"
华信装备集团有限公司002290,9.1306650688857e+017,1,0,,3,7,5,-2323432,4130,"(3780.0, 7370.0]"
金鼎化工集团有限公司002291,9.137052e+017,1,1,市级,2,,6,-3434545,13980,"(10954.0, 14480.0]"
瑞丰食品有限公司002292,9.13284000e+017,0,0,县级,4,4,4,565656,31720,"(31471.0, 35000.0]"
博雅医药集团有限公司002293,9.135833e+017,1,0,省级,5,,7,676767,20840,"(17855.0, 21364.0]"
联创化工有限责任公司002294,9.13866100005e+017,0,0,县级,6,,3,565,19330,"(17855.0, 21364.0]"
启明材料有限责任公司002295,9.1326e+017,1,,市级,4,2,6,-3434545,12390,"(10954.0, 14480.0]"
联创科技股份有限公司002296,9.131318382e+017,0,1,县级,6,,1,-3434545,15220,"(14480.0, 17855.0]"
远航物流有限责任公司002297,9.139326e+017,1,,县级,,2,1,565656,15070,"(14480.0, 17855.0]"
天成医药股份有限公司002298,9.1354e+017,,1,国家级,2,7,,6767,17340,"(14480.0, 17855.0]"
金鼎食品有限公司002299,9.13186960e+017,1,,省级,4,6,3,6767,31770,"(31471.0, 35000.0]"
宏达贸易集团有限公司002300,9.1397e+017,1,0,,,1,3,565,12510,"(10954.0, 14480.0]"
华信信息股份有限公司002301,9.13756e+017,1,1,县级,5,2,5,6767,23760,"(21364.0, 24660.0]"
创元科技有限责任公司002302,9.133003580875e+017,1,0,市级,,7,5,-2323432,23530,"(21364.0, 24660.0]"
汇通智能股份有限公司002303,9.132778340793281e+017,0,,县级,5,7,5,343434,9880,"(7370.0, 10954.0]"
宏达食品有限公司002304,9.13457417918e+017,1,,,,,1,-2323432,20170,"(17855.0, 21364.0]"
华信电子有限公司002305,9.13011392e+017,0,0,县级,,,7,6767,6950,"(3780.0, 7370.0]"
鼎盛材料有限责任公司002306,9.1389158336e+017,1,1,国家级,3,6,4,343434,13250,"(10954.0, 14480.0]"
金鼎信息集团有限公司002307,9.1382656e+017,0,1,,3,6,1,5656,28610,"(27972.0, 31471.0]"
博雅纺织股份有限公司002308,9.13086657486597e+017,1,1,县级,4,,6,565656,34610,"(31471.0, 35000.0]"
盛世环保股份有限公司002309,9.132337339347e+017,1,0,县级,2,7,,565656,18980,"(17855.0, 21364.0]"
金鼎贸易集团有限公司002310,9.13732e+017,0,0,县级,1,6,3,6767,16540,"(14480.0, 17855.0]"
博雅贸易有限责任公司002311,9.1376930888370799e+017,0,0,省级,7,5,2,343434,31820,"(31471.0, 35000.0]"
联创机械股份有限公司002312,9.1384e+017,1,0,省级,3,2,3,-3434545,23100,"(21364.0, 24660.0]"
星河电子有限公司002313,9.1326724089e+017,1,,,7,2,4,343434,32300,"(31471.0, 35000.0]"
汇通信息股份有限公司002314,9.13710e+017,1,0,国家级,3,4,,343434,25430,"(24660.0, 27972.0]"
宏达物流股份有限公司002315,9.1350e+017,0,1,国家级,5,5,,565,3270,"(49.999, 3780.0]"
中原贸易有限责任公司002316,9.13512335e+017,1,1,市级,1,4,3,343434,11470,"(10954.0, 14480.0]"
宏达信息股份有限公司002317,9.134865007443525e+017,,0,省级,3,4,6,565656,8230,"(7370.0, 10954.0]"
联创装备有限公司002318,9.1341452e+017,1,1,县级,1,6,4,343434,25660,"(24660.0, 27972.0]"
瑞丰医药有限责任公司002319,9.131840639294651e+017,0,,国家级,6,2,1,343434,27430,"(24660.0, 27972.0]"
宏达信息有限责任公司002320,9.1370981920509163e+017,0,0,,7,7,7,676767,30880,"(27972.0, 31471.0]"
博雅机械有限公司002321,9.138300e+017,1,0,国家级,2,4,6,6767,4600,"(3780.0, 7370.0]"
华信食品有限公司002322,9.13911729233e+017,1,0,市级,3,4,1,-3434545,16430,"(14480.0, 17855.0]"
创元机械有限责任公司002323,9.130409414771682e+017,,0,县级,2,2,5,343434,29520,"(27972.0, 31471.0]"
远航纺织集团有限公司002324,9.132322e+017,1,1,省级,4,2,1,343434,17710,"(14480.0, 17855.0]"
联创生物有限责任公司002325,9.13590447417e+017,1,1,国家级,2,1,2,565,31910,"(31471.0, 35000.0]"
博雅能源集团有限公司002326,9.13448345e+017,0,1,国家级,6,4,2,565656,8930,"(7370.0, 10954.0]"
华信科技股份有限公司002327,9.1366e+017,0,0,县级,4,7,2,6767,32170,"(31471.0, 35000.0]"
远航生物股份有限公司002328,9.134849e+017,0,1,,1,6,4,5656,10660,"(7370.0, 10954.0]"
博雅建设股份有限公司002329,9.13809882209252e+017,,1,省级,,1,5,565,20880,"(17855.0, 21364.0]"
创元建设集团有限公司002330,9.131002279e+017,0,1,省级,4,,2,565,31930,"(31471.0, 35000.0]"
星河生物有限公司002331,9.13770037817150e+017,1,0,国家级,2,,2,-3434545,12320,"(10954.0, 14480.0]"
汇通智能集团有限公司002332,9.13866009997494e+017,0,1,国家级,7,,,565,14710,"(14480.0, 17855.0]"
金鼎物流集团有限公司002333,9.139968483e+017,1,0,县级,7,6,,5656,14130,"(10954.0, 14480.0]"
盛世科技股份有限公司002334,9.13947e+017,,1,国家级,6,3,6,-2323432,33200,"(31471.0, 35000.0]"
创元物流股份有限公司002335,9.133405e+017,0,1,国家级,2,2,2,565,25610,"(24660.0, 27972.0]"
创元物流有限公司002336,9.138895949192659e+017,1,0,县级,6,,,343434,12490,"(10954.0, 14480.0]"
金鼎材料有限公司002337,9.13106e+017,0,0,市级,3,2,,5656,31360,"(27972.0, 31471.0]"
启明物流股份有限公司002338,9.135517915436e+017,0,0,市级,3,5,,676767,21090,"(17855.0, 21364.0]"
汇通环保有限公司002339,9.1395698198e+017,0,,县级,1,3,1,6767,24960,"(24660.0, 27972.0]"
星河纺织有限责任公司002340,9.1359e+017,0,1,,4,,7,565656,29030,"(27972.0, 31471.0]"
盛世智能有限公司002341,9.136537494558e+017,0,0,县级,,1,4,-3434545,770,"(49.999, 3780.0]"
创元食品有限公司002342,9.1378e+017,1,0,国家级,3,2,4,-2323432,4390,"(3780.0, 7370.0]"
中原网络集团有限公司002343,9.132558811912776e+017,0,0,县级,6,1,7,565,19060,"(17855.0, 21364.0]"
星河电子集团有限公司002344,9.1359765712544584e+017,1,,,,4,7,-2323432,840,"(49.999, 3780.0]"
金鼎科技有限责任公司002345,9.13449625216538e+017,1,0,国家级,,7,,5656,24110,"(21364.0, 24660.0]"
远航智能有限公司002346,9.1315799e+017,,1,,4,4,2,6767,26430,"(24660.0, 27972.0]"
宏达科技有限公司002347,9.13968019227166e+017,0,0,,3,1,4,565656,17890,"(17855.0, 21364.0]"
永泰网络股份有限公司002348,9.13354e+017,0,,省级,6,2,3,6767,2800,"(49.999, 3780.0]"
宏达环保有限责任公司002349,9.136740718533115e+017,1,0,县级,6,,3,565656,28060,"(27972.0, 31471.0]"
宏达能源股份有限公司002350,9.13921529e+017,1,1,县级,3,1,3,676767,34800,"(31471.0, 35000.0]"
启明环保股份有限公司002351,9.1318e+017,0,0,市级,,2,4,565,22660,"(21364.0, 24660.0]"
博雅物流集团有限公司002352,9.133401791944557e+017,1,1,省级,7,1,7,343434,4160,"(3780.0, 7370.0]"
联创电子有限公司002353,9.13756592300224e+017,0,,县级,1,,2,676767,15070,"(14480.0, 17855.0]"
华泰智能有限公司002354,9.13152e+017,0,0,省级,6,6,6,5656,3510,"(49.999, 3780.0]"
华信材料股份有限公司002355,9.1331010910460052e+017,0,1,县级,7,6,1,5656,29290,"(27972.0, 31471.0]"
联创智能集团有限公司002356,9.13839290253e+017,0,0,县级,6,1,7,5656,8670,"(7370.0, 10954.0]"
博雅生物有限公司002357,9.13631245e+017,0,1,国家级,3,7,3,5656,14480,"(10954.0, 14480.0]"
嘉禾智能集团有限公司002358,9.133449e+017,1,1,市级,1,3,4,5656,4980,"(3780.0, 7370.0]"
瑞丰智能有限公司002359,9.13572991426071e+017,0,0,省级,7,7,3,565,3340,"(49.999, 3780.0]"
瑞丰贸易集团有限公司002360,9.139137206e+017,1,,县级,6,,6,676767,13260,"(10954.0, 14480.0]"
星河装备有限责任公司002361,9.1391919e+017,0,0,国家级,7,6,4,676767,6640,"(3780.0, 7370.0]"
盛世科技有限公司002362,9.130681511e+017,1,1,市级,6,4,5,5656,26200,"(24660.0, 27972.0]"
博雅机械集团有限公司002363,9.131445651499e+017,1,,市级,,6,2,676767,29350,"(27972.0, 31471.0]"
创元网络集团有限公司002364,9.13988e+017,1,,国家级,2,3,3,676767,3700,"(49.999, 3780.0]"
创元智能集团有限公司002365,9.130241766970683e+017,0,1,县级,1,5,,-2323432,23220,"(21364.0, 24660.0]"
远航食品集团有限公司002366,9.139590121e+017,0,,省级,,6,2,565,34960,"(31471.0, 35000.0]"
华泰环保股份有限公司002367,9.13564403148e+017,0,0,市级,6,4,4,-3434545,9160,"(7370.0, 10954.0]"
宏达智能有限公司002368,9.1385550269e+017,1,0,省级,7,,7,-2323432,13160,"(10954.0, 14480.0]"
创元生物股份有限公司002369,9.1389801065e+017,0,1,,4,5,7,6767,8210,"(7370.0, 10954.0]"
华信食品集团有限公司002370,9.13707274200502e+017,1,0,县级,6,,3,676767,31390,"(27972.0, 31471.0]"
瑞丰信息有限责任公司002371,9.1315905424878e+017,1,1,市级,5,4,5,343434,1980,"(49.999, 3780.0]"
天成材料有限责任公司002372,9.136992291379016e+017,1,1,县级,,5,7,676767,20030,"(17855.0, 21364.0]"
华信机械有限公司002373,9.139284276e+017,1,1,县级,1,6,5,565656,31770,"(31471.0, 35000.0]"
中原医药股份有限公司002374,9.13643e+017,,,县级,3,6,4,-3434545,33930,"(31471.0, 35000.0]"
联创机械股份有限公司002375,9.132563432510e+017,0,0,省级,5,2,,565,21430,"(21364.0, 24660.0]"
创元环保有限公司002376,9.13747481579619e+017,1,0,国家级,5,1,,343434,30420,"(27972.0, 31471.0]"
联创建设有限公司002377,9.137092785743642e+017,1,1,国家级,2,7,2,5656,31980,"(31471.0, 35000.0]"
鼎盛食品集团有限公司002378,9.1372e+017,1,0,县级,5,6,7,5656,16370,"(14480.0, 17855.0]"
宏达纺织有限责任公司002379,9.1382e+017,0,1,国家级,6,7,7,565,14400,"(10954.0, 14480.0]"
鼎盛生物有限责任公司002380,9.1341479044751e+017,1,1,省级,,2,2,-2323432,5450,"(3780.0, 7370.0]"
宏达信息集团有限公司002381,9.1300e+017,0,0,县级,7,1,7,6767,5340,"(3780.0, 7370.0]"
创元智能集团有限公司002382,9.13288e+017,0,0,市级,6,3,,676767,6080,"(3780.0, 7370.0]"
创元能源有限责任公司002383,9.13241608e+017,0,0,市级,7,2,2,6767,20320,"(17855.0, 21364.0]"
远航食品股份有限公司002384,9.13999e+017,,0,县级,6,6,2,343434,29830,"(27972.0, 31471.0]"
博雅材料有限责任公司002385,9.135447227e+017,0,1,县级,2,4,6,565,27940,"(24660.0, 27972.0]"
星河医药股份有限公司002386,9.13850837e+017,1,0,国家级,2,6,6,-2323432,8260,"(7370.0, 10954.0]"
宏达食品股份有限公司002387,9.13585987715e+017,1,0,省级,7,5,6,565656,20010,"(17855.0, 21364.0]"
远航环保有限责任公司002388,9.1394761927e+017,0,0,县级,7,1,5,-2323432,30690,"(27972.0, 31471.0]"
华泰科技股份有限公司002389,9.13737e+017,,1,,5,3,3,565656,30940,"(27972.0, 31471.0]"
联创能源有限责任公司002390,9.13067e+017,1,1,国家级,3,3,4,565656,12100,"(10954.0, 14480.0]"
启明环保集团有限公司002391,9.1324e+017,0,0,国家级,1,4,5,676767,30300,"(27972.0, 31471.0]"
盛世建设集团有限公司002392,9.1330380354313e+017,1,0,市级,,5,1,-2323432,29000,"(27972.0, 31471.0]"
嘉禾物流股份有限公司002393,9.135997322927809e+017,0,0,县级,7,5,6,343434,30050,"(27972.0, 31471.0]"
中原医药有限公司002394,9.1338169194867076e+017,1,1,市级,,,4,343434,23060,"(21364.0, 24660.0]"
博雅科技有限责任公司002395,9.13301808725e+017,1,,省级,5,,3,565656,18080,"(17855.0, 21364.0]"
天成智能股份有限公司002396,9.1323114341663826e+017,1,1,,7,6,3,565656,28190,"(27972.0, 31471.0]"
永泰机械股份有限公司002397,9.135740968348698e+017,,1,县级,,5,3,6767,14480,"(10954.0, 14480.0]"
盛世能源有限公司002398,9.131100077831e+017,0,0,,,4,2,565656,840,"(49.999, 3780.0]"
启明材料集团有限公司002399,9.1392274e+017,1,1,市级,6,2,2,565,30070,"(27972.0, 31471.0]"
博雅机械有限责任公司002400,9.1377174066867994e+017,0,1,县级,7,4,4,6767,20290,"(17855.0, 21364.0]"
永泰建设股份有限公司002401,9.137909128121e+017,0,0,国家级,2,1,2,565656,29560,"(27972.0, 31471.0]"
华信医药集团有限公司002402,9.136284437e+017,0,0,,,4,6,343434,34350,"(31471.0, 35000.0]"
星河材料集团有限公司002403,9.131247966678e+017,,0,,7,,1,676767,7670,"(7370.0, 10954.0]"
瑞丰信息有限公司002404,9.13196799e+017,0,,,4,2,6,565,32910,"(31471.0, 35000.0]"
瑞丰环保有限责任公司002405,9.1384593401e+017,0,1,县级,5,3,5,565656,23390,"(21364.0, 24660.0]"
星河网络集团有限公司002406,9.139312272e+017,1,1,市级,,3,6,-2323432,13190,"(10954.0, 14480.0]"
中原装备股份有限公司002407,9.133967e+017,1,0,市级,2,4,,5656,10340,"(7370.0, 10954.0]"
远航建设有限公司002408,9.13372291764e+017,0,0,市级,2,4,4,-2323432,25500,"(24660.0, 27972.0]"
金鼎科技有限责任公司002409,9.134149228356e+017,0,0,省级,6,,5,343434,13680,"(10954.0, 14480.0]"
中原能源有限公司002410,9.138460704e+017,0,0,,1,7,5,6767,7800,"(7370.0, 10954.0]"
瑞丰科技股份有限公司002411,9.1314796e+017,0,1,县级,4,1,1,-3434545,33790,"(31471.0, 35000.0]"
嘉禾信息有限公司002412,9.1368096511e+017,1,1,省级,5,2,5,343434,19580,"(17855.0, 21364.0]"
联创纺织有限公司002413,9.1308558834e+017,1,1,省级,4,5,3,565656,11730,"(10954.0, 14480.0]"
中原贸易集团有限公司002414,9.13701562669e+017,0,1,,6,1,1,-3434545,13220,"(10954.0, 14480.0]"
中原环保股份有限公司002415,9.13649323755838e+017,0,0,国家级,3,,6,676767,11410,"(10954.0, 14480.0]"
博雅信息集团有限公司002416,9.130666534797109e+017,,,国家级,6,7,3,6767,28130,"(27972.0, 31471.0]"
启明化工有限责任公司002417,9.13991627e+017,1,,市级,6,4,4,6767,20860,"(17855.0, 21364.0]"
天成医药有限责任公司002418,9.1375927e+017,0,1,县级,,1,7,5656,4810,"(3780.0, 7370.0]"
华信环保股份有限公司002419,9.13017744608348e+017,1,0,,2,5,2,676767,1060,"(49.999, 3780.0]"
宏达电子股份有限公司002420,9.1321741037e+017,1,0,县级,1,2,7,6767,28000,"(27972.0, 31471.0]"
华泰信息股份有限公司002421,9.1328e+017,1,1,市级,2,4,2,-3434545,5400,"(3780.0, 7370.0]"
汇通电子有限责任公司002422,9.135359e+017,1,,县级,6,,1,565656,27520,"(24660.0, 27972.0]"
华信电子有限责任公司002423,9.131020e+017,0,,,1,5,3,5656,27180,"(24660.0, 27972.0]"
星河机械股份有限公司002424,9.137975210084e+017,1,0,市级,1,,1,5656,300,"(49.999, 3780.0]"
瑞丰机械有限公司002425,9.13105673929e+017,0,1,国家级,,2,6,-2323432,33090,"(31471.0, 35000.0]"
盛世信息集团有限公司002426,9.139517520477e+017,,0,县级,7,6,,565656,9890,"(7370.0, 10954.0]"
远航医药集团有限公司002427,9.136225e+017,0,0,省级,2,3,5,6767,34560,"(31471.0, 35000.0]"
天成建设集团有限公司002428,9.130954185203e+017,1,0,国家级,2,1,4,-2323432,19820,"(17855.0, 21364.0]"
嘉禾环保集团有限公司002429,9.13096008e+017,1,1,县级,3,2,3,565,23960,"(21364.0, 24660.0]"
华泰科技有限责任公司002430,9.136442927750193e+017,0,0,县级,2,2,4,565,14450,"(10954.0, 14480.0]"
天成智能集团有限公司002431,9.131498714203e+017,1,1,,2,7,1,565,2420,"(49.999, 3780.0]"
创元能源有限公司002432,9.13553373477e+017,1,1,市级,1,2,6,565656,15410,"(14480.0, 17855.0]"
汇通贸易股份有限公司002433,9.1303785e+017,0,1,省级,7,3,7,676767,15950,"(14480.0, 17855.0]"
盛世化工有限公司002434,9.13555e+017,,1,国家级,4,,1,5656,1010,"(49.999, 3780.0]"
启明建设有限公司002435,9.13187297012e+017,1,0,县级,7,7,,565,22770,"(21364.0, 24660.0]"
联创食品有限公司002436,9.134352682e+017,0,1,国家级,,1,1,-2323432,16580,"(14480.0, 17855.0]"
联创能源集团有限公司002437,9.137592123e+017,0,0,国家级,,2,,565,33460,"(31471.0, 35000.0]"
星河电子股份有限公司002438,9.1311867e+017,0,1,省级,7,1,7,-3434545,30240,"(27972.0, 31471.0]"
华信网络有限责任公司002439,9.13709973e+017,1,0,国家级,3,3,1,565,9150,"(7370.0, 10954.0]"
嘉禾化工集团有限公司002440,9.13943681314539e+017,1,0,省级,,7,7,565656,4530,"(3780.0, 7370.0]"
瑞丰科技有限责任公司002441,9.1322e+017,0,1,,7,3,3,-2323432,21260,"(17855.0, 21364.0]"
永泰机械有限责任公司002442,9.13519067e+017,1,,国家级,4,7,3,676767,24240,"(21364.0, 24660.0]"
华信建设有限责任公司002443,9.135754e+017,0,1,市级,1,6,2,565,20110,"(17855.0, 21364.0]"
启明医药集团有限公司002444,9.135350e+017,0,0,县级,5,2,5,5656,25390,"(24660.0, 27972.0]"
宏达装备有限公司002445,9.138775222e+017,0,0,,6,2,3,565,4580,"(3780.0, 7370.0]"
永泰能源股份有限公司002446,9.13384535002156e+017,0,1,市级,1,2,,676767,1980,"(49.999, 3780.0]"
汇通装备有限责任公司002447,9.131344553296773e+017,1,1,省级,4,5,5,343434,25290,"(24660.0, 27972.0]"
鼎盛能源集团有限公司002448,9.13280911e+017,1,0,省级,5,5,1,565656,17200,"(14480.0, 17855.0]"
汇通电子有限公司002449,9.1354765126e+017,1,1,国家级,,3,3,676767,4710,"(3780.0, 7370.0]"
永泰能源有限责任公司002450,9.13956515822309e+017,1,0,县级,,5,3,-3434545,33700,"(31471.0, 35000.0]"
永泰能源有限责任公司002451,9.13146796e+017,0,0,省级,6,1,5,343434,28040,"(27972.0, 31471.0]"
盛世智能有限公司002452,9.133116867447e+017,1,1,国家级,7,5,4,343434,30910,"(27972.0, 31471.0]"
鼎盛装备有限公司002453,9.137015398740e+017,1,0,市级,1,3,1,-3434545,5910,"(3780.0, 7370.0]"
汇通机械集团有限公司002454,9.137404e+017,,0,市级,6,,4,676767,16040,"(14480.0, 17855.0]"
瑞丰能源有限公司002455,9.139100492460e+017,0,0,市级,6,,6,565656,18600,"(17855.0, 21364.0]"
汇通建设股份有限公司002456,9.1370429579e+017,0,1,国家级,2,7,6,5656,21020,"(17855.0, 21364.0]"
启明电子股份有限公司002457,9.1391864841e+017,,0,,,6,2,676767,23330,"(21364.0, 24660.0]"
创元化工有限责任公司002458,9.133611388705716e+017,0,1,市级,7,6,,565656,13730,"(10954.0, 14480.0]"
鼎盛电子集团有限公司002459,9.1385601668586778e+017,1,0,县级,1,1,3,676767,10980,"(10954.0, 14480.0]"
永泰网络股份有限公司002460,9.130386157423683e+017,1,0,,5,2,1,343434,23420,"(21364.0, 24660.0]"
华信网络有限公司002461,9.13654565e+017,1,1,省级,5,5,1,343434,16560,"(14480.0, 17855.0]"
永泰环保有限责任公司002462,9.1321037998204879e+017,0,0,国家级,2,2,,676767,7250,"(3780.0, 7370.0]"
联创装备有限责任公司002463,9.1301292992920e+017,0,,市级,3,7,7,565656,8960,"(7370.0, 10954.0]"
联创机械有限公司002464,9.13392e+017,0,1,市级,3,6,,6767,29700,"(27972.0, 31471.0]"
永泰能源集团有限公司002465,9.1367361e+017,1,0,,7,,,565,830,"(49.999, 3780.0]"
华信信息有限公司002466,9.13106994292231e+017,1,1,省级,3,,6,6767,22000,"(21364.0, 24660.0]"
启明材料有限公司002467,9.13232274783e+017,,1,国家级,,,6,676767,32540,"(31471.0, 35000.0]"
创元电子有限责任公司002468,9.13785e+017,1,,省级,3,3,3,676767,11990,"(10954.0, 14480.0]"
金鼎机械集团有限公司002469,9.139792341024250e+017,1,1,国家级,,1,1,6767,3880,"(3780.0, 7370.0]"
华泰食品股份有限公司002470,9.13768e+017,1,1,国家级,4,3,1,565656,19240,"(17855.0, 21364.0]"
远航材料有限公司002471,9.130825923065117e+017,1,1,市级,3,5,1,-2323432,28250,"(27972.0, 31471.0]"
金鼎贸易有限公司002472,9.134951704204e+017,1,0,县级,1,4,7,565656,17200,"(14480.0, 17855.0]"
瑞丰机械有限公司002473,9.1333580e+017,0,,县级,3,4,2,-2323432,21430,"(21364.0, 24660.0]"
金鼎食品集团有限公司002474,9.13415708832e+017,1,,国家级,,7,,-3434545,13590,"(10954.0, 14480.0]"
启明网络有限责任公司002475,9.135746433e+017,,0,国家级,7,7,5,-3434545,29340,"(27972.0, 31471.0]"
宏达科技有限公司002476,9.1329258099e+017,1,1,县级,5,,6,676767,14370,"(10954.0, 14480.0]"
启明化工有限责任公司002477,9.136850220e+017,0,1,省级,,7,5,-3434545,28600,"(27972.0, 31471.0]"
汇通生物集团有限公司002478,9.13591461201407e+017,0,0,县级,1,2,6,5656,13370,"(10954.0, 14480.0]"
华信纺织集团有限公司002479,9.13996321e+017,1,0,县级,,,6,-3434545,9070,"(7370.0, 10954.0]"
博雅智能有限责任公司002480,9.1300e+017,0,0,市级,,,7,343434,4140,"(3780.0, 7370.0]"
瑞丰建设股份有限公司002481,9.137842351e+017,0,0,市级,5,1,,565,19420,"(17855.0, 21364.0]"
宏达电子有限责任公司002482,9.13792796939e+017,,1,市级,,5,,565656,29620,"(27972.0, 31471.0]"
宏达建设有限责任公司002483,9.1349481e+017,1,0,县级,1,7,6,676767,30350,"(27972.0, 31471.0]"
创元建设集团有限公司002484,9.1308e+017,0,0,,2,,3,565,510,"(49.999, 3780.0]"
博雅材料股份有限公司002485,9.1348443e+017,0,1,县级,1,3,4,-3434545,17940,"(17855.0, 21364.0]"
嘉禾生物有限公司002486,9.1313719588e+017,0,0,国家级,1,2,,676767,26060,"(24660.0, 27972.0]"
中原医药股份有限公司002487,9.130323e+017,0,0,市级,3,2,4,676767,33500,"(31471.0, 35000.0]"
嘉禾科技集团有限公司002488,9.13580233e+017,,0,市级,2,6,2,-2323432,14090,"(10954.0, 14480.0]"
启明智能股份有限公司002489,9.1374909e+017,1,1,国家级,7,6,3,6767,21190,"(17855.0, 21364.0]"
华信能源集团有限公司002490,9.134733702e+017,1,1,国家级,3,,1,343434,16800,"(14480.0, 17855.0]"
星河纺织有限责任公司002491,9.1322396652851e+017,1,0,省级,7,3,4,565656,22910,"(21364.0, 24660.0]"
创元贸易有限公司002492,9.13633736435e+017,0,,县级,3,4,4,565656,23860,"(21364.0, 24660.0]"
金鼎电子集团有限公司002493,9.1386323102655747e+017,1,0,县级,1,1,3,6767,33050,"(31471.0, 35000.0]"
启明纺织有限责任公司002494,9.1309393496479353e+017,1,0,市级,1,5,1,5656,34170,"(31471.0, 35000.0]"
博雅食品股份有限公司002495,9.1313e+017,,0,县级,2,4,5,6767,33940,"(31471.0, 35000.0]"
瑞丰材料有限责任公司002496,9.13772045e+017,0,1,县级,1,6,7,565656,14330,"(10954.0, 14480.0]"
瑞丰能源股份有限公司002497,9.13063007982338e+017,0,1,市级,,,4,676767,33360,"(31471.0, 35000.0]"
华信化工集团有限公司002498,9.1398773510e+017,1,1,市级,5,1,4,5656,30920,"(27972.0, 31471.0]"
瑞丰纺织集团有限公司002499,9.1336166290879e+017,0,1,县级,5,,3,565656,27750,"(24660.0, 27972.0]"
创元装备集团有限公司002500,9.1300755040e+017,1,0,省级,4,2,4,-2323432,15290,"(14480.0, 17855.0]"
金鼎装备有限公司002501,9.13798861825e+017,1,1,国家级,,3,7,-2323432,5410,"(3780.0, 7370.0]"
远航机械股份有限公司002502,9.1316517586e+017,1,0,市级,2,,2,-2323432,7400,"(7370.0, 10954.0]"
博雅医药有限责任公司002503,9.1399e+017,0,1,国家级,3,5,2,565,23430,"(21364.0, 24660.0]"
盛世生物有限责任公司002504,9.1370e+017,1,,省级,5,4,3,5656,8630,"(7370.0, 10954.0]"
瑞丰装备有限公司002505,9.139166807310e+017,0,1,县级,6,2,4,-2323432,24380,"(21364.0, 24660.0]"
远航网络集团有限公司002506,9.132235522094e+017,0,1,县级,1,,2,343434,17660,"(14480.0, 17855.0]"
金鼎电子有限公司002507,9.13396e+017,1,0,,2,1,3,5656,26530,"(24660.0, 27972.0]"
盛世建设集团有限公司002508,9.1328975720e+017,0,0,省级,3,5,4,5656,24700,"(24660.0, 27972.0]"
远航纺织有限公司002509,9.1390699818923e+017,,1,国家级,1,7,5,343434,21690,"(21364.0, 24660.0]"
嘉禾信息股份有限公司002510,9.135803912779e+017,0,1,市级,2,3,,565,15810,"(14480.0, 17855.0]"
华泰装备集团有限公司002511,9.1380041e+017,1,0,县级,2,5,1,565,30520,"(27972.0, 31471.0]"
创元建设有限公司002512,9.138658623348781e+017,0,0,国家级,6,,3,565656,8450,"(7370.0, 10954.0]"
盛世材料有限责任公司002513,9.13561e+017,1,0,,6,4,4,565656,28790,"(27972.0, 31471.0]"
华信纺织有限责任公司002514,9.1335e+017,0,0,县级,5,3,7,565,16370,"(14480.0, 17855.0]"
联创科技有限责任公司002515,9.13326e+017,0,0,国家级,1,2,,-3434545,23190,"(21364.0, 24660.0]"
启明医药有限公司002516,9.1322133704503e+017,1,1,市级,1,5,7,5656,5430,"(3780.0, 7370.0]"
天成物流股份有限公司002517,9.13285586793160e+017,0,1,市级,2,2,,565656,23530,"(21364.0, 24660.0]"
星河食品有限责任公司002518,9.132110953e+017,0,0,县级,7,3,,-3434545,21750,"(21364.0, 24660.0]"
创元网络有限公司002519,9.1342e+017,0,1,市级,5,1,,5656,34010,"(31471.0, 35000.0]"
盛世科技有限责任公司002520,9.138598069043e+017,1,1,市级,3,3,,-2323432,20580,"(17855.0, 21364.0]"
天成机械有限公司002521,9.132198990e+017,0,1,,,7,7,343434,23440,"(21364.0, 24660.0]"
华泰纺织有限公司002522,9.132979253e+017,1,0,县级,3,2,2,343434,15910,"(14480.0, 17855.0]"
启明生物有限责任公司002523,9.1304162742212115e+017,1,1,,7,3,,565,14690,"(14480.0, 17855.0]"
嘉禾材料有限公司002524,9.13137797309e+017,1,1,,7,,,676767,34120,"(31471.0, 35000.0]"
远航建设有限责任公司002525,9.13012178e+017,1,0,市级,7,1,2,343434,27690,"(24660.0, 27972.0]"
宏达材料集团有限公司002526,9.136866775646e+017,0,0,,3,,2,565,10340,"(7370.0, 10954.0]"
金鼎信息股份有限公司002527,9.1314e+017,1,1,国家级,5,4,3,6767,23900,"(21364.0, 24660.0]"
华泰生物集团有限公司002528,9.13464e+017,0,0,省级,4,2,2,565,16020,"(14480.0, 17855.0]"
远航纺织股份有限公司002529,9.1323724e+017,0,0,省级,6,4,4,-2323432,29640,"(27972.0, 31471.0]"
天成化工集团有限公司002530,9.13450569582e+017,,1,国家级,,4,6,676767,870,"(49.999, 3780.0]"
星河智能有限责任公司002531,9.1321974760e+017,1,0,,6,6,2,6767,23000,"(21364.0, 24660.0]"
星河电子股份有限公司002532,9.13300724e+017,1,1,国家级,6,3,,-3434545,16230,"(14480.0, 17855.0]"
启明医药股份有限公司002533,9.13766937e+017,1,0,省级,7,1,5,6767,31040,"(27972.0, 31471.0]"
联创食品有限公司002534,9.138261e+017,0,1,市级,4,7,2,343434,27370,"(24660.0, 27972.0]"
华泰贸易股份有限公司002535,9.13040e+017,1,0,县级,5,,6,565,7320,"(3780.0, 7370.0]"
天成化工集团有限公司002536,9.13865120541528e+017,0,1,市级,,4,3,565656,15900,"(14480.0, 17855.0]"
创元能源集团有限公司002537,9.1327065381e+017,0,1,省级,,5,2,-3434545,30560,"(27972.0, 31471.0]"
远航贸易股份有限公司002538,9.1385952e+017,1,0,,3,3,1,-3434545,830,"(49.999, 3780.0]"
中原建设有限责任公司002539,9.138095924398e+017,0,0,市级,,7,6,-2323432,15660,"(14480.0, 17855.0]"
星河智能集团有限公司002540,9.131498965691e+017,1,1,省级,,4,4,343434,27260,"(24660.0, 27972.0]"
鼎盛机械有限责任公司002541,9.1334743034267e+017,1,1,,6,3,2,-3434545,15520,"(14480.0, 17855.0]"
鼎盛机械有限公司002542,9.137876601e+017,1,0,县级,3,,4,565,24470,"(21364.0, 24660.0]"
金鼎网络股份有限公司002543,9.1372730199699e+017,1,1,,6,,3,565,29510,"(27972.0, 31471.0]"
嘉禾电子集团有限公司002544,9.1386844380684145e+017,1,1,县级,7,4,5,343434,22410,"(21364.0, 24660.0]"
创元信息有限公司002545,9.136130232e+017,1,1,国家级,3,6,5,565,26390,"(24660.0, 27972.0]"
启明纺织股份有限公司002546,9.139647181e+017,1,0,,7,2,7,565656,16150,"(14480.0, 17855.0]"
永泰机械有限责任公司002547,9.1360e+017,0,0,省级,7,,7,5656,17210,"(14480.0, 17855.0]"
宏达医药集团有限公司002548,9.1326373196824369e+017,0,,县级,5,4,7,565656,20700,"(17855.0, 21364.0]"
远航纺织有限公司002549,9.13298e+017,0,1,,2,1,4,5656,26190,"(24660.0, 27972.0]"
鼎盛贸易集团有限公司002550,9.135300455786e+017,1,0,省级,3,4,,-2323432,17720,"(14480.0, 17855.0]"
华泰机械有限公司002551,9.13420180e+017,0,,县级,1,7,6,565656,19640,"(17855.0, 21364.0]"
中原食品股份有限公司002552,9.13081796211671e+017,0,1,市级,7,1,1,5656,29720,"(27972.0, 31471.0]"
华信食品股份有限公司002553,9.138136622e+017,0,0,国家级,7,5,6,6767,25940,"(24660.0, 27972.0]"
鼎盛能源有限责任公司002554,9.13834881460e+017,0,1,县级,1,1,,565,23430,"(21364.0, 24660.0]"
天成化工股份有限公司002555,9.1319621323e+017,0,0,县级,2,3,6,343434,33740,"(31471.0, 35000.0]"
启明建设股份有限公司002556,9.136705e+017,0,0,省级,1,2,4,-2323432,33020,"(31471.0, 35000.0]"
博雅材料集团有限公司002557,9.1342e+017,,1,市级,,3,1,676767,19300,"(17855.0, 21364.0]"
联创智能集团有限公司002558,9.13128650e+017,0,1,国家级,,5,4,-3434545,16880,"(14480.0, 17855.0]"
博雅电子有限责任公司002559,9.1340661592220976e+017,1,,省级,7,5,2,6767,10880,"(7370.0, 10954.0]"
汇通物流股份有限公司002560,9.134560e+017,,,国家级,3,3,1,343434,7280,"(3780.0, 7370.0]"
盛世能源有限责任公司002561,9.13324205703e+017,1,1,市级,7,,4,565656,8230,"(7370.0, 10954.0]"
金鼎电子股份有限公司002562,9.139981172137026e+017,0,0,县级,6,4,6,565656,24680,"(24660.0, 27972.0]"
博雅物流有限公司002563,9.133083209143e+017,0,0,市级,1,6,1,-3434545,17160,"(14480.0, 17855.0]"
博雅能源有限公司002564,9.13313972988e+017,1,1,国家级,7,1,6,-2323432,24380,"(21364.0, 24660.0]"
金鼎建设股份有限公司002565,9.13796427709785e+017,0,0,市级,,2,6,343434,970,"(49.999, 3780.0]"
盛世物流有限责任公司002566,9.13423344e+017,0,1,,,6,6,6767,22050,"(21364.0, 24660.0]"
华泰电子有限责任公司002567,9.1315996e+017,1,1,县级,6,,1,-3434545,27260,"(24660.0, 27972.0]"
嘉禾物流股份有限公司002568,9.1368353247811016e+017,0,1,市级,3,4,3,676767,20990,"(17855.0, 21364.0]"
天成材料股份有限公司002569,9.13919070e+017,1,1,县级,1,,7,6767,28550,"(27972.0, 31471.0]"
金鼎物流股份有限公司002570,9.13484252467193e+017,0,1,县级,2,4,,-2323432,32930,"(31471.0, 35000.0]"
永泰智能有限责任公司002571,9.1359513e+017,0,1,市级,7,3,5,676767,22980,"(21364.0, 24660.0]"
中原装备集团有限公司002572,9.13777204397188e+017,1,0,县级,2,3,2,565,5100,"(3780.0, 7370.0]"
瑞丰建设集团有限公司002573,9.13769645e+017,1,,县级,3,2,7,565,21380,"(21364.0, 24660.0]"
嘉禾建设有限公司002574,9.13872e+017,0,0,,2,2,4,-2323432,270,"(49.999, 3780.0]"
博雅医药股份有限公司002575,9.13160186191364e+017,0,1,国家级,7,4,3,-3434545,33880,"(31471.0, 35000.0]"
联创能源有限责任公司002576,9.1331e+017,1,,省级,6,5,1,-3434545,20280,"(17855.0, 21364.0]"
金鼎智能集团有限公司002577,9.132179211e+017,0,0,,3,2,2,6767,33860,"(31471.0, 35000.0]"
华泰食品有限公司002578,9.135623309479768e+017,1,0,县级,,1,6,565,10910,"(7370.0, 10954.0]"
联创医药集团有限公司002579,9.1300304e+017,,1,省级,3,5,4,6767,34770,"(31471.0, 35000.0]"
启明材料有限责任公司002580,9.1301e+017,0,1,县级,3,6,1,343434,25990,"(24660.0, 27972.0]"
中原能源股份有限公司002581,9.1370e+017,1,0,县级,5,6,3,565656,17090,"(14480.0, 17855.0]"
瑞丰食品集团有限公司002582,9.132847e+017,1,0,市级,6,3,2,-2323432,14440,"(10954.0, 14480.0]"
天成生物有限公司002583,9.131418594e+017,,1,国家级,5,1,,5656,9320,"(7370.0, 10954.0]"
华泰纺织有限责任公司002584,9.136123400e+017,0,1,国家级,5,6,7,-2323432,15520,"(14480.0, 17855.0]"
瑞丰智能有限公司002585,9.13217e+017,0,0,省级,,1,2,6767,33240,"(31471.0, 35000.0]"
嘉禾贸易股份有限公司002586,9.13873413723e+017,0,1,,1,2,7,676767,27620,"(24660.0, 27972.0]"
天成医药有限责任公司002587,9.135853e+017,1,1,,4,5,3,565,21100,"(17855.0, 21364.0]"
宏达建设有限责任公司002588,9.136064144250e+017,1,0,市级,2,1,5,-2323432,11800,"(10954.0, 14480.0]"
永泰科技有限责任公司002589,9.134505296e+017,1,0,市级,1,3,5,-2323432,17580,"(14480.0, 17855.0]"
天成物流集团有限公司002590,9.13402755e+017,1,0,市级,5,7,2,-3434545,2270,"(49.999, 3780.0]"
远航环保集团有限公司002591,9.13104e+017,1,0,市级,1,2,2,5656,9260,"(7370.0, 10954.0]"
中原食品集团有限公司002592,9.13916605e+017,1,0,国家级,3,3,,-3434545,17370,"(14480.0, 17855.0]"
永泰材料集团有限公司002593,9.13108110387738e+017,0,1,国家级,6,4,7,5656,3350,"(49.999, 3780.0]"
中原信息有限责任公司002594,9.1331650e+017,0,0,,5,4,6,565,15840,"(14480.0, 17855.0]"
永泰能源有限责任公司002595,9.1398984738e+017,1,1,县级,5,1,,-3434545,12530,"(10954.0, 14480.0]"
天成信息有限责任公司002596,9.1362003230201e+017,0,,国家级,6,1,3,-3434545,27330,"(24660.0, 27972.0]"
汇通纺织股份有限公司002597,9.13426e+017,1,1,县级,3,3,,-2323432,22320,"(21364.0, 24660.0]"
星河智能股份有限公司002598,9.13913597e+017,1,1,,7,7,,6767,1690,"(49.999, 3780.0]"
金鼎贸易集团有限公司002599,9.13256563373e+017,1,1,国家级,4,,4,-2323432,2920,"(49.999, 3780.0]"
金鼎材料集团有限公司002600,9.13760662595e+017,1,1,,7,,1,565,7290,"(3780.0, 7370.0]"
联创电子集团有限公司002601,9.13940e+017,1,1,国家级,5,1,6,565656,32380,"(31471.0, 35000.0]"
启明材料集团有限公司002602,9.1338279414e+017,1,,县级,1,6,3,676767,27420,"(24660.0, 27972.0]"
博雅电子集团有限公司002603,9.1385270497344e+017,1,1,市级,2,5,,565656,21100,"(17855.0, 21364.0]"
金鼎材料有限责任公司002604,9.132181e+017,1,1,国家级,3,7,1,5656,3450,"(49.999, 3780.0]"
嘉禾智能集团有限公司002605,9.133511e+017,0,1,省级,7,5,,565,26960,"(24660.0, 27972.0]"
鼎盛生物有限公司002606,9.1313e+017,0,0,,5,3,1,343434,19280,"(17855.0, 21364.0]"
盛世电子有限责任公司002607,9.13173301654876e+017,1,0,市级,,2,4,343434,11340,"(10954.0, 14480.0]"
华泰网络股份有限公司002608,9.13213601e+017,1,1,省级,4,7,6,6767,3850,"(3780.0, 7370.0]"
盛世医药有限公司002609,9.1365164418054e+017,,1,国家级,7,5,7,565,11680,"(10954.0, 14480.0]"
华信环保股份有限公司002610,9.1389659131187e+017,0,1,国家级,7,7,4,565,16340,"(14480.0, 17855.0]"
盛世食品股份有限公司002611,9.1398e+017,1,1,县级,6,,7,-2323432,17400,"(14480.0, 17855.0]"
远航环保有限公司002612,9.134150689e+017,,,县级,2,7,6,565656,19220,"(17855.0, 21364.0]"
鼎盛食品股份有限公司002613,9.137169540e+017,0,0,市级,2,1,,5656,10380,"(7370.0, 10954.0]"
华泰物流集团有限公司002614,9.13957001684512e+017,0,0,县级,5,6,4,676767,14140,"(10954.0, 14480.0]"
星河电子有限公司002615,9.1362629225953e+017,1,0,市级,1,1,6,565656,33810,"(31471.0, 35000.0]"
天成电子有限公司002616,9.139730375e+017,0,1,国家级,2,2,1,676767,19010,"(17855.0, 21364.0]"
华泰环保有限责任公司002617,9.1367294279191e+017,1,0,,1,5,5,565656,5080,"(3780.0, 7370.0]"
永泰纺织股份有限公司002618,9.1387e+017,,0,省级,,6,5,565,6960,"(3780.0, 7370.0]"
永泰网络有限公司002619,9.1336e+017,1,1,国家级,6,3,,-3434545,5220,"(3780.0, 7370.0]"
启明医药有限公司002620,9.138180343071488e+017,0,1,市级,7,6,,6767,24180,"(21364.0, 24660.0]"
启明贸易有限公司002621,9.1374884674822e+017,0,1,市级,4,6,5,-3434545,16290,"(14480.0, 17855.0]"
联创机械集团有限公司002622,9.1358840661e+017,0,,县级,1,3,1,343434,34590,"(31471.0, 35000.0]"
华信食品有限公司002623,9.13621096926e+017,,1,国家级,2,3,1,5656,4350,"(3780.0, 7370.0]"
瑞丰电子集团有限公司002624,9.139540e+017,1,1,县级,,,1,565656,5400,"(3780.0, 7370.0]"
联创医药有限公司002625,9.138970604462e+017,0,1,市级,2,7,4,343434,5680,"(3780.0, 7370.0]"
汇通电子集团有限公司002626,9.13140e+017,1,0,县级,6,4,,565,25720,"(24660.0, 27972.0]"
宏达机械集团有限公司002627,9.13134247064e+017,0,0,县级,,,1,343434,33320,"(31471.0, 35000.0]"
天成智能有限责任公司002628,9.13434e+017,1,1,省级,4,,1,343434,20570,"(17855.0, 21364.0]"
永泰能源有限责任公司002629,9.13599794975e+017,1,1,县级,7,,6,5656,15840,"(14480.0, 17855.0]"
华信化工有限责任公司002630,9.1332e+017,1,0,市级,4,5,2,676767,20950,"(17855.0, 21364.0]"
华信机械股份有限公司002631,9.13004e+017,0,0,市级,,6,3,343434,5500,"(3780.0, 7370.0]"
鼎盛环保有限责任公司002632,9.1318376539790e+017,0,0,,7,5,,-2323432,12040,"(10954.0, 14480.0]"
盛世电子有限责任公司002633,9.13364e+017,0,1,省级,4,5,6,-2323432,8710,"(7370.0, 10954.0]"
华信网络有限公司002634,9.135959959e+017,0,0,,6,3,1,5656,32450,"(31471.0, 35000.0]"
汇通物流股份有限公司002635,9.1303280325383614e+017,1,0,省级,3,7,,5656,22400,"(21364.0, 24660.0]"
华信机械股份有限公司002636,9.137261173702e+017,0,1,省级,,7,,5656,2630,"(49.999, 3780.0]"
汇通智能有限责任公司002637,9.1346662e+017,0,1,国家级,4,2,,565,32950,"(31471.0, 35000.0]"
中原物流集团有限公司002638,9.1358e+017,1,1,县级,7,7,1,676767,11980,"(10954.0, 14480.0]"
永泰贸易集团有限公司002639,9.1336941e+017,1,0,县级,4,1,,5656,8320,"(7370.0, 10954.0]"
启明食品股份有限公司002640,9.13235e+017,1,,,3,3,3,-2323432,9820,"(7370.0, 10954.0]"
鼎盛能源股份有限公司002641,9.1367313962e+017,1,1,,4,5,6,343434,12900,"(10954.0, 14480.0]"
永泰能源有限责任公司002642,9.137282e+017,0,1,,,2,3,-2323432,32750,"(31471.0, 35000.0]"
鼎盛电子有限公司002643,9.1335782e+017,0,1,省级,2,4,4,-2323432,810,"(49.999, 3780.0]"
宏达化工有限公司002644,9.1326382391e+017,0,1,县级,4,3,5,565,32790,"(31471.0, 35000.0]"
华信生物股份有限公司002645,9.136592799481e+017,0,1,市级,7,6,,6767,7910,"(7370.0, 10954.0]"
华信电子有限公司002646,9.133644772911884e+017,,0,县级,4,5,3,-2323432,26020,"(24660.0, 27972.0]"
联创网络有限责任公司002647,9.138284427180e+017,1,0,,5,,5,343434,4560,"(3780.0, 7370.0]"
华泰贸易股份有限公司002648,9.1336518370470237e+017,0,0,县级,6,4,7,6767,12670,"(10954.0, 14480.0]"
启明物流集团有限公司002649,9.1397951962452405e+017,1,1,市级,1,,2,-3434545,15120,"(14480.0, 17855.0]"
联创环保集团有限公司002650,9.139845855e+017,1,0,县级,7,2,5,343434,18020,"(17855.0, 21364.0]"
宏达能源有限责任公司002651,9.13370632300171e+017,1,1,县级,2,6,6,676767,18390,"(17855.0, 21364.0]"
创元材料有限责任公司002652,9.136748637470303e+017,1,1,,2,3,1,565656,17000,"(14480.0, 17855.0]"
盛世能源有限公司002653,9.138658522887e+017,1,1,市级,,4,5,-2323432,860,"(49.999, 3780.0]"
嘉禾智能股份有限公司002654,9.1335e+017,0,1,县级,1,,7,-2323432,23020,"(21364.0, 24660.0]"
瑞丰环保股份有限公司002655,9.13125346115552e+017,1,0,,7,1,1,-3434545,27120,"(24660.0, 27972.0]"
天成医药有限公司002656,9.13695e+017,0,0,省级,,2,5,-2323432,9400,"(7370.0, 10954.0]"
汇通医药股份有限公司002657,9.1366708060605064e+017,0,0,省级,7,5,6,565,19720,"(17855.0, 21364.0]"
华泰建设有限责任公司002658,9.1389353e+017,0,0,,1,,3,-3434545,1710,"(49.999, 3780.0]"
汇通机械有限公司002659,9.136892e+017,1,0,省级,2,6,1,676767,10720,"(7370.0, 10954.0]"
盛世食品有限公司002660,9.136945684709319e+017,1,1,国家级,7,6,4,676767,22420,"(21364.0, 24660.0]"
瑞丰医药有限公司002661,9.13845784490e+017,0,,,5,7,7,565,31760,"(31471.0, 35000.0]"
创元生物股份有限公司002662,9.1311e+017,0,,国家级,6,3,1,343434,27700,"(24660.0, 27972.0]"
远航纺织有限公司002663,9.134444532567e+017,,0,,6,2,,343434,1850,"(49.999, 3780.0]"
天成信息集团有限公司002664,9.13655e+017,0,1,国家级,1,3,6,-2323432,16510,"(14480.0, 17855.0]"
中原机械有限公司002665,9.13377222e+017,1,1,,5,5,6,565,19360,"(17855.0, 21364.0]"
联创医药集团有限公司002666,9.13619903777e+017,,0,市级,5,3,1,676767,29580,"(27972.0, 31471.0]"
嘉禾科技有限公司002667,9.135149400746723e+017,1,0,,7,6,5,-2323432,13570,"(10954.0, 14480.0]"
天成科技股份有限公司002668,9.1304253776967325e+017,1,,县级,4,7,1,6767,31450,"(27972.0, 31471.0]"
永泰生物有限公司002669,9.137121662e+017,1,1,省级,5,2,7,565,5250,"(3780.0, 7370.0]"
嘉禾科技有限责任公司002670,9.13606889e+017,1,0,国家级,2,,7,676767,16310,"(14480.0, 17855.0]"
永泰机械有限责任公司002671,9.1345044624e+017,0,1,市级,2,3,1,343434,13370,"(10954.0, 14480.0]"
鼎盛机械有限公司002672,9.13000337904e+017,1,0,国家级,4,1,6,5656,30820,"(27972.0, 31471.0]"
盛世食品有限公司002673,9.1328917088807242e+017,0,,县级,1,6,1,6767,21970,"(21364.0, 24660.0]"
瑞丰科技股份有限公司002674,9.1315e+017,,1,市级,2,5,4,343434,9290,"(7370.0, 10954.0]"
博雅物流集团有限公司002675,9.13195261718e+017,1,1,,6,4,4,-2323432,32310,"(31471.0, 35000.0]"
汇通能源集团有限公司002676,9.135819e+017,1,0,国家级,1,3,3,676767,18990,"(17855.0, 21364.0]"
盛世能源集团有限公司002677,9.1358e+017,0,1,省级,4,3,4,-2323432,27410,"(24660.0, 27972.0]"
汇通贸易有限公司002678,9.1361893298653661e+017,1,0,县级,3,,,-2323432,17850,"(14480.0, 17855.0]"
博雅科技有限公司002679,9.13261891e+017,0,1,,2,3,2,343434,3110,"(49.999, 3780.0]"
华泰医药有限公司002680,9.1360e+017,0,1,市级,7,6,7,676767,22420,"(21364.0, 24660.0]"
远航物流有限公司002681,9.139452072594e+017,0,1,市级,4,4,6,676767,25870,"(24660.0, 27972.0]"
创元网络有限责任公司002682,9.134942285e+017,0,0,,2,5,3,-3434545,14830,"(14480.0, 17855.0]"
永泰建设有限责任公司002683,9.1313111372e+017,0,1,国家级,5,,2,343434,26770,"(24660.0, 27972.0]"
汇通物流有限公司002684,9.13890e+017,0,0,省级,2,3,2,676767,6260,"(3780.0, 7370.0]"
汇通生物股份有限公司002685,9.1320e+017,0,1,国家级,1,,5,565,24810,"(24660.0, 27972.0]"
中原智能集团有限公司002686,9.138805887e+017,1,1,县级,2,3,6,565656,21320,"(17855.0, 21364.0]"
天成信息股份有限公司002687,9.13840927e+017,0,0,市级,,3,3,6767,8220,"(7370.0, 10954.0]"
嘉禾环保有限公司002688,9.13768983e+017,1,0,县级,7,2,6,5656,23920,"(21364.0, 24660.0]"
瑞丰生物有限责任公司002689,9.134536793e+017,0,0,市级,4,6,,-2323432,10140,"(7370.0, 10954.0]"
鼎盛食品有限公司002690,9.134466584908957e+017,,0,国家级,5,1,3,-2323432,24340,"(21364.0, 24660.0]"
中原建设股份有限公司002691,9.138552295e+017,0,1,,2,2,3,565,24180,"(21364.0, 24660.0]"
汇通生物有限公司002692,9.13457576826e+017,0,0,县级,5,3,6,676767,16220,"(14480.0, 17855.0]"
星河纺织股份有限公司002693,9.13674334e+017,0,,市级,6,2,5,-2323432,31310,"(27972.0, 31471.0]"
远航能源有限公司002694,9.1372749631885340e+017,0,0,,1,6,2,-3434545,31790,"(31471.0, 35000.0]"
华泰信息有限责任公司002695,9.13788462054e+017,,,县级,7,2,2,6767,1930,"(49.999, 3780.0]"
嘉禾材料有限责任公司002696,9.1377418182715e+017,0,0,省级,4,2,,6767,20910,"(17855.0, 21364.0]"
宏达贸易股份有限公司002697,9.131886835473745e+017,1,1,市级,4,2,7,565656,17750,"(14480.0, 17855.0]"
金鼎纺织有限公司002698,9.133367e+017,0,0,市级,5,1,6,6767,22160,"(21364.0, 24660.0]"
金鼎电子有限公司002699,9.13588613e+017,1,0,国家级,7,2,5,6767,27240,"(24660.0, 27972.0]"
远航环保有限公司002700,9.13210997e+017,1,,县级,5,3,3,5656,20570,"(17855.0, 21364.0]"
嘉禾医药股份有限公司002701,9.13079890978920e+017,1,0,省级,6,2,5,-2323432,20260,"(17855.0, 21364.0]"
永泰材料有限责任公司002702,9.1326467445632250e+017,1,1,市级,1,2,2,-2323432,20820,"(17855.0, 21364.0]"
金鼎建设集团有限公司002703,9.139234371424e+017,0,0,省级,7,3,3,565656,7460,"(7370.0, 10954.0]"
星河化工股份有限公司002704,9.137385375e+017,0,,,7,6,2,-3434545,12180,"(10954.0, 14480.0]"
博雅智能集团有限公司002705,9.13703213e+017,0,,,7,5,1,5656,270,"(49.999, 3780.0]"
天成科技有限责任公司002706,9.1379e+017,0,,省级,3,2,2,565,34900,"(31471.0, 35000.0]"
华信建设有限责任公司002707,9.137041936e+017,,1,国家级,3,6,,343434,15750,"(14480.0, 17855.0]"
博雅贸易有限公司002708,9.13023e+017,0,0,国家级,1,2,1,6767,29210,"(27972.0, 31471.0]"
联创能源有限责任公司002709,9.1322e+017,0,0,,6,7,1,343434,7690,"(7370.0, 10954.0]"
金鼎科技股份有限公司002710,9.134281435194e+017,0,1,国家级,5,5,,676767,3810,"(3780.0, 7370.0]"
华信物流有限责任公司002711,9.13316701e+017,1,0,市级,1,5,6,6767,30820,"(27972.0, 31471.0]"
金鼎建设集团有限公司002712,9.13273652939725e+017,,1,县级,,3,4,565656,26570,"(24660.0, 27972.0]"
华泰机械有限责任公司002713,9.130130597253324e+017,1,1,国家级,5,7,,5656,5880,"(3780.0, 7370.0]"
博雅环保集团有限公司002714,9.132854040261668e+017,1,0,县级,7,4,7,6767,4790,"(3780.0, 7370.0]"
中原建设有限责任公司002715,9.139827814e+017,1,1,县级,2,5,1,565656,780,"(49.999, 3780.0]"
启明物流有限责任公司002716,9.1334533e+017,1,0,省级,,,1,565656,23120,"(21364.0, 24660.0]"
星河信息有限责任公司002717,9.132056459803440e+017,1,1,,5,2,1,565656,7270,"(3780.0, 7370.0]"
瑞丰机械有限责任公司002718,9.139209545549128e+017,,0,市级,6,2,7,565,1470,"(49.999, 3780.0]"
盛世信息股份有限公司002719,9.13279630e+017,1,1,,3,2,,565,26080,"(24660.0, 27972.0]"
永泰生物集团有限公司002720,9.131059251211e+017,1,0,国家级,4,6,,5656,17830,"(14480.0, 17855.0]"
宏达建设有限公司002721,9.13433590156407e+017,1,1,市级,3,7,2,565,17490,"(14480.0, 17855.0]"
启明医药股份有限公司002722,9.1325774161656657e+017,1,1,县级,4,4,3,5656,6010,"(3780.0, 7370.0]"
鼎盛能源集团有限公司002723,9.13962344e+017,0,0,,1,,5,5656,18870,"(17855.0, 21364.0]"
华泰机械有限公司002724,9.13333601078e+017,1,0,市级,2,2,5,-3434545,18230,"(17855.0, 21364.0]"
天成机械有限公司002725,9.13618464876085e+017,1,1,国家级,1,5,7,5656,17580,"(14480.0, 17855.0]"
创元装备有限公司002726,9.1321736656673e+017,0,0,省级,2,,7,565656,7360,"(3780.0, 7370.0]"
中原材料有限责任公司002727,9.13665716402e+017,0,0,市级,7,7,4,565,18320,"(17855.0, 21364.0]"
汇通纺织股份有限公司002728,9.13826148e+017,,1,县级,7,6,3,343434,24400,"(21364.0, 24660.0]"
宏达能源有限公司002729,9.136670533e+017,0,,省级,5,5,1,5656,560,"(49.999, 3780.0]"
天成食品有限公司002730,9.13030e+017,1,1,国家级,1,4,3,-2323432,22470,"(21364.0, 24660.0]"
华信医药有限公司002731,9.1335485396e+017,0,0,国家级,7,,,-2323432,16670,"(14480.0, 17855.0]"
联创贸易有限责任公司002732,9.1302493871389927e+017,0,1,市级,3,4,7,-3434545,21460,"(21364.0, 24660.0]"
华泰医药有限公司002733,9.13995e+017,0,1,县级,7,6,,6767,30130,"(27972.0, 31471.0]"
星河贸易有限公司002734,9.138163e+017,1,1,国家级,7,6,4,676767,8820,"(7370.0, 10954.0]"
嘉禾能源股份有限公司002735,9.1357001503431e+017,1,0,市级,2,2,5,343434,16260,"(14480.0, 17855.0]"
博雅建设有限责任公司002736,9.13492138606e+017,0,1,,7,7,3,565,3670,"(49.999, 3780.0]"
星河装备股份有限公司002737,9.13907009608967e+017,1,1,省级,3,7,7,565656,4930,"(3780.0, 7370.0]"
中原医药集团有限公司002738,9.1306101323e+017,0,0,县级,1,,7,5656,26680,"(24660.0, 27972.0]"
星河医药有限责任公司002739,9.1334e+017,,0,市级,5,2,1,-2323432,16880,"(14480.0, 17855.0]"
中原信息集团有限公司002740,9.1321143678587e+017,0,1,县级,,5,1,5656,27050,"(24660.0, 27972.0]"
联创建设集团有限公司002741,9.137746438508e+017,0,,市级,,,1,-3434545,8600,"(7370.0, 10954.0]"
联创电子集团有限公司002742,9.13094e+017,0,0,市级,7,2,3,565656,22140,"(21364.0, 24660.0]"
宏达建设有限公司002743,9.136080753939e+017,1,1,县级,7,6,6,-2323432,20980,"(17855.0, 21364.0]"
中原科技有限责任公司002744,9.138943380536347e+017,0,1,国家级,7,3,1,565656,9860,"(7370.0, 10954.0]"
远航电子有限责任公司002745,9.1329258249148087e+017,1,,,6,,6,-2323432,28820,"(27972.0, 31471.0]"
瑞丰化工有限公司002746,9.134165714178e+017,1,,县级,3,4,5,6767,24680,"(24660.0, 27972.0]"
博雅科技股份有限公司002747,9.136535786667e+017,0,0,省级,4,7,2,343434,1350,"(49.999, 3780.0]"
瑞丰装备有限责任公司002748,9.13185199e+017,1,0,县级,6,2,5,-2323432,14710,"(14480.0, 17855.0]"
金鼎智能集团有限公司002749,9.1398047e+017,0,1,,,2,1,676767,17200,"(14480.0, 17855.0]"
华信物流股份有限公司002750,9.135969e+017,1,,市级,6,4,5,565656,29460,"(27972.0, 31471.0]"
永泰信息有限公司002751,9.1362786118919e+017,0,1,,4,1,1,6767,25250,"(24660.0, 27972.0]"
盛世生物股份有限公司002752,9.13354085e+017,1,0,市级,4,,5,6767,9250,"(7370.0, 10954.0]"
启明食品股份有限公司002753,9.138145392413e+017,0,0,县级,5,4,4,-2323432,9360,"(7370.0, 10954.0]"
创元建设有限责任公司002754,9.137359e+017,0,,县级,,6,3,5656,2510,"(49.999, 3780.0]"
中原材料集团有限公司002755,9.1352e+017,,0,县级,7,6,5,565,6730,"(3780.0, 7370.0]"
创元网络有限责任公司002756,9.1324437629e+017,0,0,市级,4,3,1,5656,32230,"(31471.0, 35000.0]"
星河纺织有限公司002757,9.13095e+017,1,1,省级,6,4,1,565656,18080,"(17855.0, 21364.0]"
汇通生物有限责任公司002758,9.136911781887581e+017,1,0,,5,2,1,676767,31600,"(31471.0, 35000.0]"
联创材料有限责任公司002759,9.1321000471e+017,,1,市级,4,1,,-2323432,14960,"(14480.0, 17855.0]"
远航食品集团有限公司002760,9.1310274237837e+017,1,0,市级,,4,5,343434,2640,"(49.999, 3780.0]"
博雅网络股份有限公司002761,9.1392362013e+017,1,0,县级,2,1,4,-2323432,28790,"(27972.0, 31471.0]"
汇通生物有限公司002762,9.1319688e+017,1,0,市级,2,5,2,6767,4530,"(3780.0, 7370.0]"
启明信息集团有限公司002763,9.13591987e+017,0,0,,6,4,6,6767,21550,"(21364.0, 24660.0]"
华泰科技有限责任公司002764,9.13387e+017,0,1,,5,6,5,-3434545,28700,"(27972.0, 31471.0]"
永泰食品有限公司002765,9.1370249914107178e+017,1,1,市级,6,3,2,5656,4660,"(3780.0, 7370.0]"
盛世装备有限责任公司002766,9.137537e+017,0,0,市级,,7,3,6767,12490,"(10954.0, 14480.0]"
博雅化工有限责任公司002767,9.13436e+017,0,,国家级,3,5,6,-3434545,6740,"(3780.0, 7370.0]"
创元装备有限公司002768,9.139538970640e+017,0,1,县级,6,3,3,6767,2140,"(49.999, 3780.0]"
金鼎科技集团有限公司002769,9.13804e+017,1,1,,4,4,2,-3434545,2880,"(49.999, 3780.0]"
宏达科技股份有限公司002770,9.13270610500917e+017,0,1,省级,,5,1,343434,2530,"(49.999, 3780.0]"
远航装备股份有限公司002771,9.133115451e+017,1,0,省级,4,6,5,676767,21530,"(21364.0, 24660.0]"
瑞丰物流股份有限公司002772,9.132875719887e+017,0,,县级,4,7,,-3434545,18690,"(17855.0, 21364.0]"
嘉禾电子有限公司002773,9.133009322064620e+017,1,1,省级,7,5,,343434,13010,"(10954.0, 14480.0]"
博雅化工集团有限公司002774,9.138026492803151e+017,0,1,国家级,5,,,565656,20650,"(17855.0, 21364.0]"
中原能源股份有限公司002775,9.131230532526e+017,,0,国家级,4,6,3,676767,8120,"(7370.0, 10954.0]"
星河材料集团有限公司002776,9.131243e+017,1,0,,1,5,7,-2323432,26970,"(24660.0, 27972.0]"
星河环保有限公司002777,9.13971e+017,1,1,国家级,4,3,,343434,14300,"(10954.0, 14480.0]"
博雅科技有限公司002778,9.13128e+017,1,,省级,7,,6,-2323432,6830,"(3780.0, 7370.0]"
华信机械集团有限公司002779,9.13191045141e+017,1,0,市级,2,5,,343434,25300,"(24660.0, 27972.0]"
盛世材料集团有限公司002780,9.13536247990e+017,1,0,市级,1,5,3,-2323432,9850,"(7370.0, 10954.0]"
永泰贸易股份有限公司002781,9.1364058e+017,1,0,市级,7,7,1,565656,22600,"(21364.0, 24660.0]"
中原网络股份有限公司002782,9.13061e+017,0,0,县级,1,1,4,-3434545,17500,"(14480.0, 17855.0]"
华泰生物有限公司002783,9.1378e+017,1,1,国家级,2,,,-3434545,25550,"(24660.0, 27972.0]"
启明物流有限责任公司002784,9.13439446e+017,0,0,省级,2,4,1,-3434545,12230,"(10954.0, 14480.0]"
宏达医药有限责任公司002785,9.139415529927777e+017,0,1,,1,6,6,343434,21930,"(21364.0, 24660.0]"
启明纺织有限公司002786,9.1387978929309077e+017,0,,国家级,,2,7,-2323432,20220,"(17855.0, 21364.0]"
瑞丰食品股份有限公司002787,9.13605068902552e+017,1,,国家级,7,2,1,343434,31600,"(31471.0, 35000.0]"
华信装备股份有限公司002788,9.133797e+017,,0,省级,,3,4,676767,31850,"(31471.0, 35000.0]"
启明食品有限责任公司002789,9.13048550231e+017,0,1,,,6,,-3434545,34650,"(31471.0, 35000.0]"
金鼎建设股份有限公司002790,9.13883826e+017,0,0,省级,4,2,1,343434,30220,"(27972.0, 31471.0]"
中原装备有限责任公司002791,9.137571869725006e+017,1,1,县级,3,4,,565,27050,"(24660.0, 27972.0]"
华信物流有限公司002792,9.13817831357190e+017,0,1,国家级,5,7,,5656,14240,"(10954.0, 14480.0]"
宏达纺织股份有限公司002793,9.1361e+017,,1,国家级,3,,7,-3434545,32700,"(31471.0, 35000.0]"
博雅食品有限责任公司002794,9.1383e+017,1,1,,5,2,7,-3434545,21980,"(21364.0, 24660.0]"
华泰物流股份有限公司002795,9.136635790e+017,0,0,省级,6,3,,-2323432,18750,"(17855.0, 21364.0]"
宏达纺织有限公司002796,9.13126e+017,0,1,省级,4,2,6,565656,11920,"(10954.0, 14480.0]"
联创装备股份有限公司002797,9.1313e+017,,1,市级,,5,2,343434,21960,"(21364.0, 24660.0]"
创元智能股份有限公司002798,9.13068e+017,1,1,县级,3,1,2,565,13790,"(10954.0, 14480.0]"
永泰纺织有限责任公司002799,9.1373645671212e+017,1,1,,1,6,,-3434545,2590,"(49.999, 3780.0]"
汇通材料集团有限公司002800,9.1368390282976e+017,1,0,县级,4,6,,343434,10200,"(7370.0, 10954.0]"
宏达医药股份有限公司002801,9.1389494927e+017,0,1,县级,7,1,,565,26330,"(24660.0, 27972.0]"
中原生物有限责任公司002802,9.13276041281e+017,1,,市级,3,5,7,6767,23210,"(21364.0, 24660.0]"
瑞丰装备有限公司002803,9.1342e+017,1,1,县级,6,2,2,6767,7160,"(3780.0, 7370.0]"
嘉禾环保股份有限公司002804,9.1382423997767532e+017,0,1,市级,,2,1,-2323432,1790,"(49.999, 3780.0]"
远航信息集团有限公司002805,9.13641188e+017,0,1,国家级,3,3,5,5656,31070,"(27972.0, 31471.0]"
启明材料有限公司002806,9.1363707218508226e+017,0,,市级,1,5,7,-3434545,9820,"(7370.0, 10954.0]"
金鼎材料股份有限公司002807,9.135049357e+017,0,0,,,1,2,-3434545,2550,"(49.999, 3780.0]"
博雅物流集团有限公司002808,9.1381187e+017,1,,县级,2,5,2,6767,9820,"(7370.0, 10954.0]"
联创化工有限公司002809,9.133567294424722e+017,0,1,省级,4,6,2,676767,9210,"(7370.0, 10954.0]"
永泰智能集团有限公司002810,9.137561e+017,1,1,市级,6,3,2,343434,1850,"(49.999, 3780.0]"
汇通信息有限公司002811,9.139242412963597e+017,1,0,省级,7,1,7,565,28530,"(27972.0, 31471.0]"
宏达食品股份有限公司002812,9.13851455494e+017,1,1,县级,5,,7,565656,25070,"(24660.0, 27972.0]"
瑞丰生物集团有限公司002813,9.1375573e+017,1,0,省级,2,2,2,343434,32860,"(31471.0, 35000.0]"
瑞丰贸易股份有限公司002814,9.139675705717159e+017,0,0,省级,1,4,,5656,17250,"(14480.0, 17855.0]"
盛世生物有限责任公司002815,9.13034e+017,,0,,2,6,,6767,8480,"(7370.0, 10954.0]"
创元食品有限公司002816,9.1368686630709964e+017,1,1,县级,,4,7,343434,7210,"(3780.0, 7370.0]"
汇通建设集团有限公司002817,9.1384938350932e+017,1,0,县级,5,5,5,5656,3360,"(49.999, 3780.0]"
宏达建设股份有限公司002818,9.133323969e+017,0,1,国家级,2,,6,-3434545,34610,"(31471.0, 35000.0]"
瑞丰食品有限责任公司002819,9.1323965978269e+017,,,,1,4,6,6767,33720,"(31471.0, 35000.0]"
远航医药有限公司002820,9.1349731e+017,0,0,,2,,5,6767,21810,"(21364.0, 24660.0]"
创元能源股份有限公司002821,9.13601e+017,0,1,省级,5,3,6,6767,20640,"(17855.0, 21364.0]"
华信建设股份有限公司002822,9.1397e+017,1,0,省级,,6,,565656,14870,"(14480.0, 17855.0]"
宏达物流有限公司002823,9.1394e+017,1,1,省级,6,4,4,676767,17520,"(14480.0, 17855.0]"
天成建设股份有限公司002824,9.1323327509e+017,1,1,国家级,2,3,4,565,7360,"(3780.0, 7370.0]"
鼎盛材料股份有限公司002825,9.138763073722575e+017,1,1,国家级,6,7,,-2323432,3060,"(49.999, 3780.0]"
创元科技股份有限公司002826,9.138223358623e+017,1,0,省级,1,7,5,6767,290,"(49.999, 3780.0]"
创元医药有限公司002827,9.136657760e+017,1,0,国家级,2,,3,676767,32820,"(31471.0, 35000.0]"
启明医药有限公司002828,9.1316964e+017,1,0,省级,3,1,2,5656,22020,"(21364.0, 24660.0]"
华信纺织股份有限公司002829,9.13612476859766e+017,1,0,市级,6,5,6,-2323432,4590,"(3780.0, 7370.0]"
瑞丰生物集团有限公司002830,9.134576344e+017,1,,国家级,2,2,4,5656,16860,"(14480.0, 17855.0]"
汇通能源股份有限公司002831,9.134204e+017,1,0,市级,5,7,6,565656,21440,"(21364.0, 24660.0]"
联创纺织集团有限公司002832,9.1302e+017,0,1,国家级,,3,7,565656,15530,"(14480.0, 17855.0]"
天成医药集团有限公司002833,9.1388409e+017,1,0,县级,4,1,,565656,3690,"(49.999, 3780.0]"
远航电子有限公司002834,9.1367646290e+017,1,1,省级,1,1,1,-3434545,15050,"(14480.0, 17855.0]"
汇通机械有限公司002835,9.132387787e+017,0,0,市级,7,4,,-3434545,6770,"(3780.0, 7370.0]"
宏达医药有限公司002836,9.133543e+017,0,1,省级,1,5,3,5656,16370,"(14480.0, 17855.0]"
联创能源股份有限公司002837,9.1380316976e+017,0,0,县级,,,,-2323432,10140,"(7370.0, 10954.0]"
瑞丰医药有限责任公司002838,9.13991615e+017,0,1,省级,1,5,,6767,23770,"(21364.0, 24660.0]"
华信电子有限责任公司002839,9.13089066036340e+017,0,1,国家级,2,3,4,676767,31930,"(31471.0, 35000.0]"
博雅生物有限公司002840,9.13332644e+017,1,0,市级,1,7,4,343434,13270,"(10954.0, 14480.0]"
华信贸易股份有限公司002841,9.13407949179e+017,0,0,县级,7,2,4,5656,13470,"(10954.0, 14480.0]"
嘉禾纺织有限公司002842,9.13706759e+017,1,0,国家级,1,5,2,-2323432,10920,"(7370.0, 10954.0]"
中原机械股份有限公司002843,9.1348e+017,1,0,,2,6,4,565,31660,"(31471.0, 35000.0]"
天成材料股份有限公司002844,9.1328026142284746e+017,1,0,国家级,4,3,5,-2323432,5810,"(3780.0, 7370.0]"
星河网络股份有限公司002845,9.139171e+017,1,0,省级,6,6,3,-3434545,1640,"(49.999, 3780.0]"
鼎盛智能股份有限公司002846,9.13313494607818e+017,0,0,省级,5,6,1,-3434545,8070,"(7370.0, 10954.0]"
宏达材料有限公司002847,9.134797049e+017,,,国家级,,5,1,676767,7630,"(7370.0, 10954.0]"
瑞丰贸易有限公司002848,9.139938e+017,1,1,国家级,5,7,7,343434,21110,"(17855.0, 21364.0]"
永泰建设有限公司002849,9.1320188706983e+017,0,0,,3,5,7,5656,18140,"(17855.0, 21364.0]"
华泰能源集团有限公司002850,9.131975077218e+017,0,1,市级,2,,4,-3434545,1460,"(49.999, 3780.0]"
汇通食品有限公司002851,9.13277539954e+017,0,,国家级,2,,2,343434,20240,"(17855.0, 21364.0]"
博雅能源有限公司002852,9.1344e+017,0,1,县级,3,2,1,343434,23660,"(21364.0, 24660.0]"
星河材料有限公司002853,9.1320737866557e+017,0,1,国家级,4,,5,343434,1530,"(49.999, 3780.0]"
宏达装备集团有限公司002854,9.1372590635931215e+017,0,,国家级,6,4,1,6767,20380,"(17855.0, 21364.0]"
汇通物流有限公司002855,9.1358077e+017,,0,市级,6,5,,676767,28070,"(27972.0, 31471.0]"
远航科技集团有限公司002856,9.134681966e+017,0,,县级,5,3,4,676767,26970,"(24660.0, 27972.0]"
星河信息有限公司002857,9.131807783e+017,0,0,市级,4,6,3,565,30880,"(27972.0, 31471.0]"
汇通环保有限公司002858,9.136689e+017,1,0,县级,4,7,3,565,9140,"(7370.0, 10954.0]"
华信化工有限责任公司002859,9.1397944e+017,1,0,市级,5,1,3,5656,25430,"(24660.0, 27972.0]"
博雅纺织集团有限公司002860,9.134528324e+017,0,0,,7,5,3,565,33480,"(31471.0, 35000.0]"
星河网络集团有限公司002861,9.1341429009401e+017,1,1,国家级,2,1,3,676767,4430,"(3780.0, 7370.0]"
中原纺织有限公司002862,9.13249116993478e+017,1,0,县级,2,3,,5656,29360,"(27972.0, 31471.0]"
联创生物集团有限公司002863,9.13927e+017,0,0,市级,4,1,,5656,31420,"(27972.0, 31471.0]"
鼎盛医药有限责任公司002864,9.137311135492e+017,1,1,县级,3,4,3,565,18150,"(17855.0, 21364.0]"
天成化工有限公司002865,9.1368233e+017,0,0,,3,1,,565,30580,"(27972.0, 31471.0]"
远航信息有限公司002866,9.1318799971790848e+017,0,0,,4,6,,6767,5500,"(3780.0, 7370.0]"
中原材料集团有限公司002867,9.130406e+017,0,0,省级,4,1,6,343434,31080,"(27972.0, 31471.0]"
汇通物流有限公司002868,9.1307366e+017,0,1,国家级,6,6,7,5656,23110,"(21364.0, 24660.0]"
联创物流有限责任公司002869,9.13682e+017,1,1,,7,4,4,676767,15600,"(14480.0, 17855.0]"
创元材料有限责任公司002870,9.13970e+017,1,1,县级,2,1,2,565,27400,"(24660.0, 27972.0]"
中原材料股份有限公司002871,9.134054851206e+017,0,1,县级,5,5,2,565656,21330,"(17855.0, 21364.0]"
华泰装备有限公司002872,9.135892781259833e+017,0,0,县级,,3,7,565,20620,"(17855.0, 21364.0]"
鼎盛材料有限公司002873,9.1312827756539e+017,0,1,县级,,,,6767,33060,"(31471.0, 35000.0]"
华泰纺织集团有限公司002874,9.1314e+017,0,1,县级,4,7,2,565,17050,"(14480.0, 17855.0]"
创元装备股份有限公司002875,9.1347848605e+017,1,0,国家级,2,,6,5656,16680,"(14480.0, 17855.0]"
远航科技有限公司002876,9.1356099e+017,,1,国家级,,2,7,343434,25250,"(24660.0, 27972.0]"
金鼎医药股份有限公司002877,9.1326237e+017,,1,省级,1,6,5,-2323432,14970,"(14480.0, 17855.0]"
星河化工集团有限公司002878,9.13594587023e+017,0,,市级,2,3,6,-2323432,11650,"(10954.0, 14480.0]"
联创科技集团有限公司002879,9.13087415e+017,1,0,县级,,4,1,565,15810,"(14480.0, 17855.0]"
远航生物有限公司002880,9.1364240436545e+017,0,0,,3,6,7,6767,3970,"(3780.0, 7370.0]"
联创智能股份有限公司002881,9.1324341781e+017,1,0,县级,,4,3,5656,17330,"(14480.0, 17855.0]"
汇通能源股份有限公司002882,9.137574122876e+017,,1,县级,1,5,7,5656,28390,"(27972.0, 31471.0]"
嘉禾环保股份有限公司002883,9.138355e+017,1,0,省级,5,1,,343434,1550,"(49.999, 3780.0]"
盛世能源有限责任公司002884,9.1324126e+017,1,0,国家级,6,,3,-3434545,23920,"(21364.0, 24660.0]"
金鼎网络有限责任公司002885,9.1341111201502615e+017,1,1,县级,4,7,1,565656,30870,"(27972.0, 31471.0]"
创元信息股份有限公司002886,9.1346880904e+017,1,0,国家级,6,6,1,-3434545,14700,"(14480.0, 17855.0]"
创元生物有限公司002887,9.13223e+017,0,1,县级,7,6,1,-2323432,19960,"(17855.0, 21364.0]"
华泰科技集团有限公司002888,9.1357005628e+017,1,0,省级,2,3,5,-2323432,23130,"(21364.0, 24660.0]"
中原智能集团有限公司002889,9.1356136151003e+017,1,0,省级,6,,1,5656,29250,"(27972.0, 31471.0]"
华泰科技股份有限公司002890,9.13555e+017,1,0,市级,5,7,1,565,20370,"(17855.0, 21364.0]"
华泰信息有限责任公司002891,9.1309519809599e+017,0,0,省级,4,6,6,5656,13860,"(10954.0, 14480.0]"
华信贸易集团有限公司002892,9.1387e+017,0,0,省级,7,6,,565656,9580,"(7370.0, 10954.0]"
金鼎食品有限责任公司002893,9.13080e+017,,0,县级,4,5,5,6767,18300,"(17855.0, 21364.0]"
华泰环保集团有限公司002894,9.13349171e+017,,1,国家级,3,5,1,676767,25910,"(24660.0, 27972.0]"
宏达装备有限责任公司002895,9.13506368539e+017,0,0,省级,6,6,7,343434,11550,"(10954.0, 14480.0]"
鼎盛贸易有限公司002896,9.1343305406e+017,1,1,县级,1,2,3,6767,26660,"(24660.0, 27972.0]"
宏达环保有限公司002897,9.1322411771553e+017,1,0,县级,,4,7,6767,25630,"(24660.0, 27972.0]"
博雅食品集团有限公司002898,9.1309970739e+017,1,,省级,,,7,5656,23810,"(21364.0, 24660.0]"
创元能源有限公司002899,9.13756745377096e+017,1,0,省级,7,7,3,-3434545,4160,"(3780.0, 7370.0]"
远航电子集团有限公司002900,9.133814540327415e+017,1,0,市级,1,,1,6767,3370,"(49.999, 3780.0]"
瑞丰材料有限公司002901,9.13862978e+017,0,1,国家级,,5,,343434,12440,"(10954.0, 14480.0]"
金鼎生物集团有限公司002902,9.136870172151847e+017,1,,市级,6,,3,676767,28230,"(27972.0, 31471.0]"
远航智能集团有限公司002903,9.137244e+017,1,0,省级,,6,2,5656,17140,"(14480.0, 17855.0]"
创元科技集团有限公司002904,9.137742267164843e+017,1,1,,6,5,2,-2323432,7730,"(7370.0, 10954.0]"
盛世物流有限公司002905,9.1347744e+017,1,1,,3,5,3,343434,20530,"(17855.0, 21364.0]"
汇通智能有限公司002906,9.1361762519731029e+017,0,0,市级,2,7,,6767,34290,"(31471.0, 35000.0]"
嘉禾生物股份有限公司002907,9.13054e+017,,0,,6,1,4,5656,35000,"(31471.0, 35000.0]"
宏达化工集团有限公司002908,9.133393e+017,1,1,市级,4,5,1,565,8600,"(7370.0, 10954.0]"
金鼎贸易有限责任公司002909,9.138850732579e+017,0,0,县级,4,6,5,6767,5920,"(3780.0, 7370.0]"
创元纺织集团有限公司002910,9.130701200e+017,,1,,3,,5,565656,17160,"(14480.0, 17855.0]"
联创信息有限责任公司002911,9.137873405386e+017,1,1,国家级,2,5,5,565656,2640,"(49.999, 3780.0]"
创元生物有限公司002912,9.1367199e+017,1,1,国家级,6,4,4,-3434545,33730,"(31471.0, 35000.0]"
华泰环保集团有限公司002913,9.13062629e+017,1,1,国家级,4,2,5,565656,25100,"(24660.0, 27972.0]"
华信信息集团有限公司002914,9.1380898809e+017,0,1,市级,7,6,5,343434,11330,"(10954.0, 14480.0]"
宏达材料集团有限公司002915,9.1355250030897376e+017,0,1,,4,7,2,676767,34240,"(31471.0, 35000.0]"
永泰化工集团有限公司002916,9.1339e+017,0,1,县级,7,,6,565,20560,"(17855.0, 21364.0]"
启明能源集团有限公司002917,9.1328175060e+017,1,1,国家级,2,,5,-2323432,21790,"(21364.0, 24660.0]"
宏达材料有限公司002918,9.1342967307468638e+017,1,,县级,6,6,6,343434,34700,"(31471.0, 35000.0]"
盛世科技集团有限公司002919,9.1391627e+017,0,0,国家级,2,7,,-3434545,17430,"(14480.0, 17855.0]"
宏达物流股份有限公司002920,9.13290037247e+017,0,1,市级,4,2,2,676767,27650,"(24660.0, 27972.0]"
永泰贸易集团有限公司002921,9.13057083922630e+017,,0,国家级,1,3,,5656,370,"(49.999, 3780.0]"
创元贸易股份有限公司002922,9.1381233160308e+017,0,1,国家级,7,6,7,565,4180,"(3780.0, 7370.0]"
金鼎机械有限公司002923,9.137617e+017,1,0,省级,1,,2,676767,20890,"(17855.0, 21364.0]"
汇通装备股份有限公司002924,9.131621427656e+017,1,0,,3,,2,565,8460,"(7370.0, 10954.0]"
博雅材料有限公司002925,9.1311410645e+017,1,,市级,1,7,,6767,11670,"(10954.0, 14480.0]"
中原科技集团有限公司002926,9.1370923879832323e+017,1,1,市级,7,,1,565,12630,"(10954.0, 14480.0]"
盛世信息有限公司002927,9.13215552489930e+017,1,0,,2,,,-2323432,33230,"(31471.0, 35000.0]"
汇通网络股份有限公司002928,9.13090e+017,1,0,省级,3,7,1,5656,7470,"(7370.0, 10954.0]"
金鼎医药有限责任公司002929,9.1331639348355e+017,1,0,县级,4,4,5,565656,20990,"(17855.0, 21364.0]"
鼎盛电子集团有限公司002930,9.132469e+017,1,0,,1,1,4,676767,23610,"(21364.0, 24660.0]"
创元食品集团有限公司002931,9.1348e+017,0,0,,6,6,2,565656,2180,"(49.999, 3780.0]"
华泰能源集团有限公司002932,9.132471525899967e+017,0,0,县级,7,,6,6767,25220,"(24660.0, 27972.0]"
瑞丰环保股份有限公司002933,9.1343190e+017,1,0,县级,7,5,5,-3434545,21920,"(21364.0, 24660.0]"
远航网络集团有限公司002934,9.13709557720053e+017,1,0,县级,6,5,1,-3434545,29360,"(27972.0, 31471.0]"
联创装备股份有限公司002935,9.13129441153e+017,0,0,县级,6,2,,565656,22140,"(21364.0, 24660.0]"
创元装备集团有限公司002936,9.13470996e+017,1,0,,2,4,4,6767,31510,"(31471.0, 35000.0]"
华泰科技股份有限公司002937,9.1381120056e+017,1,1,国家级,,6,7,565,28380,"(27972.0, 31471.0]"
启明纺织集团有限公司002938,9.13707593359242e+017,0,1,省级,1,6,6,6767,8400,"(7370.0, 10954.0]"
联创信息有限公司002939,9.131868938395434e+017,1,1,,5,1,,565,8290,"(7370.0, 10954.0]"
嘉禾信息股份有限公司002940,9.1304919318732335e+017,0,,县级,1,7,,676767,15120,"(14480.0, 17855.0]"
宏达生物集团有限公司002941,9.1333787e+017,0,0,国家级,7,,3,6767,30690,"(27972.0, 31471.0]"
启明材料有限责任公司002942,9.138059515567e+017,1,0,省级,5,7,5,-2323432,13950,"(10954.0, 14480.0]"
联创环保有限责任公司002943,9.138048e+017,0,1,市级,1,4,1,676767,21510,"(21364.0, 24660.0]"
启明建设有限责任公司002944,9.1370130376049191e+017,1,,市级,2,4,5,565656,9860,"(7370.0, 10954.0]"
宏达食品集团有限公司002945,9.135578e+017,,0,,,,2,343434,2900,"(49.999, 3780.0]"
汇通生物股份有限公司002946,9.1307094195e+017,1,,县级,2,5,5,565,30600,"(27972.0, 31471.0]"
汇通环保有限责任公司002947,9.1340534e+017,1,0,,3,2,5,343434,27120,"(24660.0, 27972.0]"
天成化工有限责任公司002948,9.13390e+017,1,0,市级,,6,7,-3434545,11120,"(10954.0, 14480.0]"
汇通纺织有限公司002949,9.13271522737226e+017,0,1,,7,2,2,343434,23550,"(21364.0, 24660.0]"
联创信息有限公司002950,9.1352e+017,1,,市级,2,5,3,676767,32260,"(31471.0, 35000.0]"
盛世装备股份有限公司002951,9.13444e+017,,1,县级,3,1,6,565,26740,"(24660.0, 27972.0]"
汇通物流有限公司002952,9.13746550653020e+017,0,1,省级,,3,4,-2323432,25520,"(24660.0, 27972.0]"
华泰建设有限责任公司002953,9.138485e+017,0,0,省级,,1,,-2323432,11450,"(10954.0, 14480.0]"
嘉禾纺织有限责任公司002954,9.131932e+017,1,1,市级,5,2,,-2323432,13040,"(10954.0, 14480.0]"
中原科技集团有限公司002955,9.13571786208927e+017,1,1,省级,2,6,,-2323432,20090,"(17855.0, 21364.0]"
星河物流股份有限公司002956,9.13547503168e+017,0,0,市级,4,4,,5656,14470,"(10954.0, 14480.0]"
华信纺织有限公司002957,9.13476595440888e+017,1,0,,,,2,676767,21760,"(21364.0, 24660.0]"
嘉禾网络股份有限公司002958,9.1346e+017,,1,市级,1,1,1,6767,12270,"(10954.0, 14480.0]"
联创食品集团有限公司002959,9.13523815474329e+017,1,1,省级,1,4,3,676767,24820,"(24660.0, 27972.0]"
金鼎装备有限责任公司002960,9.13329792e+017,0,0,国家级,,3,,676767,32500,"(31471.0, 35000.0]"
创元信息股份有限公司002961,9.1302600520610841e+017,0,1,县级,6,,2,565656,33420,"(31471.0, 35000.0]"
联创装备集团有限公司002962,9.1342178572e+017,0,0,市级,3,2,4,676767,26250,"(24660.0, 27972.0]"
永泰生物有限公司002963,9.1386919180981745e+017,1,1,省级,4,4,3,-2323432,7710,"(7370.0, 10954.0]"
鼎盛智能股份有限公司002964,9.13116927e+017,1,0,省级,1,1,2,343434,9020,"(7370.0, 10954.0]"
金鼎能源股份有限公司002965,9.135716889729319e+017,,0,市级,6,6,4,-3434545,23880,"(21364.0, 24660.0]"
嘉禾材料股份有限公司002966,9.13747e+017,1,0,县级,7,3,4,676767,9080,"(7370.0, 10954.0]"
永泰建设有限责任公司002967,9.1376207266931858e+017,1,0,,2,2,4,676767,6040,"(3780.0, 7370.0]"
联创机械集团有限公司002968,9.134349e+017,0,0,省级,5,4,3,6767,22060,"(21364.0, 24660.0]"
华信建设有限责任公司002969,9.13589601e+017,0,1,省级,4,3,5,565656,10330,"(7370.0, 10954.0]"
联创医药有限责任公司002970,9.137107178e+017,0,1,国家级,3,4,5,565,32380,"(31471.0, 35000.0]"
创元环保集团有限公司002971,9.1376e+017,1,1,县级,,,4,343434,32400,"(31471.0, 35000.0]"
鼎盛智能集团有限公司002972,9.1396637861e+017,0,0,市级,6,2,6,565656,18140,"(17855.0, 21364.0]"
星河电子有限责任公司002973,9.1306925191155652e+017,0,0,,4,4,6,-2323432,10390,"(7370.0, 10954.0]"
嘉禾能源有限责任公司002974,9.1302786263141350e+017,0,1,,7,4,5,343434,8200,"(7370.0, 10954.0]"
联创能源股份有限公司002975,9.135237476115e+017,1,1,县级,,,,565,20270,"(17855.0, 21364.0]"
汇通智能有限责任公司002976,9.1376e+017,1,1,国家级,,,1,5656,5830,"(3780.0, 7370.0]"
宏达医药有限公司002977,9.1374e+017,1,,县级,7,3,2,676767,18710,"(17855.0, 21364.0]"
汇通智能股份有限公司002978,9.1357988027209935e+017,0,0,县级,6,2,,-3434545,12690,"(10954.0, 14480.0]"
远航装备有限责任公司002979,9.13870128087034e+017,0,0,,3,6,7,343434,470,"(49.999, 3780.0]"
创元纺织有限公司002980,9.1356e+017,0,1,,1,,2,5656,27670,"(24660.0, 27972.0]"
华泰机械股份有限公司002981,9.1305792321839e+017,1,1,省级,2,3,7,5656,10810,"(7370.0, 10954.0]"
嘉禾化工集团有限公司002982,9.13892e+017,1,1,县级,2,1,1,5656,31370,"(27972.0, 31471.0]"
天成化工有限公司002983,9.138596652163487e+017,1,0,市级,6,2,5,343434,25150,"(24660.0, 27972.0]"
华信建设集团有限公司002984,9.130583e+017,1,1,国家级,5,2,7,676767,12510,"(10954.0, 14480.0]"
嘉禾智能股份有限公司002985,9.1306706250e+017,0,1,省级,,7,4,343434,27250,"(24660.0, 27972.0]"
中原环保股份有限公司002986,9.13993232367365e+017,1,,县级,1,6,1,343434,13390,"(10954.0, 14480.0]"
博雅物流股份有限公司002987,9.1317419e+017,0,0,省级,1,1,2,565,6970,"(3780.0, 7370.0]"
中原智能集团有限公司002988,9.1326624299663907e+017,1,1,省级,,6,4,343434,11950,"(10954.0, 14480.0]"
星河食品有限公司002989,9.1331417336123e+017,0,0,市级,,,7,565,19400,"(17855.0, 21364.0]"
盛世智能集团有限公司002990,9.1385897250671322e+017,0,0,,6,5,3,565,28240,"(27972.0, 31471.0]"
宏达能源有限责任公司002991,9.133326509012e+017,0,0,市级,4,2,,-2323432,27730,"(24660.0, 27972.0]"
汇通医药有限责任公司002992,9.1380606561e+017,0,1,,2,,1,5656,32050,"(31471.0, 35000.0]"
华泰装备集团有限公司002993,9.13538668970e+017,1,1,,4,3,4,-2323432,29410,"(27972.0, 31471.0]"
启明网络集团有限公司002994,9.137995342056680e+017,1,1,省级,6,5,,-3434545,24830,"(24660.0, 27972.0]"
嘉禾建设有限责任公司002995,9.1303610e+017,0,1,国家级,4,2,7,-3434545,28850,"(27972.0, 31471.0]"
金鼎环保股份有限公司002996,9.136462e+017,1,1,省级,,,5,-3434545,14040,"(10954.0, 14480.0]"
瑞丰材料有限责任公司002997,9.13239742474e+017,0,0,市级,5,7,7,565656,34300,"(31471.0, 35000.0]"
天成化工集团有限公司002998,9.131603288894897e+017,1,1,省级,7,,5,-3434545,27950,"(24660.0, 27972.0]"
启明智能集团有限公司002999,9.13430e+017,0,,省级,2,2,,-2323432,28120,"(27972.0, 31471.0]"
嘉禾智能有限责任公司003000,9.1346709e+017,1,1,,3,4,,343434,19640,"(17855.0, 21364.0]"
嘉禾信息有限公司003001,9.1326669874e+017,0,0,省级,,2,4,565,21910,"(21364.0, 24660.0]"
盛世机械有限责任公司003002,9.137117049441536e+017,0,0,,3,,4,676767,31100,"(27972.0, 31471.0]"
星河机械有限公司003003,9.136100726e+017,0,1,,,6,6,565,19430,"(17855.0, 21364.0]"
盛世生物有限责任公司003004,9.13512827e+017,0,0,,6,1,4,5656,2150,"(49.999, 3780.0]"
瑞丰信息集团有限公司003005,9.1325957485913375e+017,0,1,省级,4,3,5,676767,27520,"(24660.0, 27972.0]"
华泰贸易股份有限公司003006,9.139292476807e+017,0,1,国家级,5,5,4,-3434545,15740,"(14480.0, 17855.0]"
华信医药股份有限公司003007,9.1362e+017,1,1,县级,6,2,6,6767,6240,"(3780.0, 7370.0]"
嘉禾装备有限责任公司003008,9.13194e+017,0,0,省级,7,3,6,5656,24600,"(21364.0, 24660.0]"
华泰装备有限公司003009,9.1344595961409e+017,1,,,1,3,,6767,28110,"(27972.0, 31471.0]"
宏达智能集团有限公司003010,9.13697305721e+017,1,0,,4,1,2,5656,5580,"(3780.0, 7370.0]"
瑞丰贸易集团有限公司003011,9.137918e+017,0,1,,,7,5,5656,29070,"(27972.0, 31471.0]"
创元食品集团有限公司003012,9.1356e+017,0,1,国家级,7,5,2,565656,230,"(49.999, 3780.0]"
博雅生物集团有限公司003013,9.1363109687254077e+017,1,0,县级,,5,,6767,27090,"(24660.0, 27972.0]"
联创医药有限公司003014,9.1377427894378872e+017,1,1,国家级,1,2,,5656,18960,"(17855.0, 21364.0]"
天成医药有限公司003015,9.1347059488e+017,1,,省级,3,6,1,565,23460,"(21364.0, 24660.0]"
启明材料股份有限公司003016,9.13082e+017,0,0,国家级,3,5,5,565,5720,"(3780.0, 7370.0]"
宏达医药股份有限公司003017,9.13835884549e+017,0,1,国家级,5,4,6,6767,32510,"(31471.0, 35000.0]"
中原装备股份有限公司003018,9.13475833566388e+017,0,0,国家级,7,,6,565656,25120,"(24660.0, 27972.0]"
启明科技有限公司003019,9.13702368104e+017,1,1,省级,4,,7,343434,7430,"(7370.0, 10954.0]"
汇通智能集团有限公司003020,9.136731941949e+017,0,1,国家级,3,,1,-2323432,24060,"(21364.0, 24660.0]"
博雅物流有限公司003021,9.1361249201843e+017,1,1,国家级,7,2,1,-2323432,32010,"(31471.0, 35000.0]"
中原科技有限责任公司003022,9.136324540e+017,1,0,县级,4,2,2,-3434545,4280,"(3780.0, 7370.0]"
华信纺织股份有限公司003023,9.139622e+017,0,1,县级,3,7,7,565,6500,"(3780.0, 7370.0]"
金鼎纺织股份有限公司003024,9.136740018476699e+017,1,,,3,6,2,-2323432,10010,"(7370.0, 10954.0]"
天成化工集团有限公司003025,9.134718e+017,0,0,市级,5,6,3,676767,1230,"(49.999, 3780.0]"
鼎盛环保股份有限公司003026,9.130075079752217e+017,0,1,市级,,3,3,343434,7710,"(7370.0, 10954.0]"
中原信息有限责任公司003027,9.136336e+017,0,0,市级,5,,,5656,8350,"(7370.0, 10954.0]"
启明电子有限公司003028,9.134762380267094e+017,,1,,3,,4,5656,4650,"(3780.0, 7370.0]"
汇通网络集团有限公司003029,9.1332280297e+017,0,0,市级,7,,,-2323432,27160,"(24660.0, 27972.0]"
汇通食品有限责任公司003030,9.1376703e+017,0,0,省级,5,2,4,565656,14170,"(10954.0, 14480.0]"
永泰医药股份有限公司003031,9.1301467151188882e+017,,0,省级,6,1,,343434,25650,"(24660.0, 27972.0]"
华泰化工股份有限公司003032,9.1339408192758482e+017,1,1,县级,2,3,4,6767,15170,"(14480.0, 17855.0]"
鼎盛纺织有限责任公司003033,9.1357963371193e+017,1,,县级,4,,5,5656,26800,"(24660.0, 27972.0]"
华泰化工有限公司003034,9.1352428e+017,0,1,市级,,7,,565,32910,"(31471.0, 35000.0]"
华泰贸易集团有限公司003035,9.1398792014829237e+017,0,1,,2,7,2,5656,26240,"(24660.0, 27972.0]"
天成物流有限公司003036,9.130355581e+017,0,0,国家级,,1,3,565656,16380,"(14480.0, 17855.0]"
星河生物有限责任公司003037,9.133800639937823e+017,1,,县级,4,2,2,565656,770,"(49.999, 3780.0]"
金鼎物流股份有限公司003038,9.131680047e+017,0,0,,2,1,7,676767,27480,"(24660.0, 27972.0]"
星河贸易有限责任公司003039,9.13501878900529e+017,1,0,市级,3,1,1,676767,450,"(49.999, 3780.0]"
汇通智能有限责任公司003040,9.1302583e+017,0,0,国家级,6,5,7,6767,26460,"(24660.0, 27972.0]"
联创电子有限责任公司003041,9.13309811078e+017,0,1,县级,4,6,3,565,27640,"(24660.0, 27972.0]"
天成纺织有限责任公司003042,9.1370118e+017,0,1,省级,3,2,6,565656,9970,"(7370.0, 10954.0]"
天成物流有限公司003043,9.1337845736e+017,0,,市级,6,1,,6767,10010,"(7370.0, 10954.0]"
创元化工集团有限公司003044,9.13287022940e+017,0,1,,7,,4,6767,7690,"(7370.0, 10954.0]"
中原贸易股份有限公司003045,9.13895645981e+017,,0,省级,5,6,3,565,23590,"(21364.0, 24660.0]"
永泰网络有限公司003046,9.1333000429560302e+017,0,1,县级,3,,5,-2323432,8400,"(7370.0, 10954.0]"
博雅科技有限责任公司003047,9.1393186062e+017,0,0,县级,,4,,676767,28510,"(27972.0, 31471.0]"
联创食品集团有限公司003048,9.1309e+017,1,0,省级,4,1,3,565656,5460,"(3780.0, 7370.0]"
嘉禾生物有限公司003049,9.1391420e+017,0,1,,6,4,4,565,10640,"(7370.0, 10954.0]"
联创生物有限责任公司003050,9.139533e+017,1,1,省级,,,2,565,23020,"(21364.0, 24660.0]"
天成食品集团有限公司003051,9.130285212004e+017,0,1,市级,1,6,7,5656,20790,"(17855.0, 21364.0]"
华信信息股份有限公司003052,9.1339e+017,1,1,省级,3,4,2,-3434545,5590,"(3780.0, 7370.0]"
星河食品有限公司003053,9.1356362e+017,0,1,省级,5,2,1,-3434545,22190,"(21364.0, 24660.0]"
宏达科技有限责任公司003054,9.13727e+017,1,1,省级,3,3,6,-3434545,33640,"(31471.0, 35000.0]"
鼎盛环保股份有限公司003055,9.138447067409126e+017,0,1,,5,3,4,565656,9320,"(7370.0, 10954.0]"
创元医药集团有限公司003056,9.138699800e+017,0,1,市级,,1,3,-3434545,31340,"(27972.0, 31471.0]"
中原环保股份有限公司003057,9.1391382172952186e+017,1,0,县级,,1,6,5656,5960,"(3780.0, 7370.0]"
鼎盛能源股份有限公司003058,9.137855971189e+017,1,1,国家级,6,6,3,565656,22840,"(21364.0, 24660.0]"
瑞丰纺织集团有限公司003059,9.136732681361593e+017,1,1,,1,2,6,6767,18710,"(17855.0, 21364.0]"
盛世食品集团有限公司003060,9.134132459123141e+017,1,1,市级,6,7,4,565,24100,"(21364.0, 24660.0]"
永泰生物集团有限公司003061,9.130086992e+017,0,0,国家级,7,7,1,565,12580,"(10954.0, 14480.0]"
永泰机械有限责任公司003062,9.138352e+017,,0,国家级,7,7,,565656,22300,"(21364.0, 24660.0]"
星河能源集团有限公司003063,9.13223417e+017,1,0,国家级,4,2,,343434,34300,"(31471.0, 35000.0]"
金鼎建设有限公司003064,9.137172e+017,0,1,省级,,3,3,-2323432,16160,"(14480.0, 17855.0]"
汇通装备有限公司003065,9.13862561563e+017,1,1,县级,6,3,1,-3434545,4840,"(3780.0, 7370.0]"
中原智能有限责任公司003066,9.1367492e+017,0,1,国家级,,7,5,676767,31410,"(27972.0, 31471.0]"
宏达物流有限公司003067,9.132706454783990e+017,1,1,,6,3,2,-2323432,9570,"(7370.0, 10954.0]"
启明科技有限公司003068,9.139767e+017,0,1,国家级,6,7,,-2323432,2950,"(49.999, 3780.0]"
远航建设股份有限公司003069,9.1326005428635e+017,1,1,市级,6,4,7,565,3600,"(49.999, 3780.0]"
嘉禾智能集团有限公司003070,9.1355263733806177e+017,0,0,国家级,1,7,5,-2323432,12990,"(10954.0, 14480.0]"
天成建设股份有限公司003071,9.1361404868716907e+017,0,0,,4,1,5,6767,33420,"(31471.0, 35000.0]"
创元物流股份有限公司003072,9.135098947939e+017,0,1,国家级,,,5,5656,24690,"(24660.0, 27972.0]"
创元网络集团有限公司003073,9.132235375572e+017,1,1,,,5,2,343434,21340,"(17855.0, 21364.0]"
鼎盛贸易股份有限公司003074,9.13677887130e+017,1,0,,5,6,4,-2323432,16810,"(14480.0, 17855.0]"
嘉禾化工有限责任公司003075,9.13489367061e+017,1,,国家级,4,,3,565,23120,"(21364.0, 24660.0]"
永泰材料有限责任公司003076,9.1305e+017,0,0,市级,,2,,565,14530,"(14480.0, 17855.0]"
华泰信息有限责任公司003077,9.1376018e+017,0,1,国家级,7,3,3,5656,2640,"(49.999, 3780.0]"
瑞丰食品集团有限公司003078,9.1360425990401939e+017,1,0,市级,5,6,6,6767,6170,"(3780.0, 7370.0]"
宏达机械集团有限公司003079,9.139512286e+017,1,0,,3,3,3,-2323432,12770,"(10954.0, 14480.0]"
星河环保股份有限公司003080,9.1359013e+017,0,1,,4,4,,565,28040,"(27972.0, 31471.0]"
永泰建设集团有限公司003081,9.139588855e+017,1,0,市级,3,1,,5656,11480,"(10954.0, 14480.0]"
天成物流有限责任公司003082,9.1335395956917207e+017,0,1,省级,1,,6,5656,31210,"(27972.0, 31471.0]"
永泰纺织有限责任公司003083,9.138118448789052e+017,0,1,,2,,6,6767,19840,"(17855.0, 21364.0]"
永泰物流集团有限公司003084,9.1322e+017,0,1,省级,3,5,2,-3434545,19030,"(17855.0, 21364.0]"
瑞丰建设有限公司003085,9.1347850609e+017,0,0,县级,,7,2,-3434545,27940,"(24660.0, 27972.0]"
远航化工有限责任公司003086,9.13819322e+017,0,1,国家级,,6,,-3434545,30070,"(27972.0, 31471.0]"
华泰科技有限公司003087,9.13700622e+017,1,,县级,,5,4,-3434545,20940,"(17855.0, 21364.0]"
博雅医药集团有限公司003088,9.1304470706e+017,,1,县级,,6,5,6767,1570,"(49.999, 3780.0]"
汇通物流集团有限公司003089,9.135982218987016e+017,0,1,国家级,4,7,7,5656,10130,"(7370.0, 10954.0]"
远航装备有限责任公司003090,9.1315027e+017,1,0,国家级,1,1,1,343434,27450,"(24660.0, 27972.0]"
金鼎食品集团有限公司003091,9.1395e+017,0,1,,6,3,5,6767,22160,"(21364.0, 24660.0]"
宏达建设集团有限公司003092,9.1368e+017,0,0,市级,,7,2,6767,27310,"(24660.0, 27972.0]"
华泰科技集团有限公司003093,9.1326610e+017,0,0,县级,,3,5,-3434545,33590,"(31471.0, 35000.0]"
宏达环保股份有限公司003094,9.139426e+017,1,1,国家级,7,,7,676767,2740,"(49.999, 3780.0]"
瑞丰网络有限公司003095,9.1391957594e+017,0,0,市级,3,,3,-2323432,19910,"(17855.0, 21364.0]"
创元机械有限公司003096,9.13988666118700e+017,1,,国家级,4,6,5,6767,6050,"(3780.0, 7370.0]"
华泰科技集团有限公司003097,9.13635e+017,0,1,市级,,,3,-2323432,19080,"(17855.0, 21364.0]"
华信科技有限责任公司003098,9.1339897751425e+017,0,1,国家级,4,3,5,676767,21020,"(17855.0, 21364.0]"
盛世智能集团有限公司003099,9.133291e+017,1,0,国家级,7,2,,676767,12410,"(10954.0, 14480.0]"
汇通信息有限责任公司003100,9.1360903514e+017,0,0,国家级,6,2,,676767,19850,"(17855.0, 21364.0]"
星河纺织集团有限公司003101,9.13156e+017,1,1,省级,4,7,,5656,31190,"(27972.0, 31471.0]"
鼎盛材料有限公司003102,9.1303879e+017,1,0,,3,4,1,-3434545,29030,"(27972.0, 31471.0]"
鼎盛信息集团有限公司003103,9.132991e+017,0,0,国家级,3,3,3,343434,27170,"(24660.0, 27972.0]"
联创纺织有限公司003104,9.13956785876e+017,1,0,县级,4,,7,565,7700,"(7370.0, 10954.0]"
永泰装备有限责任公司003105,9.1382481328180e+017,0,1,市级,6,1,4,-3434545,11760,"(10954.0, 14480.0]"
华信机械有限公司003106,9.1310465e+017,0,0,市级,4,3,,565,18360,"(17855.0, 21364.0]"
启明智能股份有限公司003107,9.131294729e+017,0,0,国家级,3,,2,-2323432,9790,"(7370.0, 10954.0]"
汇通智能集团有限公司003108,9.137615e+017,1,1,国家级,5,1,6,565656,33530,"(31471.0, 35000.0]"
永泰材料集团有限公司003109,9.139757e+017,0,0,国家级,6,2,1,343434,20820,"(17855.0, 21364.0]"
华泰电子有限公司003110,9.137317852976e+017,1,1,县级,3,3,,343434,31770,"(31471.0, 35000.0]"
嘉禾化工集团有限公司003111,9.13429003916e+017,,0,国家级,5,1,6,565656,28150,"(27972.0, 31471.0]"
联创能源股份有限公司003112,9.13805217e+017,0,1,县级,1,3,4,-2323432,27000,"(24660.0, 27972.0]"
盛世信息有限公司003113,9.1377e+017,0,1,,,6,1,5656,23760,"(21364.0, 24660.0]"
启明生物有限责任公司003114,9.1344245049886453e+017,1,1,省级,4,1,5,6767,22550,"(21364.0, 24660.0]"
华信科技有限责任公司003115,9.135417e+017,0,,县级,4,4,4,343434,9770,"(7370.0, 10954.0]"
启明科技股份有限公司003116,9.139771045688263e+017,1,1,市级,5,,4,565656,13390,"(10954.0, 14480.0]"
博雅装备集团有限公司003117,9.138618211e+017,,1,县级,1,,1,5656,16200,"(14480.0, 17855.0]"
鼎盛网络股份有限公司003118,9.137332006e+017,0,0,市级,1,7,1,565656,2850,"(49.999, 3780.0]"
永泰能源有限责任公司003119,9.133584e+017,1,0,省级,7,7,1,565,29470,"(27972.0, 31471.0]"
启明物流有限责任公司003120,9.135613960e+017,1,1,国家级,,3,1,-2323432,25060,"(24660.0, 27972.0]"
启明医药集团有限公司003121,9.1357176e+017,1,1,,3,,5,565,15380,"(14480.0, 17855.0]"
创元装备股份有限公司003122,9.131400464087981e+017,1,0,市级,6,2,4,-3434545,1040,"(49.999, 3780.0]"
星河材料有限公司003123,9.138082954852112e+017,0,1,市级,2,3,1,676767,6800,"(3780.0, 7370.0]"
嘉禾电子集团有限公司003124,9.13690177069e+017,0,1,省级,2,1,6,343434,23360,"(21364.0, 24660.0]"
中原科技有限公司003125,9.13364629e+017,1,0,市级,5,4,7,-2323432,21460,"(21364.0, 24660.0]"
瑞丰建设有限责任公司003126,9.1376083073546007e+017,1,0,县级,7,4,2,5656,22040,"(21364.0, 24660.0]"
创元科技有限责任公司003127,9.1333488695468e+017,,0,县级,5,4,7,5656,28340,"(27972.0, 31471.0]"
盛世食品集团有限公司003128,9.13742334128343e+017,,1,县级,3,6,6,5656,25290,"(24660.0, 27972.0]"
华信医药有限责任公司003129,9.1389332766e+017,0,0,市级,5,3,,343434,26380,"(24660.0, 27972.0]"
联创机械有限公司003130,9.133246063e+017,0,0,市级,4,,1,-2323432,13360,"(10954.0, 14480.0]"
鼎盛环保有限公司003131,9.137894935061772e+017,0,,,7,5,6,676767,32800,"(31471.0, 35000.0]"
嘉禾物流有限公司003132,9.1320224e+017,,0,国家级,3,4,4,-3434545,28980,"(27972.0, 31471.0]"
联创电子有限公司003133,9.130940437814119e+017,1,0,国家级,7,2,2,5656,16760,"(14480.0, 17855.0]"
永泰环保有限公司003134,9.137239532e+017,1,0,省级,6,2,3,343434,3300,"(49.999, 3780.0]"
嘉禾材料股份有限公司003135,9.1354814423352156e+017,0,0,县级,4,4,5,5656,17050,"(14480.0, 17855.0]"
嘉禾贸易有限责任公司003136,9.131370359797808e+017,1,1,县级,5,4,2,565656,3550,"(49.999, 3780.0]"
远航科技股份有限公司003137,9.130203e+017,1,0,,5,2,2,565,9060,"(7370.0, 10954.0]"
宏达能源有限公司003138,9.1386349e+017,0,1,省级,4,1,5,676767,32660,"(31471.0, 35000.0]"
博雅生物有限责任公司003139,9.131030164040397e+017,1,0,国家级,4,,,-2323432,16340,"(14480.0, 17855.0]"
创元材料有限公司003140,9.130624e+017,,1,国家级,3,5,1,5656,21040,"(17855.0, 21364.0]"
天成装备有限责任公司003141,9.1381134315e+017,0,0,市级,7,3,1,6767,790,"(49.999, 3780.0]"
鼎盛能源有限责任公司003142,9.137262471939165e+017,0,1,,6,2,2,565656,25020,"(24660.0, 27972.0]"
星河建设集团有限公司003143,9.13540646765172e+017,1,1,省级,,3,2,6767,21550,"(21364.0, 24660.0]"
瑞丰医药有限公司003144,9.1315e+017,0,0,国家级,2,3,4,6767,4490,"(3780.0, 7370.0]"
远航贸易股份有限公司003145,9.1330906695e+017,0,1,,2,5,3,5656,11180,"(10954.0, 14480.0]"
华泰物流股份有限公司003146,9.13923002883492e+017,1,1,国家级,4,3,7,6767,13620,"(10954.0, 14480.0]"
联创电子有限责任公司003147,9.1300e+017,,1,县级,7,,,-2323432,29200,"(27972.0, 31471.0]"
鼎盛机械有限责任公司003148,9.132169e+017,1,0,县级,2,6,3,565656,25000,"(24660.0, 27972.0]"
中原医药有限责任公司003149,9.13223152605e+017,1,0,市级,7,7,7,-2323432,25430,"(24660.0, 27972.0]"
瑞丰贸易股份有限公司003150,9.1379848e+017,0,0,省级,,3,4,565656,7400,"(7370.0, 10954.0]"
汇通装备集团有限公司003151,9.1322509155732222e+017,0,1,国家级,7,1,5,-3434545,15790,"(14480.0, 17855.0]"
永泰智能有限公司003152,9.1391242348390e+017,,1,县级,,5,6,565656,31970,"(31471.0, 35000.0]"
永泰机械有限责任公司003153,9.13714673390e+017,0,,省级,2,3,,565656,29360,"(27972.0, 31471.0]"
联创电子集团有限公司003154,9.13188157e+017,1,1,市级,,7,1,6767,11880,"(10954.0, 14480.0]"
远航物流有限责任公司003155,9.13763e+017,,0,市级,1,3,5,676767,3570,"(49.999, 3780.0]"
天成医药股份有限公司003156,9.130560e+017,0,1,国家级,1,3,3,6767,24770,"(24660.0, 27972.0]"
星河纺织有限公司003157,9.1360e+017,0,0,国家级,7,4,5,6767,19040,"(17855.0, 21364.0]"
联创电子有限责任公司003158,9.1365602e+017,1,1,,2,2,6,5656,8190,"(7370.0, 10954.0]"
博雅能源股份有限公司003159,9.134843e+017,1,0,县级,2,2,5,565656,7690,"(7370.0, 10954.0]"
金鼎纺织有限公司003160,9.13081653598515e+017,0,,省级,5,,3,-3434545,14510,"(14480.0, 17855.0]"
汇通科技集团有限公司003161,9.138006486157799e+017,0,0,县级,2,6,5,6767,28900,"(27972.0, 31471.0]"
中原信息有限公司003162,9.13266e+017,0,0,县级,5,4,5,6767,23090,"(21364.0, 24660.0]"
嘉禾材料集团有限公司003163,9.135512e+017,1,0,省级,6,3,6,6767,34470,"(31471.0, 35000.0]"
嘉禾化工股份有限公司003164,9.1322e+017,1,1,,5,,4,6767,950,"(49.999, 3780.0]"
远航物流股份有限公司003165,9.1309713777e+017,0,,县级,3,3,1,565,8600,"(7370.0, 10954.0]"
远航装备股份有限公司003166,9.1359430e+017,0,0,,7,1,7,676767,16600,"(14480.0, 17855.0]"
天成环保集团有限公司003167,9.131625e+017,0,0,市级,6,7,5,565656,570,"(49.999, 3780.0]"
创元科技集团有限公司003168,9.137440291332e+017,0,0,省级,3,5,1,343434,9980,"(7370.0, 10954.0]"
启明贸易有限责任公司003169,9.131299866318058e+017,0,0,县级,4,5,4,565,8780,"(7370.0, 10954.0]"
华信生物有限责任公司003170,9.1337753359409e+017,1,0,省级,4,,4,565,30740,"(27972.0, 31471.0]"
金鼎化工有限责任公司003171,9.13338902e+017,1,1,省级,6,2,2,-2323432,13460,"(10954.0, 14480.0]"
中原装备股份有限公司003172,9.139268551270e+017,0,0,县级,7,4,3,676767,26350,"(24660.0, 27972.0]"
盛世科技有限责任公司003173,9.136515414e+017,0,,市级,7,6,7,565,29820,"(27972.0, 31471.0]"
启明材料有限责任公司003174,9.130101190504428e+017,0,1,国家级,1,6,2,343434,31670,"(31471.0, 35000.0]"
联创网络股份有限公司003175,9.1344556e+017,1,0,县级,1,4,3,-3434545,23760,"(21364.0, 24660.0]"
星河物流有限公司003176,9.1300268496e+017,1,1,国家级,5,3,,-2323432,15220,"(14480.0, 17855.0]"
天成纺织有限责任公司003177,9.133193667116253e+017,1,0,县级,2,4,4,343434,14270,"(10954.0, 14480.0]"
华泰科技集团有限公司003178,9.13727513158620e+017,,0,市级,5,5,6,565656,28090,"(27972.0, 31471.0]"
天成能源集团有限公司003179,9.13112364e+017,1,,县级,6,3,1,6767,10700,"(7370.0, 10954.0]"
金鼎科技有限责任公司003180,9.130375016055704e+017,1,1,省级,6,4,7,6767,12640,"(10954.0, 14480.0]"
天成食品有限责任公司003181,9.139653e+017,0,1,县级,5,2,4,565,21290,"(17855.0, 21364.0]"
鼎盛物流有限责任公司003182,9.13600e+017,0,0,省级,,5,3,343434,21570,"(21364.0, 24660.0]"
华泰食品有限公司003183,9.1345300e+017,1,,省级,,6,1,6767,29620,"(27972.0, 31471.0]"
远航能源有限公司003184,9.13808e+017,1,1,县级,,2,2,343434,2470,"(49.999, 3780.0]"
华泰电子有限责任公司003185,9.13861894206248e+017,1,0,省级,2,,2,676767,17400,"(14480.0, 17855.0]"
永泰生物有限责任公司003186,9.130302515716e+017,0,1,省级,7,3,2,-2323432,12890,"(10954.0, 14480.0]"
星河纺织有限公司003187,9.1313835146354765e+017,1,1,县级,7,3,1,-2323432,28200,"(27972.0, 31471.0]"
启明化工股份有限公司003188,9.1370219e+017,1,0,市级,4,7,6,5656,31980,"(31471.0, 35000.0]"
天成物流有限责任公司003189,9.138850182e+017,0,0,国家级,3,1,7,676767,14790,"(14480.0, 17855.0]"
金鼎纺织集团有限公司003190,9.1348834039060e+017,1,0,县级,7,,6,565656,4230,"(3780.0, 7370.0]"
启明智能有限公司003191,9.134469e+017,1,0,县级,1,,3,6767,34600,"(31471.0, 35000.0]"
创元物流有限责任公司003192,9.133823321e+017,0,,省级,3,5,5,5656,12710,"(10954.0, 14480.0]"
盛世食品有限公司003193,9.13943e+017,,1,,6,,4,565656,10160,"(7370.0, 10954.0]"
瑞丰机械有限责任公司003194,9.136904883563471e+017,1,0,县级,5,2,2,-2323432,21830,"(21364.0, 24660.0]"
金鼎环保集团有限公司003195,9.1356414e+017,0,0,,5,5,,-2323432,14880,"(14480.0, 17855.0]"
华信信息集团有限公司003196,9.134979922910807e+017,1,1,市级,3,3,,343434,18170,"(17855.0, 21364.0]"
华泰食品股份有限公司003197,9.1303834786264616e+017,0,,,6,5,,-2323432,32030,"(31471.0, 35000.0]"
联创生物股份有限公司003198,9.13140e+017,1,0,,2,1,6,6767,580,"(49.999, 3780.0]"
鼎盛网络集团有限公司003199,9.13507476219893e+017,0,1,,4,4,6,565,11620,"(10954.0, 14480.0]"
盛世物流有限公司003200,9.13144034287e+017,1,1,国家级,5,,,-2323432,19840,"(17855.0, 21364.0]"
汇通网络股份有限公司003201,9.13540e+017,1,,省级,1,,7,343434,25120,"(24660.0, 27972.0]"
永泰物流股份有限公司003202,9.13221659e+017,,1,国家级,,2,3,5656,23560,"(21364.0, 24660.0]"
华泰网络有限公司003203,9.1339682481e+017,1,0,国家级,7,6,6,343434,10170,"(7370.0, 10954.0]"
永泰电子集团有限公司003204,9.13121e+017,0,0,市级,6,5,,565656,11990,"(10954.0, 14480.0]"
博雅材料集团有限公司003205,9.139543244e+017,0,0,县级,1,3,3,343434,8620,"(7370.0, 10954.0]"
瑞丰环保有限公司003206,9.1372336935e+017,0,0,,,6,7,676767,22870,"(21364.0, 24660.0]"
天成机械有限公司003207,9.1346174556378e+017,0,1,,3,3,7,-2323432,2970,"(49.999, 3780.0]"
博雅智能股份有限公司003208,9.1323618157977642e+017,0,,国家级,1,,4,565,4000,"(3780.0, 7370.0]"
永泰科技有限公司003209,9.13232e+017,0,0,省级,4,2,,676767,10010,"(7370.0, 10954.0]"
汇通贸易有限公司003210,9.13088e+017,0,1,县级,,3,,-3434545,6880,"(3780.0, 7370.0]"
瑞丰环保有限公司003211,9.131452860689e+017,0,1,市级,5,7,4,-2323432,29160,"(27972.0, 31471.0]"
瑞丰生物股份有限公司003212,9.1339160076e+017,,1,,4,6,,343434,24920,"(24660.0, 27972.0]"
盛世机械有限公司003213,9.13678530445675e+017,0,1,省级,,5,7,676767,10070,"(7370.0, 10954.0]"
创元纺织有限责任公司003214,9.131626985205e+017,1,0,,2,5,,343434,4760,"(3780.0, 7370.0]"
启明网络有限责任公司003215,9.1390287619e+017,1,1,国家级,5,3,4,343434,25890,"(24660.0, 27972.0]"
嘉禾能源股份有限公司003216,9.130031908e+017,1,0,市级,,1,6,6767,7220,"(3780.0, 7370.0]"
联创机械股份有限公司003217,9.1325e+017,1,1,,1,6,2,5656,18640,"(17855.0, 21364.0]"
启明贸易有限责任公司003218,9.1377974840852286e+017,0,0,县级,,5,7,-2323432,7090,"(3780.0, 7370.0]"
中原装备集团有限公司003219,9.132419786804e+017,0,1,省级,4,4,7,5656,24680,"(24660.0, 27972.0]"
天成装备有限公司003220,9.13626967289e+017,0,1,市级,4,6,5,-3434545,5110,"(3780.0, 7370.0]"
永泰环保有限责任公司003221,9.1321893e+017,0,1,,1,3,5,5656,11050,"(10954.0, 14480.0]"
嘉禾环保股份有限公司003222,9.13191742518e+017,1,1,县级,7,3,7,565656,20660,"(17855.0, 21364.0]"
远航环保股份有限公司003223,9.135861393474950e+017,0,0,市级,1,7,3,-2323432,5170,"(3780.0, 7370.0]"
启明机械集团有限公司003224,9.1363486156588793e+017,1,1,省级,6,1,4,565,26920,"(24660.0, 27972.0]"
永泰环保有限公司003225,9.13118260e+017,1,1,国家级,1,,5,565656,9420,"(7370.0, 10954.0]"
联创机械集团有限公司003226,9.1350e+017,0,0,国家级,4,6,1,6767,14090,"(10954.0, 14480.0]"
金鼎化工股份有限公司003227,9.1390e+017,0,0,县级,4,6,1,5656,5030,"(3780.0, 7370.0]"
瑞丰环保股份有限公司003228,9.1342592202139e+017,1,0,县级,2,3,,676767,25660,"(24660.0, 27972.0]"
永泰装备有限公司003229,9.13577e+017,1,1,县级,3,2,1,565,20920,"(17855.0, 21364.0]"
瑞丰装备有限公司003230,9.1393617568e+017,0,1,国家级,6,5,6,565,33650,"(31471.0, 35000.0]"
远航科技股份有限公司003231,9.1304e+017,0,1,省级,,3,1,343434,26050,"(24660.0, 27972.0]"
启明信息集团有限公司003232,9.1355701601619e+017,1,1,市级,1,5,,-3434545,4950,"(3780.0, 7370.0]"
金鼎化工有限责任公司003233,9.1399544080995e+017,0,0,市级,,3,1,5656,6410,"(3780.0, 7370.0]"
创元科技有限公司003234,9.138338953491e+017,0,1,县级,2,5,6,676767,19630,"(17855.0, 21364.0]"
盛世机械有限责任公司003235,9.1388223e+017,,0,市级,3,5,,565656,13940,"(10954.0, 14480.0]"
创元生物集团有限公司003236,9.13598768079e+017,,1,,7,2,2,5656,21710,"(21364.0, 24660.0]"
启明化工集团有限公司003237,9.13587236e+017,0,0,市级,5,5,2,343434,25730,"(24660.0, 27972.0]"
华泰能源股份有限公司003238,9.138050745115e+017,0,0,县级,1,3,4,-2323432,29510,"(27972.0, 31471.0]"
创元装备有限责任公司003239,9.13728e+017,1,1,县级,,7,1,676767,27070,"(24660.0, 27972.0]"
启明机械有限责任公司003240,9.13582814617270e+017,0,0,县级,4,1,1,6767,24940,"(24660.0, 27972.0]"
鼎盛食品有限责任公司003241,9.1348794931733220e+017,1,1,国家级,1,2,2,6767,17810,"(14480.0, 17855.0]"
永泰网络股份有限公司003242,9.134342050240905e+017,0,0,市级,4,3,6,676767,23420,"(21364.0, 24660.0]"
鼎盛智能有限责任公司003243,9.132617515418822e+017,,,省级,7,7,1,343434,26760,"(24660.0, 27972.0]"
启明纺织有限责任公司003244,9.13451227607866e+017,0,1,省级,2,5,2,565656,8910,"(7370.0, 10954.0]"
创元能源集团有限公司003245,9.13289e+017,1,1,国家级,1,1,6,6767,23500,"(21364.0, 24660.0]"
华泰电子有限责任公司003246,9.1367465505e+017,1,0,省级,2,1,4,-3434545,14520,"(14480.0, 17855.0]"
汇通材料有限责任公司003247,9.13947504e+017,1,1,省级,3,6,1,6767,14970,"(14480.0, 17855.0]"
金鼎智能股份有限公司003248,9.13480579687335e+017,,1,,2,,2,565656,17300,"(14480.0, 17855.0]"
中原贸易集团有限公司003249,9.138189857e+017,0,,县级,7,2,2,6767,17360,"(14480.0, 17855.0]"
华信建设集团有限公司003250,9.13667308e+017,0,0,省级,6,6,,6767,14170,"(10954.0, 14480.0]"
汇通贸易股份有限公司003251,9.1331108485e+017,1,0,省级,7,3,,343434,5040,"(3780.0, 7370.0]"
鼎盛电子有限责任公司003252,9.1315910145e+017,0,1,国家级,2,1,4,676767,23910,"(21364.0, 24660.0]"
永泰信息股份有限公司003253,9.130931061e+017,1,1,,,2,1,565656,2900,"(49.999, 3780.0]"
汇通化工集团有限公司003254,9.139534547e+017,1,0,省级,4,,4,-3434545,2460,"(49.999, 3780.0]"
嘉禾医药股份有限公司003255,9.13501481027036e+017,1,1,县级,5,7,4,-2323432,24550,"(21364.0, 24660.0]"
天成机械集团有限公司003256,9.134778015e+017,0,0,县级,3,7,2,676767,20480,"(17855.0, 21364.0]"
瑞丰纺织有限公司003257,9.136659144450323e+017,0,0,省级,3,5,4,6767,30990,"(27972.0, 31471.0]"
远航科技集团有限公司003258,9.1373720416893942e+017,1,1,市级,6,,7,-2323432,13170,"(10954.0, 14480.0]"
鼎盛网络有限责任公司003259,9.1382e+017,0,0,,1,4,7,6767,20290,"(17855.0, 21364.0]"
博雅科技股份有限公司003260,9.1326e+017,1,0,国家级,4,5,5,565656,34460,"(31471.0, 35000.0]"
宏达纺织股份有限公司003261,9.13903618439682e+017,0,0,县级,4,1,3,-3434545,16670,"(14480.0, 17855.0]"
永泰建设有限责任公司003262,9.1344158968e+017,1,0,县级,,5,,676767,28400,"(27972.0, 31471.0]"
宏达建设集团有限公司003263,9.13573e+017,0,0,省级,6,,5,343434,26880,"(24660.0, 27972.0]"
联创能源有限公司003264,9.13098e+017,,1,国家级,7,6,5,343434,11880,"(10954.0, 14480.0]"
天成装备有限公司003265,9.13589e+017,1,1,县级,2,2,6,-2323432,33950,"(31471.0, 35000.0]"
永泰网络股份有限公司003266,9.133996662909137e+017,,0,省级,2,4,4,343434,1940,"(49.999, 3780.0]"
星河生物集团有限公司003267,9.130473e+017,,0,国家级,6,6,4,565,13930,"(10954.0, 14480.0]"
永泰贸易股份有限公司003268,9.13207190147e+017,0,0,,5,2,7,-3434545,8780,"(7370.0, 10954.0]"
华泰机械股份有限公司003269,9.132068e+017,1,1,省级,5,,1,565,3110,"(49.999, 3780.0]"
星河网络有限公司003270,9.13665e+017,0,1,县级,1,2,5,6767,7540,"(7370.0, 10954.0]"
远航纺织有限责任公司003271,9.13650335046801e+017,1,1,县级,2,2,4,5656,17190,"(14480.0, 17855.0]"
盛世食品集团有限公司003272,9.1396322991945763e+017,1,0,,1,4,3,676767,20570,"(17855.0, 21364.0]"
华泰纺织有限公司003273,9.1319878018e+017,1,0,县级,4,1,5,676767,33410,"(31471.0, 35000.0]"
博雅电子集团有限公司003274,9.13420784271e+017,1,0,市级,3,1,3,5656,31360,"(27972.0, 31471.0]"
宏达食品有限责任公司003275,9.139361759088e+017,1,,省级,7,4,6,6767,10840,"(7370.0, 10954.0]"
宏达电子有限责任公司003276,9.13102e+017,,0,国家级,,,7,6767,10280,"(7370.0, 10954.0]"
联创智能股份有限公司003277,9.1332933e+017,0,0,省级,2,7,2,-3434545,30420,"(27972.0, 31471.0]"
瑞丰物流股份有限公司003278,9.13860064e+017,0,1,省级,,,4,6767,5390,"(3780.0, 7370.0]"
瑞丰科技有限公司003279,9.13820269278297e+017,0,1,省级,4,6,1,565656,33660,"(31471.0, 35000.0]"
嘉禾电子有限公司003280,9.135643206593e+017,0,1,省级,3,4,1,-2323432,15800,"(14480.0, 17855.0]"
华泰能源有限责任公司003281,9.13854132366162e+017,1,0,国家级,4,3,7,565656,13850,"(10954.0, 14480.0]"
盛世网络有限公司003282,9.13524205e+017,0,1,国家级,2,2,6,5656,12300,"(10954.0, 14480.0]"
鼎盛能源有限责任公司003283,9.13002202e+017,1,1,国家级,,1,5,-2323432,28780,"(27972.0, 31471.0]"
宏达信息集团有限公司003284,9.1300e+017,0,0,,7,1,4,-2323432,890,"(49.999, 3780.0]"
永泰生物股份有限公司003285,9.131514178926e+017,1,0,县级,1,2,,565,200,"(49.999, 3780.0]"
启明装备有限公司003286,9.1379154220583e+017,0,0,市级,,3,3,565656,9140,"(7370.0, 10954.0]"
创元机械股份有限公司003287,9.1304729484e+017,0,0,,3,7,2,565,34620,"(31471.0, 35000.0]"
华泰建设股份有限公司003288,9.13043024193e+017,,0,省级,2,1,1,-3434545,2530,"(49.999, 3780.0]"
宏达电子集团有限公司003289,9.13881514739905e+017,0,0,市级,4,,5,6767,5080,"(3780.0, 7370.0]"
华信食品集团有限公司003290,9.138261362434191e+017,1,0,市级,5,4,6,6767,21420,"(21364.0, 24660.0]"
盛世电子股份有限公司003291,9.1321827e+017,,1,省级,5,3,,5656,29880,"(27972.0, 31471.0]"
中原环保股份有限公司003292,9.13989896286e+017,1,0,市级,1,5,7,6767,19380,"(17855.0, 21364.0]"
博雅贸易集团有限公司003293,9.135803153e+017,1,0,,3,5,3,-3434545,16360,"(14480.0, 17855.0]"
汇通纺织有限责任公司003294,9.1319262e+017,0,1,,,3,3,-3434545,13920,"(10954.0, 14480.0]"
中原化工有限公司003295,9.13946e+017,0,0,国家级,4,6,2,-3434545,21110,"(17855.0, 21364.0]"
盛世环保有限责任公司003296,9.131108030e+017,1,1,,2,6,,-3434545,34810,"(31471.0, 35000.0]"
华信材料有限责任公司003297,9.13271003666063e+017,0,1,国家级,4,1,,565,30890,"(27972.0, 31471.0]"
盛世科技有限公司003298,9.132427509e+017,0,0,县级,6,3,,676767,23480,"(21364.0, 24660.0]"
金鼎机械有限责任公司003299,9.1320823509688883e+017,,1,县级,,2,1,565,310,"(49.999, 3780.0]"
汇通装备有限公司003300,9.1322178942e+017,1,0,国家级,7,1,,676767,24430,"(21364.0, 24660.0]"
天成机械集团有限公司003301,9.133981121059e+017,1,0,市级,6,2,1,6767,5630,"(3780.0, 7370.0]"
宏达智能集团有限公司003302,9.1317123209554e+017,0,1,县级,6,,2,5656,20110,"(17855.0, 21364.0]"
天成化工集团有限公司003303,9.1309e+017,0,1,市级,,,1,565656,16820,"(14480.0, 17855.0]"
瑞丰电子集团有限公司003304,9.1347e+017,0,1,国家级,4,2,,676767,7950,"(7370.0, 10954.0]"
中原物流有限公司003305,9.13284e+017,0,1,县级,5,3,3,676767,4590,"(3780.0, 7370.0]"
永泰纺织股份有限公司003306,9.137690e+017,1,0,市级,,4,,676767,3710,"(49.999, 3780.0]"
星河纺织有限责任公司003307,9.1382097681278e+017,0,0,省级,,7,4,-3434545,8870,"(7370.0, 10954.0]"
远航机械集团有限公司003308,9.1352e+017,0,0,市级,1,,7,343434,24880,"(24660.0, 27972.0]"
远航信息有限公司003309,9.13801360494742e+017,0,1,省级,,4,2,-2323432,27260,"(24660.0, 27972.0]"
博雅贸易有限责任公司003310,9.1370721769995905e+017,,1,国家级,3,7,2,565656,17490,"(14480.0, 17855.0]"
天成环保股份有限公司003311,9.1309e+017,1,0,省级,3,4,7,565656,25430,"(24660.0, 27972.0]"
永泰医药有限公司003312,9.136839859146e+017,0,1,县级,2,1,7,343434,34540,"(31471.0, 35000.0]"
联创能源集团有限公司003313,9.1318951419734860e+017,1,0,县级,6,,1,-3434545,70,"(49.999, 3780.0]"
启明食品有限公司003314,9.13779001e+017,0,1,县级,7,4,3,343434,16250,"(14480.0, 17855.0]"
远航化工股份有限公司003315,9.1361479793892e+017,1,0,省级,2,,,6767,13370,"(10954.0, 14480.0]"
金鼎贸易有限责任公司003316,9.133042143e+017,0,1,,5,6,3,565,25930,"(24660.0, 27972.0]"
嘉禾材料股份有限公司003317,9.137833262100e+017,0,1,市级,1,6,6,343434,5760,"(3780.0, 7370.0]"
永泰食品集团有限公司003318,9.1308172e+017,,1,省级,7,1,,-2323432,21720,"(21364.0, 24660.0]"
星河装备集团有限公司003319,9.13999949940e+017,0,0,省级,3,3,,676767,29840,"(27972.0, 31471.0]"
中原贸易股份有限公司003320,9.130022957034935e+017,1,0,国家级,7,6,,565656,26860,"(24660.0, 27972.0]"
华信贸易集团有限公司003321,9.1398e+017,1,0,县级,4,5,4,565,31450,"(27972.0, 31471.0]"
永泰机械有限责任公司003322,9.131901280291439e+017,1,0,县级,1,3,4,-2323432,25670,"(24660.0, 27972.0]"
创元智能股份有限公司003323,9.13926e+017,0,0,县级,1,5,1,676767,12920,"(10954.0, 14480.0]"
华泰能源集团有限公司003324,9.132878991723e+017,1,0,国家级,2,5,,6767,23100,"(21364.0, 24660.0]"
联创纺织有限公司003325,9.13313455e+017,0,0,县级,5,,2,343434,32300,"(31471.0, 35000.0]"
华信材料有限公司003326,9.1381660898911e+017,0,1,国家级,1,3,5,565,3230,"(49.999, 3780.0]"
永泰医药有限责任公司003327,9.1369007055309e+017,1,1,国家级,,1,6,5656,28140,"(27972.0, 31471.0]"
星河电子集团有限公司003328,9.137453795696826e+017,0,0,国家级,5,,4,565656,16660,"(14480.0, 17855.0]"
宏达能源有限责任公司003329,9.1303e+017,1,,市级,5,5,6,676767,1760,"(49.999, 3780.0]"
中原信息股份有限公司003330,9.1317367e+017,0,,国家级,5,3,7,565,310,"(49.999, 3780.0]"
华信智能有限公司003331,9.13308163481e+017,,,县级,3,5,,-3434545,1300,"(49.999, 3780.0]"
盛世生物有限责任公司003332,9.1336127358582434e+017,0,0,市级,6,4,2,6767,24810,"(24660.0, 27972.0]"
华信能源有限责任公司003333,9.1302485525687088e+017,0,0,县级,6,4,,6767,29370,"(27972.0, 31471.0]"
博雅生物集团有限公司003334,9.1312716431695e+017,,1,国家级,1,,4,343434,30210,"(27972.0, 31471.0]"
汇通智能集团有限公司003335,9.13258e+017,1,1,省级,7,1,,565,30520,"(27972.0, 31471.0]"
中原信息有限公司003336,9.132250913578137e+017,1,0,国家级,5,3,6,565656,31250,"(27972.0, 31471.0]"
鼎盛建设有限责任公司003337,9.1389926110447e+017,1,0,市级,1,,,565,10930,"(7370.0, 10954.0]"
中原信息有限公司003338,9.1345754523558e+017,1,1,市级,2,,2,6767,31620,"(31471.0, 35000.0]"
远航建设集团有限公司003339,9.139346e+017,1,1,市级,,1,6,-3434545,13330,"(10954.0, 14480.0]"
永泰机械有限责任公司003340,9.1350023097296782e+017,1,0,市级,3,6,3,565,17720,"(14480.0, 17855.0]"
远航物流有限公司003341,9.133013e+017,0,0,县级,1,1,3,676767,9010,"(7370.0, 10954.0]"
启明化工股份有限公司003342,9.1348153e+017,0,0,市级,5,4,5,5656,17110,"(14480.0, 17855.0]"
远航电子有限责任公司003343,9.136944211067099e+017,0,0,国家级,1,4,3,5656,16960,"(14480.0, 17855.0]"
华泰物流有限公司003344,9.13044646e+017,0,0,,7,,,343434,22790,"(21364.0, 24660.0]"
星河科技股份有限公司003345,9.13358054163189e+017,0,1,国家级,3,6,7,5656,23450,"(21364.0, 24660.0]"
金鼎建设有限责任公司003346,9.1367e+017,1,0,县级,6,7,,-2323432,7810,"(7370.0, 10954.0]"
联创贸易有限公司003347,9.1330121709944957e+017,0,0,国家级,2,2,2,-2323432,9670,"(7370.0, 10954.0]"
盛世医药股份有限公司003348,9.13067e+017,0,1,县级,,4,7,-2323432,31340,"(27972.0, 31471.0]"
华信装备股份有限公司003349,9.1326857e+017,,1,,2,5,,5656,33060,"(31471.0, 35000.0]"
盛世食品股份有限公司003350,9.1378790541e+017,0,1,,7,5,3,-3434545,27180,"(24660.0, 27972.0]"
创元食品股份有限公司003351,9.13969768699007e+017,0,0,国家级,2,6,,676767,12500,"(10954.0, 14480.0]"
联创环保集团有限公司003352,9.133410311155e+017,1,,,4,6,3,565656,11930,"(10954.0, 14480.0]"
鼎盛建设有限责任公司003353,9.1320130e+017,0,0,省级,5,1,7,565,14230,"(10954.0, 14480.0]"
瑞丰电子股份有限公司003354,9.137812e+017,0,1,县级,1,,7,-3434545,22980,"(21364.0, 24660.0]"
中原环保股份有限公司003355,9.136647124346834e+017,1,1,市级,1,3,,-2323432,15830,"(14480.0, 17855.0]"
宏达化工有限公司003356,9.1330179821e+017,0,0,省级,1,5,4,676767,19350,"(17855.0, 21364.0]"
瑞丰科技有限公司003357,9.13610e+017,1,1,省级,2,5,4,6767,9450,"(7370.0, 10954.0]"
嘉禾能源有限责任公司003358,9.139960520488252e+017,1,1,国家级,2,5,4,-3434545,20970,"(17855.0, 21364.0]"
启明纺织有限公司003359,9.138299178076e+017,,1,国家级,1,4,1,5656,34180,"(31471.0, 35000.0]"
盛世材料集团有限公司003360,9.130163e+017,1,0,市级,1,,1,6767,16980,"(14480.0, 17855.0]"
瑞丰智能有限公司003361,9.132289853541430e+017,0,1,县级,7,3,7,5656,22310,"(21364.0, 24660.0]"
汇通环保有限责任公司003362,9.13308045310025e+017,0,1,县级,2,3,,343434,9800,"(7370.0, 10954.0]"
瑞丰食品有限公司003363,9.13284712719e+017,0,,县级,,2,,676767,20830,"(17855.0, 21364.0]"
华泰化工有限公司003364,9.1355220e+017,0,1,国家级,7,,3,565656,26930,"(24660.0, 27972.0]"
盛世材料股份有限公司003365,9.139488e+017,0,,县级,,1,,-3434545,14150,"(10954.0, 14480.0]"
金鼎化工有限公司003366,9.13564329008895e+017,0,0,省级,,2,6,-3434545,10450,"(7370.0, 10954.0]"
嘉禾智能集团有限公司003367,9.130538653e+017,0,1,市级,1,4,6,-2323432,6290,"(3780.0, 7370.0]"
博雅环保有限责任公司003368,9.134579e+017,1,0,省级,5,5,3,6767,29200,"(27972.0, 31471.0]"
博雅能源有限公司003369,9.13438572903e+017,0,1,国家级,7,1,1,-3434545,31750,"(31471.0, 35000.0]"
鼎盛材料有限公司003370,9.13277876597e+017,0,,县级,3,7,2,-2323432,18020,"(17855.0, 21364.0]"
金鼎贸易集团有限公司003371,9.1382517024e+017,1,1,省级,,2,1,565656,13600,"(10954.0, 14480.0]"
永泰智能集团有限公司003372,9.138372e+017,0,0,县级,3,6,2,6767,12490,"(10954.0, 14480.0]"
瑞丰贸易集团有限公司003373,9.13446227e+017,0,1,省级,,3,1,676767,540,"(49.999, 3780.0]"
瑞丰机械集团有限公司003374,9.13628255994e+017,1,1,县级,2,4,1,565656,21850,"(21364.0, 24660.0]"
瑞丰物流集团有限公司003375,9.1308e+017,,1,市级,4,6,7,343434,23720,"(21364.0, 24660.0]"
瑞丰化工有限责任公司003376,9.1356656602076e+017,0,,省级,4,,2,5656,10850,"(7370.0, 10954.0]"
盛世装备有限责任公司003377,9.1341844265495e+017,0,0,市级,1,2,2,565,21420,"(21364.0, 24660.0]"
金鼎智能集团有限公司003378,9.139518e+017,1,1,,1,4,,-3434545,27330,"(24660.0, 27972.0]"
启明纺织股份有限公司003379,9.1391574800486e+017,0,0,省级,,6,1,565656,2570,"(49.999, 3780.0]"
宏达机械集团有限公司003380,9.1374978475228155e+017,0,0,市级,6,2,1,676767,24720,"(24660.0, 27972.0]"
创元环保有限责任公司003381,9.1301604e+017,0,0,县级,6,5,7,565656,28300,"(27972.0, 31471.0]"
天成信息有限责任公司003382,9.13605057599e+017,1,0,省级,6,5,3,343434,21320,"(17855.0, 21364.0]"
星河贸易有限责任公司003383,9.134652918935e+017,0,,县级,5,6,,6767,10450,"(7370.0, 10954.0]"
瑞丰电子集团有限公司003384,9.131173849627436e+017,1,0,国家级,6,3,2,565,5840,"(3780.0, 7370.0]"
远航建设有限责任公司003385,9.13106208020e+017,0,0,省级,2,2,3,5656,11370,"(10954.0, 14480.0]"
盛世环保集团有限公司003386,9.13011988552617e+017,0,0,省级,,5,,343434,6660,"(3780.0, 7370.0]"
金鼎电子有限公司003387,9.137183e+017,0,,市级,2,2,5,-3434545,16670,"(14480.0, 17855.0]"
天成物流集团有限公司003388,9.13576494e+017,1,1,县级,2,,1,343434,8700,"(7370.0, 10954.0]"
瑞丰化工股份有限公司003389,9.1332663188e+017,0,1,县级,1,7,1,6767,27350,"(24660.0, 27972.0]"
中原智能股份有限公司003390,9.1357548e+017,1,,市级,3,6,7,343434,16180,"(14480.0, 17855.0]"
华信机械股份有限公司003391,9.133803e+017,0,1,,4,2,1,565656,7330,"(3780.0, 7370.0]"
创元建设有限责任公司003392,9.139207904266e+017,0,0,县级,3,1,7,676767,9210,"(7370.0, 10954.0]"
盛世信息有限公司003393,9.1312013e+017,0,1,市级,3,5,5,5656,6040,"(3780.0, 7370.0]"
嘉禾建设有限公司003394,9.138105e+017,0,,市级,3,1,4,343434,29550,"(27972.0, 31471.0]"
博雅环保股份有限公司003395,9.133401077250e+017,0,0,市级,4,,,-2323432,23210,"(21364.0, 24660.0]"
创元材料集团有限公司003396,9.133941187e+017,0,0,省级,6,1,3,343434,26050,"(24660.0, 27972.0]"
华信贸易股份有限公司003397,9.13955491780885e+017,1,0,县级,4,,4,676767,4780,"(3780.0, 7370.0]"
宏达医药有限公司003398,9.134574129860377e+017,0,1,省级,1,,2,565656,18510,"(17855.0, 21364.0]"
华泰信息股份有限公司003399,9.132878265003123e+017,1,0,省级,,2,4,5656,4070,"(3780.0, 7370.0]"
永泰建设集团有限公司003400,9.13559e+017,1,0,省级,,2,7,-3434545,13490,"(10954.0, 14480.0]"
嘉禾科技有限公司003401,9.13797228108918e+017,,,国家级,5,6,1,343434,3870,"(3780.0, 7370.0]"
鼎盛建设集团有限公司003402,9.1374961e+017,0,0,国家级,1,,1,676767,940,"(49.999, 3780.0]"
金鼎物流有限公司003403,9.133193e+017,1,0,,6,3,4,565656,24910,"(24660.0, 27972.0]"
博雅环保集团有限公司003404,9.13304997805e+017,1,0,市级,5,5,5,343434,13580,"(10954.0, 14480.0]"
华信网络有限公司003405,9.1375e+017,0,0,市级,1,6,,6767,14180,"(10954.0, 14480.0]"
嘉禾电子有限公司003406,9.138264e+017,0,0,市级,6,3,7,5656,15300,"(14480.0, 17855.0]"
盛世电子股份有限公司003407,9.1398930e+017,0,0,县级,1,3,3,6767,21880,"(21364.0, 24660.0]"
盛世建设股份有限公司003408,9.13689e+017,0,0,国家级,3,2,,343434,33870,"(31471.0, 35000.0]"
盛世装备有限公司003409,9.135701430e+017,0,1,国家级,1,4,2,6767,3780,"(49.999, 3780.0]"
创元电子集团有限公司003410,9.1309e+017,1,0,,3,,2,565656,9270,"(7370.0, 10954.0]"
宏达医药有限公司003411,9.1325621e+017,0,,,5,4,2,-3434545,29630,"(27972.0, 31471.0]"
创元材料股份有限公司003412,9.13693e+017,1,,市级,,6,6,565656,19180,"(17855.0, 21364.0]"
盛世网络有限公司003413,9.13570464837e+017,0,0,省级,6,5,4,676767,24050,"(21364.0, 24660.0]"
华泰电子集团有限公司003414,9.13218e+017,0,1,县级,,3,1,565,16770,"(14480.0, 17855.0]"
远航材料股份有限公司003415,9.13475609157541e+017,1,1,市级,6,7,1,6767,23060,"(21364.0, 24660.0]"
启明食品集团有限公司003416,9.133534e+017,0,0,省级,2,6,1,5656,21620,"(21364.0, 24660.0]"
嘉禾化工有限公司003417,9.1393947585989e+017,0,0,国家级,5,5,4,343434,13470,"(10954.0, 14480.0]"
金鼎物流股份有限公司003418,9.13548e+017,1,,省级,5,1,,5656,18630,"(17855.0, 21364.0]"
博雅食品集团有限公司003419,9.13406859646e+017,1,0,县级,2,4,4,565,22800,"(21364.0, 24660.0]"
远航医药股份有限公司003420,9.13930700466605e+017,0,1,省级,5,4,3,565656,17340,"(14480.0, 17855.0]"
金鼎材料有限公司003421,9.137066935489102e+017,0,1,国家级,1,1,1,343434,29120,"(27972.0, 31471.0]"
华泰建设有限责任公司003422,9.1383563277036e+017,0,0,县级,4,2,2,6767,24020,"(21364.0, 24660.0]"
博雅化工有限责任公司003423,9.1379797e+017,1,1,,3,7,7,343434,27060,"(24660.0, 27972.0]"
博雅化工集团有限公司003424,9.1349459053754990e+017,1,1,国家级,4,6,6,343434,22850,"(21364.0, 24660.0]"
博雅化工有限公司003425,9.139471373e+017,0,1,市级,,5,5,343434,33400,"(31471.0, 35000.0]"
联创能源有限公司003426,9.1325497075149767e+017,,0,县级,6,7,1,343434,11020,"(10954.0, 14480.0]"
天成环保有限责任公司003427,9.13882556612e+017,0,,省级,4,4,1,565656,21470,"(21364.0, 24660.0]"
鼎盛机械股份有限公司003428,9.1308870449160730e+017,0,1,县级,6,2,7,676767,1590,"(49.999, 3780.0]"
瑞丰医药股份有限公司003429,9.139607545e+017,1,0,省级,2,,1,-2323432,24380,"(21364.0, 24660.0]"
创元食品集团有限公司003430,9.131529e+017,1,,县级,4,6,2,-3434545,18210,"(17855.0, 21364.0]"
瑞丰建设有限责任公司003431,9.13254e+017,1,1,国家级,7,6,5,565,17750,"(14480.0, 17855.0]"
瑞丰医药有限公司003432,9.139436664705e+017,1,0,,3,6,1,-2323432,30280,"(27972.0, 31471.0]"
启明建设集团有限公司003433,9.13878527244069e+017,1,1,国家级,4,4,,565656,820,"(49.999, 3780.0]"
华信纺织集团有限公司003434,9.1361328e+017,,0,市级,1,5,,565656,10200,"(7370.0, 10954.0]"
天成纺织股份有限公司003435,9.1364140e+017,0,1,省级,3,1,3,565,1240,"(49.999, 3780.0]"
星河网络集团有限公司003436,9.1339884377211831e+017,1,1,,5,6,1,565656,22880,"(21364.0, 24660.0]"
嘉禾物流集团有限公司003437,9.1341e+017,0,0,县级,2,,5,676767,16640,"(14480.0, 17855.0]"
中原生物股份有限公司003438,9.1314687e+017,0,0,,,7,6,5656,15010,"(14480.0, 17855.0]"
华信网络有限责任公司003439,9.1348807889e+017,0,1,国家级,5,2,,676767,4090,"(3780.0, 7370.0]"
创元物流有限责任公司003440,9.133484e+017,0,0,省级,5,2,,6767,310,"(49.999, 3780.0]"
星河化工有限责任公司003441,9.13977e+017,0,0,县级,3,1,,343434,14580,"(14480.0, 17855.0]"
华泰信息有限责任公司003442,9.1345767631413192e+017,0,0,县级,7,6,,-2323432,8380,"(7370.0, 10954.0]"
天成化工股份有限公司003443,9.1368568e+017,0,0,县级,7,1,7,565,4760,"(3780.0, 7370.0]"
联创医药集团有限公司003444,9.136630562597223e+017,,0,市级,5,,3,565,14810,"(14480.0, 17855.0]"
远航化工有限公司003445,9.1313307726292e+017,1,1,省级,3,,6,6767,340,"(49.999, 3780.0]"
创元科技股份有限公司003446,9.1399858939e+017,1,0,县级,7,5,6,343434,2570,"(49.999, 3780.0]"
嘉禾贸易有限责任公司003447,9.1394534e+017,1,1,市级,4,6,3,343434,3790,"(3780.0, 7370.0]"
华泰电子集团有限公司003448,9.133413e+017,0,1,省级,1,,6,676767,24410,"(21364.0, 24660.0]"
中原建设集团有限公司003449,9.136619739e+017,1,,县级,4,5,3,-3434545,14680,"(14480.0, 17855.0]"
博雅建设有限公司003450,9.1325866e+017,0,,,4,4,5,343434,3990,"(3780.0, 7370.0]"
永泰生物集团有限公司003451,9.1337971e+017,0,0,省级,2,6,6,565656,19460,"(17855.0, 21364.0]"
星河材料股份有限公司003452,9.13363762742086e+017,,0,省级,1,1,,343434,24040,"(21364.0, 24660.0]"
启明生物集团有限公司003453,9.13893231e+017,1,1,市级,4,3,4,565656,16780,"(14480.0, 17855.0]"
远航纺织有限责任公司003454,9.13880617e+017,1,0,县级,6,,1,565656,3990,"(3780.0, 7370.0]"
天成化工有限责任公司003455,9.13255365556e+017,0,0,省级,1,2,3,5656,21740,"(21364.0, 24660.0]"
中原生物集团有限公司003456,9.13292e+017,,1,省级,7,7,6,-2323432,1070,"(49.999, 3780.0]"
博雅贸易股份有限公司003457,9.131700e+017,1,0,省级,4,7,1,343434,13120,"(10954.0, 14480.0]"
华泰生物有限责任公司003458,9.1358e+017,0,1,县级,1,,5,6767,7360,"(3780.0, 7370.0]"
盛世建设集团有限公司003459,9.13163073359985e+017,1,,省级,,3,2,-3434545,13050,"(10954.0, 14480.0]"
嘉禾网络有限责任公司003460,9.13042e+017,0,0,,7,4,5,-3434545,5900,"(3780.0, 7370.0]"
联创贸易股份有限公司003461,9.1344932293e+017,,1,省级,4,,,6767,31760,"(31471.0, 35000.0]"
嘉禾生物有限公司003462,9.1394406372e+017,0,0,国家级,5,1,1,6767,31310,"(27972.0, 31471.0]"
天成化工股份有限公司003463,9.13699e+017,0,1,市级,6,2,4,676767,6680,"(3780.0, 7370.0]"
金鼎环保有限公司003464,9.1358e+017,0,1,省级,,1,,6767,9380,"(7370.0, 10954.0]"
永泰贸易有限责任公司003465,9.1363907387e+017,1,1,国家级,3,,3,6767,5100,"(3780.0, 7370.0]"
汇通网络股份有限公司003466,9.134197e+017,,1,国家级,5,6,1,-3434545,1770,"(49.999, 3780.0]"
华泰装备股份有限公司003467,9.13783218673372e+017,1,1,省级,3,6,2,-2323432,14660,"(14480.0, 17855.0]"
汇通科技有限公司003468,9.13827335021e+017,1,1,省级,1,1,7,565656,33740,"(31471.0, 35000.0]"
创元环保股份有限公司003469,9.13223e+017,0,1,国家级,2,2,2,565656,10570,"(7370.0, 10954.0]"
瑞丰电子有限责任公司003470,9.1351e+017,0,1,,2,2,5,-3434545,11260,"(10954.0, 14480.0]"
盛世网络有限责任公司003471,9.13930998e+017,0,0,省级,3,,3,-3434545,7410,"(7370.0, 10954.0]"
永泰能源集团有限公司003472,9.1301861626456098e+017,0,1,国家级,2,2,7,676767,32140,"(31471.0, 35000.0]"
远航环保集团有限公司003473,9.1327493003829553e+017,1,0,县级,6,5,4,676767,2560,"(49.999, 3780.0]"
创元食品有限公司003474,9.1333360635999906e+017,1,0,国家级,4,2,5,-3434545,18130,"(17855.0, 21364.0]"
中原智能集团有限公司003475,9.1365221198644e+017,,0,国家级,1,,2,343434,4290,"(3780.0, 7370.0]"
博雅科技集团有限公司003476,9.1313818487e+017,1,1,,6,4,4,-2323432,15540,"(14480.0, 17855.0]"
鼎盛智能有限责任公司003477,9.13316956285e+017,0,0,省级,6,2,7,343434,18600,"(17855.0, 21364.0]"
盛世生物有限公司003478,9.13827337799793e+017,0,0,县级,1,2,4,-3434545,32600,"(31471.0, 35000.0]"
博雅贸易股份有限公司003479,9.13433872e+017,0,0,省级,5,3,4,343434,26870,"(24660.0, 27972.0]"
中原智能有限公司003480,9.13375e+017,1,1,国家级,1,4,7,565656,20590,"(17855.0, 21364.0]"
博雅化工有限责任公司003481,9.13490010380121e+017,0,1,省级,6,5,5,6767,21080,"(17855.0, 21364.0]"
创元装备有限责任公司003482,9.1333e+017,0,0,省级,5,7,5,-2323432,23630,"(21364.0, 24660.0]"
盛世材料有限责任公司003483,9.1339351303e+017,1,0,国家级,4,7,3,676767,2370,"(49.999, 3780.0]"
盛世物流集团有限公司003484,9.13325650e+017,1,1,市级,,7,2,-3434545,23540,"(21364.0, 24660.0]"
天成电子有限责任公司003485,9.1315743e+017,1,1,市级,3,5,2,6767,16380,"(14480.0, 17855.0]"
星河电子集团有限公司003486,9.130611e+017,0,1,市级,4,2,5,565656,15580,"(14480.0, 17855.0]"
华泰网络有限责任公司003487,9.13749e+017,0,1,县级,5,,5,343434,7790,"(7370.0, 10954.0]"
联创电子集团有限公司003488,9.13517778425e+017,,0,县级,4,1,,343434,26860,"(24660.0, 27972.0]"
盛世医药有限公司003489,9.1327970669e+017,1,1,国家级,1,7,6,6767,18640,"(17855.0, 21364.0]"
中原食品股份有限公司003490,9.130289461455e+017,1,0,县级,5,,4,-3434545,32510,"(31471.0, 35000.0]"
创元材料有限责任公司003491,9.13095646295e+017,1,0,市级,7,5,5,565,21650,"(21364.0, 24660.0]"
远航装备有限公司003492,9.138876883849169e+017,1,1,县级,2,7,3,6767,19590,"(17855.0, 21364.0]"
永泰科技有限公司003493,9.1386264778809367e+017,1,1,国家级,5,3,4,-2323432,29420,"(27972.0, 31471.0]"
博雅环保有限公司003494,9.13450e+017,0,1,市级,2,7,5,565,1900,"(49.999, 3780.0]"
远航纺织集团有限公司003495,9.13243056e+017,1,0,国家级,1,1,2,676767,5370,"(3780.0, 7370.0]"
鼎盛医药有限责任公司003496,9.135642260e+017,0,1,县级,,4,2,343434,11730,"(10954.0, 14480.0]"
瑞丰纺织有限责任公司003497,9.1305158488825e+017,0,0,省级,7,1,1,6767,34410,"(31471.0, 35000.0]"
中原信息有限责任公司003498,9.1365e+017,1,0,,3,5,,-3434545,4390,"(3780.0, 7370.0]"
华泰物流有限公司003499,9.133368e+017,0,1,国家级,2,3,5,565656,19510,"(17855.0, 21364.0]"
创元材料股份有限公司003500,9.13508639277e+017,1,1,,1,5,2,6767,14100,"(10954.0, 14480.0]"
鼎盛建设有限责任公司003501,9.1366899e+017,1,1,市级,3,5,7,5656,22280,"(21364.0, 24660.0]"
博雅物流股份有限公司003502,9.1346108e+017,1,,县级,,1,4,343434,10570,"(7370.0, 10954.0]"
创元化工集团有限公司003503,9.134837516061403e+017,,1,,2,3,7,565656,24030,"(21364.0, 24660.0]"
永泰材料有限公司003504,9.13506453e+017,0,1,省级,3,,5,-2323432,22210,"(21364.0, 24660.0]"
中原电子股份有限公司003505,9.134808522824e+017,1,0,县级,1,7,5,6767,22960,"(21364.0, 24660.0]"
瑞丰环保股份有限公司003506,9.134000679471e+017,0,,,3,3,,343434,31230,"(27972.0, 31471.0]"
星河贸易有限责任公司003507,9.136419903970970e+017,1,,市级,7,6,7,6767,28350,"(27972.0, 31471.0]"
天成电子股份有限公司003508,9.13078835994472e+017,,0,国家级,1,6,4,-2323432,6850,"(3780.0, 7370.0]"
金鼎装备有限公司003509,9.13943e+017,0,1,县级,5,6,6,565,270,"(49.999, 3780.0]"
创元机械有限公司003510,9.1360127e+017,0,0,国家级,,1,4,565,33210,"(31471.0, 35000.0]"
中原生物股份有限公司003511,9.1355299100629e+017,0,1,国家级,,4,7,6767,31560,"(31471.0, 35000.0]"
永泰机械有限公司003512,9.1301704764003816e+017,0,0,国家级,2,5,7,565,22480,"(21364.0, 24660.0]"
中原信息股份有限公司003513,9.132734707246e+017,0,1,县级,3,4,7,5656,14220,"(10954.0, 14480.0]"
创元信息集团有限公司003514,9.1360835e+017,0,0,,2,3,,565656,19860,"(17855.0, 21364.0]"
嘉禾智能集团有限公司003515,9.1313197e+017,0,0,市级,6,6,2,676767,10480,"(7370.0, 10954.0]"
远航化工有限责任公司003516,9.13671947143951e+017,1,1,国家级,2,4,3,565,28540,"(27972.0, 31471.0]"
永泰化工有限公司003517,9.13345648e+017,1,0,市级,4,6,1,676767,29330,"(27972.0, 31471.0]"
鼎盛智能有限公司003518,9.13709501427552e+017,1,,市级,,2,1,-2323432,12470,"(10954.0, 14480.0]"
瑞丰能源有限责任公司003519,9.135715966991498e+017,0,1,,1,7,2,343434,7030,"(3780.0, 7370.0]"
华信材料有限责任公司003520,9.1330690661e+017,,0,县级,2,,3,5656,20180,"(17855.0, 21364.0]"
创元医药有限责任公司003521,9.1311926339e+017,,0,市级,6,5,1,6767,3300,"(49.999, 3780.0]"
鼎盛能源有限责任公司003522,9.131869559616e+017,0,0,,2,7,1,-2323432,11080,"(10954.0, 14480.0]"
中原医药股份有限公司003523,9.136756965e+017,1,1,省级,2,1,2,-3434545,8960,"(7370.0, 10954.0]"
华泰环保有限公司003524,9.136299885849165e+017,1,1,县级,1,3,3,5656,15650,"(14480.0, 17855.0]"
启明科技有限公司003525,9.1308389e+017,0,,国家级,1,3,2,565,11290,"(10954.0, 14480.0]"
博雅医药有限公司003526,9.13487453401e+017,0,1,,2,5,2,-3434545,34240,"(31471.0, 35000.0]"
星河机械股份有限公司003527,9.1374649325e+017,0,1,县级,4,6,4,-2323432,22200,"(21364.0, 24660.0]"
启明科技股份有限公司003528,9.1380666552488e+017,1,0,县级,1,5,2,5656,24910,"(24660.0, 27972.0]"
金鼎环保有限责任公司003529,9.1365673e+017,1,0,县级,7,,7,6767,27050,"(24660.0, 27972.0]"
天成能源集团有限公司003530,9.1302869088e+017,1,1,县级,7,7,,-3434545,5250,"(3780.0, 7370.0]"
博雅信息有限责任公司003531,9.1357462e+017,0,1,县级,5,7,4,5656,11120,"(10954.0, 14480.0]"
联创化工股份有限公司003532,9.1367156307e+017,1,1,县级,3,5,1,5656,3310,"(49.999, 3780.0]"
金鼎智能股份有限公司003533,9.1313726e+017,1,0,市级,4,1,7,565656,33290,"(31471.0, 35000.0]"
星河智能有限公司003534,9.13990e+017,1,1,县级,5,3,2,565,25820,"(24660.0, 27972.0]"
星河贸易有限公司003535,9.1318273e+017,1,0,国家级,3,6,3,565656,6700,"(3780.0, 7370.0]"
瑞丰纺织集团有限公司003536,9.130283927817e+017,1,1,县级,6,,1,-2323432,16200,"(14480.0, 17855.0]"
华泰物流股份有限公司003537,9.137161370181107e+017,0,1,县级,6,,,-3434545,24060,"(21364.0, 24660.0]"
永泰信息集团有限公司003538,9.13987789e+017,1,1,县级,,4,,-2323432,27030,"(24660.0, 27972.0]"
鼎盛纺织集团有限公司003539,9.1333461789177102e+017,0,1,国家级,5,3,2,565,29990,"(27972.0, 31471.0]"
鼎盛信息有限责任公司003540,9.137863824698e+017,,1,,4,1,5,676767,21770,"(21364.0, 24660.0]"
创元生物有限公司003541,9.139043612e+017,0,0,省级,1,6,,565,34220,"(31471.0, 35000.0]"
汇通医药有限公司003542,9.139817911598e+017,1,1,省级,,2,3,-2323432,23130,"(21364.0, 24660.0]"
华信网络集团有限公司003543,9.1388913997968e+017,1,1,市级,7,4,,565656,20070,"(17855.0, 21364.0]"
华泰科技集团有限公司003544,9.1356371e+017,0,1,市级,2,6,7,343434,30440,"(27972.0, 31471.0]"
汇通贸易集团有限公司003545,9.133077218e+017,1,0,县级,7,,,565,20420,"(17855.0, 21364.0]"
永泰贸易集团有限公司003546,9.13234e+017,1,0,县级,5,5,7,676767,4870,"(3780.0, 7370.0]"
汇通环保集团有限公司003547,9.133331129797e+017,1,1,县级,4,,4,5656,2490,"(49.999, 3780.0]"
联创食品股份有限公司003548,9.1378831e+017,,1,,4,6,2,676767,8330,"(7370.0, 10954.0]"
宏达医药集团有限公司003549,9.1364548273954816e+017,,1,,6,4,3,6767,34090,"(31471.0, 35000.0]"
天成环保有限责任公司003550,9.13215563252e+017,1,1,省级,6,5,2,6767,12800,"(10954.0, 14480.0]"
瑞丰环保股份有限公司003551,9.1313312e+017,1,1,国家级,6,2,,676767,950,"(49.999, 3780.0]"
远航贸易有限责任公司003552,9.13017278539e+017,1,1,县级,6,5,4,5656,23640,"(21364.0, 24660.0]"
华信生物有限公司003553,9.1312e+017,0,0,,,,4,5656,230,"(49.999, 3780.0]"
盛世物流有限公司003554,9.1332821252855e+017,0,0,省级,6,4,1,343434,210,"(49.999, 3780.0]"
创元生物有限责任公司003555,9.137867963e+017,0,0,市级,7,2,2,5656,21790,"(21364.0, 24660.0]"
永泰贸易集团有限公司003556,9.134150765233570e+017,0,1,省级,,,6,-2323432,21180,"(17855.0, 21364.0]"
星河物流集团有限公司003557,9.137401296764249e+017,1,1,国家级,4,3,1,6767,18400,"(17855.0, 21364.0]"
宏达网络有限责任公司003558,9.138076129270e+017,1,0,,7,5,2,343434,30000,"(27972.0, 31471.0]"
汇通电子有限公司003559,9.132983e+017,1,1,市级,1,2,5,343434,33770,"(31471.0, 35000.0]"
启明信息集团有限公司003560,9.1351158e+017,0,0,市级,,,2,-3434545,7700,"(7370.0, 10954.0]"
永泰智能有限公司003561,9.13194e+017,,0,省级,5,2,4,676767,29040,"(27972.0, 31471.0]"
金鼎物流有限公司003562,9.13623785567e+017,0,,县级,5,7,1,676767,24250,"(21364.0, 24660.0]"
宏达智能股份有限公司003563,9.13395894832e+017,1,1,省级,1,1,1,676767,16580,"(14480.0, 17855.0]"
启明网络集团有限公司003564,9.1317773e+017,1,0,市级,1,4,2,343434,6800,"(3780.0, 7370.0]"
盛世生物股份有限公司003565,9.13806686609685e+017,0,1,县级,4,3,7,5656,25530,"(24660.0, 27972.0]"
汇通纺织有限责任公司003566,9.130495660356e+017,0,0,市级,6,2,,343434,1900,"(49.999, 3780.0]"
瑞丰食品股份有限公司003567,9.13702375e+017,1,0,国家级,4,4,6,6767,4840,"(3780.0, 7370.0]"
远航材料股份有限公司003568,9.137497489958396e+017,0,0,国家级,3,6,2,343434,31100,"(27972.0, 31471.0]"
中原物流股份有限公司003569,9.1396344060882e+017,1,0,省级,,,5,565656,1350,"(49.999, 3780.0]"
汇通纺织集团有限公司003570,9.13293989085532e+017,1,1,市级,5,,7,-2323432,23760,"(21364.0, 24660.0]"
鼎盛网络有限责任公司003571,9.137665905349757e+017,1,,市级,7,,,565,27740,"(24660.0, 27972.0]"
博雅材料股份有限公司003572,9.1314018643571e+017,,0,县级,3,3,7,565656,8810,"(7370.0, 10954.0]"
远航食品股份有限公司003573,9.136142e+017,1,0,,,2,3,565656,27970,"(24660.0, 27972.0]"
创元食品有限责任公司003574,9.13655173e+017,1,1,省级,3,2,5,6767,2790,"(49.999, 3780.0]"
鼎盛医药股份有限公司003575,9.136828742594373e+017,1,0,国家级,2,2,3,-2323432,17730,"(14480.0, 17855.0]"
联创食品股份有限公司003576,9.13273872488635e+017,0,1,省级,5,5,7,-3434545,11320,"(10954.0, 14480.0]"
永泰智能股份有限公司003577,9.1395376882409e+017,0,1,国家级,6,7,4,6767,10960,"(10954.0, 14480.0]"
嘉禾医药有限公司003578,9.1326499289821e+017,1,1,市级,5,3,1,5656,25810,"(24660.0, 27972.0]"
鼎盛材料股份有限公司003579,9.130010e+017,0,1,,4,,,-2323432,4540,"(3780.0, 7370.0]"
天成建设有限责任公司003580,9.1312247141e+017,0,0,县级,5,3,4,-3434545,20000,"(17855.0, 21364.0]"
华信物流股份有限公司003581,9.1376969391109898e+017,0,1,省级,1,7,3,6767,31370,"(27972.0, 31471.0]"
瑞丰贸易有限公司003582,9.13744243e+017,0,0,国家级,4,4,1,343434,29290,"(27972.0, 31471.0]"
星河食品有限公司003583,9.133554969447e+017,,0,市级,6,6,7,-3434545,4730,"(3780.0, 7370.0]"
华泰建设集团有限公司003584,9.13892921476e+017,0,0,省级,,2,3,676767,15270,"(14480.0, 17855.0]"
远航食品有限公司003585,9.13592659938e+017,1,1,省级,1,1,6,5656,21030,"(17855.0, 21364.0]"
金鼎信息有限公司003586,9.13635808e+017,0,1,县级,4,7,,6767,13400,"(10954.0, 14480.0]"
鼎盛智能有限责任公司003587,9.133801180386503e+017,0,1,市级,6,5,,565656,21650,"(21364.0, 24660.0]"
汇通机械有限公司003588,9.1366e+017,1,0,国家级,,3,2,-2323432,31450,"(27972.0, 31471.0]"
瑞丰贸易有限公司003589,9.134952224e+017,1,1,国家级,7,2,4,-3434545,23890,"(21364.0, 24660.0]"
华信能源有限公司003590,9.13937329729140e+017,0,1,国家级,5,7,7,565,31870,"(31471.0, 35000.0]"
鼎盛食品股份有限公司003591,9.13540791370571e+017,0,0,县级,7,6,3,6767,750,"(49.999, 3780.0]"
嘉禾医药集团有限公司003592,9.131684456552013e+017,0,1,省级,7,4,2,343434,18920,"(17855.0, 21364.0]"
华信智能股份有限公司003593,9.13719101646e+017,0,0,国家级,6,7,2,6767,20180,"(17855.0, 21364.0]"
天成智能集团有限公司003594,9.13276733022930e+017,1,1,,,4,7,-2323432,32310,"(31471.0, 35000.0]"
中原机械有限责任公司003595,9.1320278183252448e+017,1,0,省级,5,4,2,6767,4780,"(3780.0, 7370.0]"
联创材料集团有限公司003596,9.1312e+017,1,1,国家级,,6,7,-3434545,16800,"(14480.0, 17855.0]"
嘉禾建设股份有限公司003597,9.138315234993726e+017,,0,省级,3,7,7,-2323432,2750,"(49.999, 3780.0]"
天成信息有限公司003598,9.13827642e+017,0,1,国家级,3,2,4,343434,21800,"(21364.0, 24660.0]"
汇通网络有限责任公司003599,9.13378210567e+017,0,0,,3,,5,5656,25410,"(24660.0, 27972.0]"
永泰科技集团有限公司003600,9.136502671e+017,1,1,市级,6,3,3,565,12110,"(10954.0, 14480.0]"
星河信息集团有限公司003601,9.13908798041e+017,1,1,市级,1,3,2,565,2800,"(49.999, 3780.0]"
创元科技集团有限公司003602,9.1305321596360e+017,,0,市级,6,,1,343434,27380,"(24660.0, 27972.0]"
盛世网络集团有限公司003603,9.131533896010528e+017,0,1,市级,7,1,3,565656,33280,"(31471.0, 35000.0]"
永泰化工集团有限公司003604,9.132503e+017,0,1,县级,3,7,7,343434,12680,"(10954.0, 14480.0]"
鼎盛贸易股份有限公司003605,9.13141e+017,1,1,县级,4,6,,565656,33340,"(31471.0, 35000.0]"
远航能源股份有限公司003606,9.1320171114230818e+017,0,1,,5,4,4,676767,32150,"(31471.0, 35000.0]"
华信纺织有限公司003607,9.133673e+017,1,1,县级,6,7,7,565656,32580,"(31471.0, 35000.0]"
永泰生物集团有限公司003608,9.132197e+017,,0,县级,5,,4,676767,13680,"(10954.0, 14480.0]"
汇通建设集团有限公司003609,9.13050e+017,0,0,省级,1,6,1,-2323432,21070,"(17855.0, 21364.0]"
天成科技集团有限公司003610,9.136654552180859e+017,1,1,省级,7,4,4,565656,24720,"(24660.0, 27972.0]"
金鼎生物有限公司003611,9.1399e+017,1,1,县级,1,2,,-2323432,27070,"(24660.0, 27972.0]"
汇通信息有限责任公司003612,9.134350e+017,1,1,省级,2,7,4,5656,11270,"(10954.0, 14480.0]"
宏达电子股份有限公司003613,9.1372577e+017,,0,市级,5,5,2,5656,25330,"(24660.0, 27972.0]"
远航智能有限责任公司003614,9.137977262576e+017,0,1,市级,1,,1,343434,25940,"(24660.0, 27972.0]"
华泰智能有限责任公司003615,9.1320092996952807e+017,0,,国家级,,3,3,-3434545,33970,"(31471.0, 35000.0]"
天成化工集团有限公司003616,9.135916543e+017,1,1,国家级,5,6,4,565656,8480,"(7370.0, 10954.0]"
创元信息有限公司003617,9.13018e+017,0,0,国家级,2,2,1,6767,31320,"(27972.0, 31471.0]"
远航电子有限公司003618,9.13890217e+017,1,1,市级,1,3,6,6767,10180,"(7370.0, 10954.0]"
博雅生物集团有限公司003619,9.1375198287048595e+017,0,1,县级,4,3,,5656,7440,"(7370.0, 10954.0]"
汇通化工股份有限公司003620,9.137541184762974e+017,1,0,国家级,1,7,5,343434,30420,"(27972.0, 31471.0]"
宏达建设有限公司003621,9.13573e+017,0,0,国家级,7,2,4,676767,33250,"(31471.0, 35000.0]"
远航食品股份有限公司003622,9.1365420986e+017,1,1,国家级,3,6,7,565656,19880,"(17855.0, 21364.0]"
汇通建设集团有限公司003623,9.13090167443619e+017,0,1,省级,,5,3,5656,6720,"(3780.0, 7370.0]"
汇通医药有限责任公司003624,9.1324624702177025e+017,0,0,县级,5,5,2,343434,21350,"(17855.0, 21364.0]"
金鼎生物股份有限公司003625,9.1358251749145e+017,1,0,市级,7,5,2,-3434545,5470,"(3780.0, 7370.0]"
中原物流集团有限公司003626,9.13753424591e+017,0,0,市级,5,,5,5656,9130,"(7370.0, 10954.0]"
永泰网络有限公司003627,9.1377083954063516e+017,0,1,市级,6,2,1,565,15340,"(14480.0, 17855.0]"
盛世贸易有限公司003628,9.138121e+017,,1,省级,5,6,,-2323432,17380,"(14480.0, 17855.0]"
鼎盛物流股份有限公司003629,9.1363e+017,0,0,省级,3,1,2,5656,7990,"(7370.0, 10954.0]"
永泰信息集团有限公司003630,9.13661174e+017,1,1,县级,7,2,1,565,31370,"(27972.0, 31471.0]"
天成化工有限公司003631,9.130079376224e+017,0,0,国家级,3,1,3,6767,27680,"(24660.0, 27972.0]"
宏达科技有限公司003632,9.1320672382781469e+017,1,1,市级,,7,3,676767,8840,"(7370.0, 10954.0]"
启明装备集团有限公司003633,9.131294657602e+017,1,0,县级,5,5,7,-2323432,28270,"(27972.0, 31471.0]"
远航建设有限公司003634,9.13489090130e+017,0,1,省级,2,6,,6767,17480,"(14480.0, 17855.0]"
汇通机械股份有限公司003635,9.1370312869132147e+017,1,1,市级,,4,6,5656,18020,"(17855.0, 21364.0]"
联创环保有限责任公司003636,9.1375e+017,1,0,,2,2,2,5656,2950,"(49.999, 3780.0]"
宏达网络股份有限公司003637,9.1386679016861814e+017,1,0,国家级,,7,5,565656,15090,"(14480.0, 17855.0]"
鼎盛贸易集团有限公司003638,9.1306773e+017,1,1,市级,,6,,5656,32330,"(31471.0, 35000.0]"
联创物流有限责任公司003639,9.13516877001848e+017,1,1,国家级,5,3,3,5656,27520,"(24660.0, 27972.0]"
盛世生物股份有限公司003640,9.1342225e+017,0,1,国家级,4,,4,343434,2320,"(49.999, 3780.0]"
星河智能有限公司003641,9.1381836912e+017,1,1,省级,4,1,,676767,33680,"(31471.0, 35000.0]"
星河网络有限责任公司003642,9.1324050e+017,1,0,国家级,5,4,3,343434,31030,"(27972.0, 31471.0]"
创元电子有限公司003643,9.13422654885e+017,0,,,6,2,5,343434,27970,"(24660.0, 27972.0]"
瑞丰智能股份有限公司003644,9.13632759348755e+017,0,1,县级,7,2,1,565656,2630,"(49.999, 3780.0]"
启明食品股份有限公司003645,9.13297422e+017,1,1,省级,6,5,2,5656,9660,"(7370.0, 10954.0]"
金鼎网络股份有限公司003646,9.1358107e+017,0,1,县级,7,3,2,-2323432,30830,"(27972.0, 31471.0]"
联创电子有限责任公司003647,9.130148234e+017,1,0,市级,6,6,2,565656,10810,"(7370.0, 10954.0]"
永泰化工股份有限公司003648,9.1306968799e+017,0,1,国家级,3,1,4,-3434545,22810,"(21364.0, 24660.0]"
天成电子集团有限公司003649,9.13670e+017,,0,省级,7,2,7,5656,810,"(49.999, 3780.0]"
鼎盛电子有限公司003650,9.1346278866e+017,0,0,国家级,7,6,7,565656,32790,"(31471.0, 35000.0]"
华泰贸易集团有限公司003651,9.13312e+017,1,1,县级,3,4,4,676767,18250,"(17855.0, 21364.0]"
华信医药有限责任公司003652,9.134340541e+017,1,0,市级,5,7,6,-2323432,5160,"(3780.0, 7370.0]"
启明化工股份有限公司003653,9.13288736051e+017,,0,省级,7,7,7,676767,28700,"(27972.0, 31471.0]"
中原医药有限公司003654,9.130098633166e+017,1,1,,5,,,-2323432,1120,"(49.999, 3780.0]"
联创医药有限公司003655,9.13924e+017,1,0,省级,2,1,6,565,20560,"(17855.0, 21364.0]"
盛世智能有限责任公司003656,9.13895987e+017,,1,,,6,,676767,3870,"(3780.0, 7370.0]"
华信生物集团有限公司003657,9.1349752712904e+017,0,0,,5,4,1,343434,26490,"(24660.0, 27972.0]"
星河环保有限公司003658,9.1329913904e+017,,1,国家级,4,3,6,676767,1040,"(49.999, 3780.0]"
华信化工有限责任公司003659,9.1319158530e+017,1,1,,1,7,,565,29570,"(27972.0, 31471.0]"
华信建设集团有限公司003660,9.1316543844e+017,0,0,省级,3,7,2,5656,5300,"(3780.0, 7370.0]"
瑞丰科技股份有限公司003661,9.136353e+017,1,0,县级,2,6,6,-2323432,8440,"(7370.0, 10954.0]"
中原科技有限责任公司003662,9.139254495e+017,0,1,市级,4,4,7,676767,31560,"(31471.0, 35000.0]"
汇通建设有限公司003663,9.13594827069087e+017,0,0,县级,2,5,5,-3434545,17220,"(14480.0, 17855.0]"
鼎盛机械股份有限公司003664,9.1328e+017,0,1,,5,2,1,343434,1980,"(49.999, 3780.0]"
嘉禾生物有限公司003665,9.13869675044643e+017,0,0,县级,3,,2,-2323432,30800,"(27972.0, 31471.0]"
星河生物有限责任公司003666,9.1377476e+017,,1,国家级,7,2,6,676767,21860,"(21364.0, 24660.0]"
星河贸易有限责任公司003667,9.135188e+017,1,0,市级,4,3,7,565656,1710,"(49.999, 3780.0]"
金鼎物流有限公司003668,9.13983502e+017,1,0,县级,4,3,5,-2323432,15190,"(14480.0, 17855.0]"
华泰纺织股份有限公司003669,9.131088130575e+017,1,0,县级,3,4,6,5656,28600,"(27972.0, 31471.0]"
嘉禾物流股份有限公司003670,9.131424329e+017,1,0,省级,,6,2,565,8110,"(7370.0, 10954.0]"
博雅机械股份有限公司003671,9.139941973571882e+017,1,0,国家级,1,3,5,-3434545,14800,"(14480.0, 17855.0]"
启明纺织股份有限公司003672,9.1387e+017,1,1,,1,6,7,-2323432,26070,"(24660.0, 27972.0]"
宏达材料有限公司003673,9.132321115082e+017,1,1,国家级,6,3,7,5656,27740,"(24660.0, 27972.0]"
联创信息有限责任公司003674,9.13457e+017,1,1,县级,2,7,7,-3434545,14150,"(10954.0, 14480.0]"
宏达机械有限责任公司003675,9.13798733119e+017,1,1,市级,4,,7,565,34060,"(31471.0, 35000.0]"
联创物流集团有限公司003676,9.13439e+017,1,,省级,7,4,7,6767,34770,"(31471.0, 35000.0]"
华泰贸易有限公司003677,9.13757097e+017,1,0,国家级,6,4,6,-3434545,1590,"(49.999, 3780.0]"
盛世贸易集团有限公司003678,9.13857e+017,0,1,国家级,,7,6,565,28190,"(27972.0, 31471.0]"
瑞丰医药股份有限公司003679,9.1362108974854208e+017,1,0,,7,5,5,-2323432,29840,"(27972.0, 31471.0]"
启明贸易股份有限公司003680,9.136239e+017,0,,市级,3,1,6,343434,230,"(49.999, 3780.0]"
中原电子有限公司003681,9.135418e+017,,0,县级,4,6,1,565656,28760,"(27972.0, 31471.0]"
鼎盛科技有限公司003682,9.13938525274e+017,,1,市级,6,2,4,565656,32130,"(31471.0, 35000.0]"
汇通贸易股份有限公司003683,9.1387293060898192e+017,0,0,县级,2,7,4,-3434545,27790,"(24660.0, 27972.0]"
嘉禾信息股份有限公司003684,9.1322e+017,0,1,县级,3,2,7,565,19890,"(17855.0, 21364.0]"
瑞丰科技有限责任公司003685,9.133074139914e+017,1,0,县级,1,,4,565,26910,"(24660.0, 27972.0]"
华泰物流集团有限公司003686,9.1360838921662e+017,0,,县级,4,2,,565656,31160,"(27972.0, 31471.0]"
中原材料有限公司003687,9.1321756269e+017,0,0,,2,6,5,565,13420,"(10954.0, 14480.0]"
永泰纺织有限公司003688,9.1308438485159698e+017,0,0,国家级,7,4,7,-3434545,20410,"(17855.0, 21364.0]"
盛世医药股份有限公司003689,9.13443e+017,0,1,市级,3,6,,6767,6300,"(3780.0, 7370.0]"
远航食品股份有限公司003690,9.130463828e+017,0,1,国家级,4,7,2,5656,2570,"(49.999, 3780.0]"
华泰食品股份有限公司003691,9.13662035e+017,1,0,市级,2,3,,565656,18210,"(17855.0, 21364.0]"
联创食品集团有限公司003692,9.1325789761e+017,1,0,国家级,5,7,1,6767,34960,"(31471.0, 35000.0]"
嘉禾网络有限公司003693,9.136588680e+017,0,1,县级,,5,1,565,16300,"(14480.0, 17855.0]"
联创纺织股份有限公司003694,9.136018e+017,0,1,市级,,1,4,565656,27700,"(24660.0, 27972.0]"
中原贸易有限公司003695,9.13695755e+017,1,1,县级,1,5,1,343434,390,"(49.999, 3780.0]"
汇通环保股份有限公司003696,9.1384517438818e+017,0,0,市级,3,3,7,676767,25490,"(24660.0, 27972.0]"
宏达网络集团有限公司003697,9.1317841516617596e+017,0,0,县级,6,6,7,676767,13630,"(10954.0, 14480.0]"
鼎盛电子有限公司003698,9.1393272e+017,1,1,市级,6,4,1,6767,20220,"(17855.0, 21364.0]"
鼎盛贸易有限责任公司003699,9.130862e+017,0,1,,1,3,,343434,21680,"(21364.0, 24660.0]"
瑞丰纺织有限责任公司003700,9.13862180816e+017,0,0,,,,7,5656,21760,"(21364.0, 24660.0]"
联创贸易股份有限公司003701,9.1361e+017,,1,市级,5,,3,565656,200,"(49.999, 3780.0]"
远航材料有限公司003702,9.138265257569e+017,0,0,市级,5,1,7,-2323432,3900,"(3780.0, 7370.0]"
华泰材料股份有限公司003703,9.1385753946343e+017,0,0,省级,6,3,2,-2323432,12950,"(10954.0, 14480.0]"
博雅生物有限公司003704,9.1372796641e+017,0,,省级,6,5,,565,17220,"(14480.0, 17855.0]"
金鼎信息集团有限公司003705,9.137089053779985e+017,0,1,省级,5,1,6,565,2770,"(49.999, 3780.0]"
联创纺织股份有限公司003706,9.139799032384e+017,0,,国家级,3,1,6,5656,25110,"(24660.0, 27972.0]"
永泰智能有限公司003707,9.1389936595523e+017,1,1,省级,5,6,1,565656,23450,"(21364.0, 24660.0]"
宏达装备有限公司003708,9.1387262e+017,0,0,省级,7,3,4,343434,21980,"(21364.0, 24660.0]"
远航纺织股份有限公司003709,9.1332572604490e+017,0,0,省级,7,3,4,676767,28510,"(27972.0, 31471.0]"
创元科技集团有限公司003710,9.132348471e+017,0,1,县级,5,1,5,6767,100,"(49.999, 3780.0]"
金鼎贸易集团有限公司003711,9.134304434246e+017,1,0,省级,4,4,7,-2323432,30250,"(27972.0, 31471.0]"
嘉禾贸易有限责任公司003712,9.1378262e+017,1,1,省级,3,2,,-3434545,32380,"(31471.0, 35000.0]"
盛世装备股份有限公司003713,9.13602440114e+017,0,0,市级,7,3,4,-2323432,30930,"(27972.0, 31471.0]"
启明纺织有限责任公司003714,9.13150568e+017,0,1,国家级,2,2,1,565656,22770,"(21364.0, 24660.0]"
天成科技有限责任公司003715,9.132839e+017,0,0,国家级,3,7,5,343434,31550,"(31471.0, 35000.0]"
启明能源有限责任公司003716,9.135962e+017,0,1,国家级,4,7,3,6767,15400,"(14480.0, 17855.0]"
永泰纺织有限责任公司003717,9.13976220215442e+017,0,0,市级,1,3,,565656,19460,"(17855.0, 21364.0]"
联创生物有限公司003718,9.1320922751e+017,1,1,,3,7,,676767,26310,"(24660.0, 27972.0]"
博雅机械股份有限公司003719,9.1363710999641e+017,0,1,国家级,1,6,,343434,10350,"(7370.0, 10954.0]"
瑞丰网络股份有限公司003720,9.1341117234660e+017,0,0,国家级,,2,5,565656,33230,"(31471.0, 35000.0]"
瑞丰纺织集团有限公司003721,9.13903e+017,0,1,国家级,1,2,2,343434,9250,"(7370.0, 10954.0]"
嘉禾信息有限公司003722,9.133201073e+017,1,0,国家级,5,1,6,-2323432,11290,"(10954.0, 14480.0]"
华信食品有限责任公司003723,9.1349e+017,1,1,国家级,4,1,7,6767,27290,"(24660.0, 27972.0]"
星河物流股份有限公司003724,9.1366508562e+017,1,1,国家级,,1,5,-2323432,32940,"(31471.0, 35000.0]"
宏达装备股份有限公司003725,9.1327545814302345e+017,0,1,县级,3,5,3,343434,3910,"(3780.0, 7370.0]"
中原建设有限责任公司003726,9.137891763902e+017,1,,市级,4,4,3,-3434545,18330,"(17855.0, 21364.0]"
盛世食品集团有限公司003727,9.13887e+017,0,1,省级,6,7,1,-3434545,34460,"(31471.0, 35000.0]"
星河科技有限公司003728,9.135814791e+017,0,0,市级,1,,5,-2323432,15950,"(14480.0, 17855.0]"
创元信息有限公司003729,9.130411097929362e+017,1,0,国家级,,3,5,676767,2580,"(49.999, 3780.0]"
星河生物有限公司003730,9.132872388565e+017,1,1,县级,7,4,7,-2323432,15740,"(14480.0, 17855.0]"
盛世信息有限公司003731,9.1304e+017,0,1,,2,6,7,5656,30870,"(27972.0, 31471.0]"
永泰医药有限公司003732,9.1373308689397e+017,1,0,省级,3,6,1,343434,27160,"(24660.0, 27972.0]"
天成食品有限责任公司003733,9.135974145187365e+017,0,1,省级,5,2,,6767,24910,"(24660.0, 27972.0]"
创元环保集团有限公司003734,9.13633832e+017,0,1,市级,1,6,2,565,22860,"(21364.0, 24660.0]"
远航贸易股份有限公司003735,9.138628574e+017,0,0,县级,,2,,5656,22330,"(21364.0, 24660.0]"
联创机械集团有限公司003736,9.1398998e+017,0,1,市级,,2,,676767,30320,"(27972.0, 31471.0]"
启明装备有限公司003737,9.13628159e+017,0,1,,1,5,5,343434,26710,"(24660.0, 27972.0]"
鼎盛信息有限公司003738,9.13357631197921e+017,0,0,国家级,6,4,4,565656,15790,"(14480.0, 17855.0]"
嘉禾食品集团有限公司003739,9.135847726795e+017,0,1,国家级,3,2,5,676767,18490,"(17855.0, 21364.0]"
远航生物股份有限公司003740,9.1397042202e+017,1,1,国家级,2,3,5,676767,27260,"(24660.0, 27972.0]"
金鼎网络有限责任公司003741,9.13187987859286e+017,1,0,国家级,6,,2,5656,11070,"(10954.0, 14480.0]"
嘉禾生物有限责任公司003742,9.13011e+017,1,0,省级,5,,3,-2323432,23570,"(21364.0, 24660.0]"
华信装备有限责任公司003743,9.1352146209759e+017,0,1,县级,3,4,5,5656,2890,"(49.999, 3780.0]"
创元科技有限责任公司003744,9.1372828597121578e+017,1,1,国家级,3,,,565656,6890,"(3780.0, 7370.0]"
华信化工集团有限公司003745,9.13776e+017,1,1,县级,7,,7,676767,28570,"(27972.0, 31471.0]"
瑞丰机械有限责任公司003746,9.131703036e+017,1,0,,1,1,6,565,22020,"(21364.0, 24660.0]"
联创机械集团有限公司003747,9.137499e+017,0,1,市级,2,,1,565,22690,"(21364.0, 24660.0]"
远航电子有限公司003748,9.13927e+017,1,1,省级,,3,5,-2323432,18570,"(17855.0, 21364.0]"
汇通机械有限责任公司003749,9.139999e+017,0,0,市级,6,5,7,5656,11160,"(10954.0, 14480.0]"
启明机械股份有限公司003750,9.139518656e+017,0,0,市级,2,6,6,-2323432,28230,"(27972.0, 31471.0]"
博雅贸易股份有限公司003751,9.13869712e+017,,0,县级,7,4,1,565656,8750,"(7370.0, 10954.0]"
华泰环保集团有限公司003752,9.13573071e+017,,0,省级,5,2,1,5656,25890,"(24660.0, 27972.0]"
永泰机械有限公司003753,9.1372050465784666e+017,0,0,省级,3,2,2,-2323432,27660,"(24660.0, 27972.0]"
宏达纺织有限责任公司003754,9.1337e+017,1,0,市级,1,6,3,6767,9700,"(7370.0, 10954.0]"
永泰机械有限责任公司003755,9.1365915e+017,0,1,省级,1,4,,-3434545,9820,"(7370.0, 10954.0]"
联创环保有限责任公司003756,9.138551313843661e+017,0,1,县级,4,3,3,-3434545,8800,"(7370.0, 10954.0]"
嘉禾建设有限公司003757,9.13118e+017,0,0,市级,1,6,7,676767,31770,"(31471.0, 35000.0]"
星河信息股份有限公司003758,9.13980874563e+017,1,0,,6,5,1,676767,2920,"(49.999, 3780.0]"
中原环保集团有限公司003759,9.132742e+017,0,0,县级,,2,4,-2323432,4320,"(3780.0, 7370.0]"
宏达智能有限责任公司003760,9.135121383083393e+017,0,1,县级,7,1,1,6767,22810,"(21364.0, 24660.0]"
博雅贸易有限公司003761,9.13473833e+017,0,0,省级,,1,1,-2323432,11480,"(10954.0, 14480.0]"
盛世网络有限责任公司003762,9.13408477100275e+017,1,1,县级,6,5,3,343434,820,"(49.999, 3780.0]"
永泰信息股份有限公司003763,9.1353676307e+017,0,1,市级,1,,3,676767,22240,"(21364.0, 24660.0]"
永泰材料集团有限公司003764,9.1386079e+017,0,1,县级,1,5,6,6767,4430,"(3780.0, 7370.0]"
宏达化工集团有限公司003765,9.1392669197696330e+017,0,0,市级,2,,3,5656,32940,"(31471.0, 35000.0]"
华信化工股份有限公司003766,9.136948564e+017,0,0,国家级,4,3,7,-3434545,18570,"(17855.0, 21364.0]"
天成化工集团有限公司003767,9.1340859551e+017,1,1,省级,,4,1,5656,8860,"(7370.0, 10954.0]"
鼎盛纺织有限公司003768,9.1397781976e+017,1,0,国家级,1,3,,565656,5760,"(3780.0, 7370.0]"
创元环保股份有限公司003769,9.131572024e+017,0,0,县级,7,7,3,676767,780,"(49.999, 3780.0]"
天成医药股份有限公司003770,9.135665e+017,1,0,,5,2,6,343434,1830,"(49.999, 3780.0]"
联创食品有限责任公司003771,9.1399606e+017,1,1,,,4,2,343434,4430,"(3780.0, 7370.0]"
联创物流集团有限公司003772,9.132875e+017,1,,县级,2,6,3,343434,22410,"(21364.0, 24660.0]"
盛世环保有限责任公司003773,9.13839173e+017,,1,县级,7,2,3,565656,1650,"(49.999, 3780.0]"
瑞丰医药集团有限公司003774,9.13596e+017,1,0,县级,,1,4,565656,5480,"(3780.0, 7370.0]"
永泰机械有限责任公司003775,9.1367584990097499e+017,0,1,省级,2,5,4,-2323432,19870,"(17855.0, 21364.0]"
天成环保有限责任公司003776,9.1344846e+017,1,0,县级,6,3,1,343434,32520,"(31471.0, 35000.0]"
启明材料集团有限公司003777,9.132027257522625e+017,1,0,省级,4,1,3,676767,6400,"(3780.0, 7370.0]"
天成物流有限责任公司003778,9.130854912e+017,1,1,国家级,1,,5,343434,31580,"(31471.0, 35000.0]"
华信机械集团有限公司003779,9.139204463585e+017,,0,国家级,3,,2,6767,800,"(49.999, 3780.0]"
创元装备有限责任公司003780,9.1333565e+017,1,0,,1,1,4,6767,29820,"(27972.0, 31471.0]"
博雅化工集团有限公司003781,9.1389472e+017,1,,省级,6,7,6,565656,14050,"(10954.0, 14480.0]"
嘉禾材料股份有限公司003782,9.1375078388655e+017,0,1,县级,,4,6,6767,7730,"(7370.0, 10954.0]"
鼎盛生物股份有限公司003783,9.1310e+017,0,1,省级,2,4,2,565656,25110,"(24660.0, 27972.0]"
中原信息股份有限公司003784,9.1332775405550834e+017,,1,市级,6,5,4,565,11650,"(10954.0, 14480.0]"
博雅化工有限公司003785,9.131185e+017,1,0,省级,3,,6,-3434545,310,"(49.999, 3780.0]"
天成网络有限责任公司003786,9.1330800003e+017,,1,国家级,4,6,6,-2323432,780,"(49.999, 3780.0]"
华泰网络有限责任公司003787,9.1347462269640763e+017,1,0,省级,1,,,-3434545,1950,"(49.999, 3780.0]"
联创信息有限公司003788,9.134071298e+017,1,,,3,7,4,-3434545,25930,"(24660.0, 27972.0]"
宏达能源有限公司003789,9.132352532e+017,,0,县级,5,,3,565,27070,"(24660.0, 27972.0]"
华信材料集团有限公司003790,9.134017234467e+017,1,1,县级,5,,,-2323432,330,"(49.999, 3780.0]"
汇通科技有限责任公司003791,9.133829e+017,0,0,国家级,5,2,4,343434,21000,"(17855.0, 21364.0]"
华信纺织股份有限公司003792,9.1374e+017,1,1,,4,1,1,565656,15370,"(14480.0, 17855.0]"
金鼎贸易股份有限公司003793,9.13420244642859e+017,1,1,省级,6,5,1,565,15040,"(14480.0, 17855.0]"
天成生物有限责任公司003794,9.1329913e+017,1,0,省级,2,7,,565,6320,"(3780.0, 7370.0]"
启明生物有限责任公司003795,9.139305069e+017,1,1,市级,1,3,2,6767,19050,"(17855.0, 21364.0]"
中原电子有限公司003796,9.1306964690164423e+017,,,,3,2,5,-2323432,19280,"(17855.0, 21364.0]"
启明化工有限公司003797,9.13235876626909e+017,,1,省级,7,1,4,6767,19290,"(17855.0, 21364.0]"
华信医药有限公司003798,9.13688978033231e+017,1,1,市级,3,5,1,343434,2540,"(49.999, 3780.0]"
星河装备有限公司003799,9.134601099587244e+017,0,0,县级,7,,5,-2323432,8860,"(7370.0, 10954.0]"
鼎盛生物有限公司003800,9.1346910764326314e+017,0,0,市级,7,1,3,6767,32230,"(31471.0, 35000.0]"
华信环保集团有限公司003801,9.13097526e+017,0,1,市级,5,1,3,676767,12220,"(10954.0, 14480.0]"
宏达纺织股份有限公司003802,9.13019422e+017,1,0,省级,1,2,,-2323432,16840,"(14480.0, 17855.0]"
华泰生物集团有限公司003803,9.13734573465e+017,0,1,市级,,2,,676767,11080,"(10954.0, 14480.0]"
宏达纺织股份有限公司003804,9.1306259377e+017,0,1,市级,7,,,-3434545,18160,"(17855.0, 21364.0]"
远航信息有限责任公司003805,9.1318e+017,,1,县级,2,4,5,565656,1850,"(49.999, 3780.0]"
盛世化工有限公司003806,9.139134931675e+017,1,0,国家级,2,5,6,676767,12190,"(10954.0, 14480.0]"
联创能源股份有限公司003807,9.1378988019622314e+017,0,,省级,5,5,3,676767,18690,"(17855.0, 21364.0]"
华泰网络有限公司003808,9.13125e+017,1,1,县级,3,3,3,-3434545,60,"(49.999, 3780.0]"
汇通医药股份有限公司003809,9.1339597e+017,1,1,县级,,2,6,5656,1830,"(49.999, 3780.0]"
瑞丰智能有限责任公司003810,9.131009690041813e+017,1,,县级,1,7,4,343434,31680,"(31471.0, 35000.0]"
天成物流集团有限公司003811,9.13773101e+017,0,,,1,,1,-3434545,11220,"(10954.0, 14480.0]"
盛世贸易有限责任公司003812,9.13951e+017,0,0,省级,5,,1,-3434545,11450,"(10954.0, 14480.0]"
星河贸易股份有限公司003813,9.1349045788471e+017,1,,,1,,4,-3434545,29530,"(27972.0, 31471.0]"
鼎盛科技股份有限公司003814,9.135869744302e+017,1,,市级,6,3,6,5656,9110,"(7370.0, 10954.0]"
瑞丰信息集团有限公司003815,9.1345768254132146e+017,0,1,国家级,1,,1,565,1580,"(49.999, 3780.0]"
华泰生物有限责任公司003816,9.13650547674e+017,1,,县级,2,6,7,6767,26560,"(24660.0, 27972.0]"
创元医药股份有限公司003817,9.13405171757322e+017,0,0,市级,2,6,6,-2323432,11180,"(10954.0, 14480.0]"
永泰食品集团有限公司003818,9.13562952242e+017,0,1,市级,2,6,6,-2323432,260,"(49.999, 3780.0]"
启明物流股份有限公司003819,9.1331160124036036e+017,0,1,市级,,6,4,565656,34670,"(31471.0, 35000.0]"
天成智能有限公司003820,9.1309319938963552e+017,,0,市级,6,5,5,5656,29440,"(27972.0, 31471.0]"
金鼎电子有限责任公司003821,9.1386010163290004e+017,0,0,县级,2,7,2,-2323432,13470,"(10954.0, 14480.0]"
汇通电子集团有限公司003822,9.1362e+017,0,0,省级,4,1,4,565,16100,"(14480.0, 17855.0]"
创元网络集团有限公司003823,9.13284e+017,0,1,省级,,4,1,5656,13170,"(10954.0, 14480.0]"
宏达网络有限责任公司003824,9.135475e+017,1,0,省级,3,3,7,5656,14770,"(14480.0, 17855.0]"
博雅信息有限公司003825,9.13026245852e+017,0,,,,4,5,676767,32350,"(31471.0, 35000.0]"
金鼎信息股份有限公司003826,9.132659e+017,0,0,县级,6,5,6,565,3650,"(49.999, 3780.0]"
华泰科技有限责任公司003827,9.1333841962198e+017,1,0,省级,2,1,3,565,6280,"(3780.0, 7370.0]"
远航纺织集团有限公司003828,9.1359276611e+017,0,1,国家级,7,6,7,5656,21440,"(21364.0, 24660.0]"
星河生物股份有限公司003829,9.138401e+017,0,1,县级,3,1,6,-3434545,19280,"(17855.0, 21364.0]"
汇通信息股份有限公司003830,9.1328565e+017,0,0,省级,6,3,2,-3434545,29370,"(27972.0, 31471.0]"
远航建设集团有限公司003831,9.1370e+017,,1,省级,6,4,7,565,6260,"(3780.0, 7370.0]"
中原能源有限责任公司003832,9.13608973654774e+017,1,0,国家级,7,5,4,676767,31750,"(31471.0, 35000.0]"
宏达贸易股份有限公司003833,9.131460025e+017,,1,,5,,1,565,33470,"(31471.0, 35000.0]"
瑞丰建设有限公司003834,9.13749503544e+017,0,0,市级,3,5,6,343434,29880,"(27972.0, 31471.0]"
瑞丰建设有限公司003835,9.139387559868e+017,0,1,市级,2,1,7,5656,32260,"(31471.0, 35000.0]"
华泰医药股份有限公司003836,9.131848e+017,0,1,市级,4,4,2,343434,22420,"(21364.0, 24660.0]"
联创机械集团有限公司003837,9.131991e+017,1,1,国家级,1,1,6,565656,30800,"(27972.0, 31471.0]"
星河网络集团有限公司003838,9.13925096e+017,0,0,省级,1,,,5656,26200,"(24660.0, 27972.0]"
宏达智能有限责任公司003839,9.1307e+017,0,0,省级,2,,7,565,29670,"(27972.0, 31471.0]"
博雅网络有限责任公司003840,9.1316334534210e+017,1,,,,5,1,676767,27930,"(24660.0, 27972.0]"
瑞丰材料有限责任公司003841,9.13043807e+017,1,1,国家级,1,,,-3434545,10380,"(7370.0, 10954.0]"
鼎盛机械股份有限公司003842,9.130723134e+017,0,1,市级,6,5,3,676767,5940,"(3780.0, 7370.0]"
嘉禾建设有限公司003843,9.1326e+017,0,0,县级,3,4,2,676767,12300,"(10954.0, 14480.0]"
华泰医药有限责任公司003844,9.138008174411707e+017,0,0,市级,,1,1,5656,12060,"(10954.0, 14480.0]"
永泰贸易有限责任公司003845,9.1341765e+017,0,0,国家级,2,1,5,-2323432,21300,"(17855.0, 21364.0]"
启明电子有限责任公司003846,9.1365248826523430e+017,,0,省级,3,2,5,5656,2500,"(49.999, 3780.0]"
华信贸易有限责任公司003847,9.13799581e+017,1,0,国家级,5,1,2,6767,27350,"(24660.0, 27972.0]"
鼎盛贸易有限责任公司003848,9.13838e+017,1,0,省级,1,4,3,565656,4890,"(3780.0, 7370.0]"
华信机械有限公司003849,9.13109e+017,1,0,县级,6,6,5,-3434545,480,"(49.999, 3780.0]"
鼎盛物流有限责任公司003850,9.1304211633401663e+017,0,0,省级,5,3,,676767,25400,"(24660.0, 27972.0]"
启明医药有限责任公司003851,9.137448531241e+017,1,1,国家级,,5,3,5656,23840,"(21364.0, 24660.0]"
华泰建设有限责任公司003852,9.1340014913e+017,0,1,省级,3,7,6,6767,34460,"(31471.0, 35000.0]"
中原材料有限责任公司003853,9.13435513649e+017,0,0,县级,1,7,3,565,31870,"(31471.0, 35000.0]"
博雅机械集团有限公司003854,9.13701492e+017,1,0,省级,6,2,7,565656,18060,"(17855.0, 21364.0]"
鼎盛化工有限公司003855,9.13636430e+017,1,1,县级,7,6,5,565656,990,"(49.999, 3780.0]"
中原装备有限公司003856,9.1312e+017,,1,国家级,4,1,3,-2323432,1910,"(49.999, 3780.0]"
永泰机械集团有限公司003857,9.1359470281e+017,1,0,市级,5,2,3,565656,8910,"(7370.0, 10954.0]"
启明贸易股份有限公司003858,9.13945288e+017,0,0,省级,1,6,7,5656,17880,"(17855.0, 21364.0]"
永泰贸易有限责任公司003859,9.137977298987e+017,0,0,县级,4,6,2,5656,19110,"(17855.0, 21364.0]"
盛世医药股份有限公司003860,9.138583e+017,0,0,国家级,2,7,3,5656,14920,"(14480.0, 17855.0]"
鼎盛材料集团有限公司003861,9.13806490028807e+017,0,0,国家级,1,2,,565,2000,"(49.999, 3780.0]"
宏达食品有限责任公司003862,9.138939e+017,0,1,县级,4,6,4,565,6360,"(3780.0, 7370.0]"
博雅能源股份有限公司003863,9.1372043934530395e+017,0,1,县级,3,2,6,565656,11030,"(10954.0, 14480.0]"
启明贸易有限责任公司003864,9.1336658e+017,0,0,国家级,,2,1,5656,27810,"(24660.0, 27972.0]"
中原生物有限责任公司003865,9.13884347585e+017,0,0,,4,2,4,-3434545,27870,"(24660.0, 27972.0]"
启明电子股份有限公司003866,9.131596543910510e+017,1,1,县级,6,4,3,6767,6010,"(3780.0, 7370.0]"
永泰医药有限公司003867,9.139931e+017,1,0,市级,2,3,7,5656,23170,"(21364.0, 24660.0]"
宏达材料有限责任公司003868,9.1357499816e+017,1,1,县级,7,,2,565,33140,"(31471.0, 35000.0]"
中原建设集团有限公司003869,9.13114625e+017,1,0,国家级,6,6,3,565,13630,"(10954.0, 14480.0]"
星河建设有限责任公司003870,9.1374804114e+017,1,1,省级,7,1,7,343434,11360,"(10954.0, 14480.0]"
启明建设集团有限公司003871,9.13246e+017,1,0,省级,3,3,1,6767,19050,"(17855.0, 21364.0]"
博雅能源有限公司003872,9.13889755e+017,1,1,省级,5,3,,6767,18310,"(17855.0, 21364.0]"
金鼎生物有限责任公司003873,9.1369202835287675e+017,1,1,国家级,7,5,4,565,28940,"(27972.0, 31471.0]"
嘉禾科技有限公司003874,9.1390765152035e+017,0,0,,1,7,4,565656,15660,"(14480.0, 17855.0]"
宏达贸易集团有限公司003875,9.13700698219290e+017,0,1,县级,5,5,,565,33250,"(31471.0, 35000.0]"
华信贸易有限责任公司003876,9.13774e+017,0,,县级,5,3,6,6767,22170,"(21364.0, 24660.0]"
宏达机械股份有限公司003877,9.1341521e+017,0,1,,1,2,5,565656,6970,"(3780.0, 7370.0]"
华泰材料集团有限公司003878,9.134568458616e+017,0,1,省级,,3,6,676767,32250,"(31471.0, 35000.0]"
嘉禾材料有限责任公司003879,9.131238673979e+017,,1,县级,6,1,7,565,11730,"(10954.0, 14480.0]"
鼎盛医药有限公司003880,9.135177e+017,1,0,县级,5,1,2,676767,27990,"(27972.0, 31471.0]"
盛世电子集团有限公司003881,9.13012827e+017,,1,省级,,5,7,565656,21360,"(17855.0, 21364.0]"
瑞丰贸易集团有限公司003882,9.1398e+017,0,0,市级,1,4,2,-2323432,10690,"(7370.0, 10954.0]"
盛世材料股份有限公司003883,9.135052935410e+017,1,0,,6,,6,6767,21260,"(17855.0, 21364.0]"
瑞丰信息有限公司003884,9.1334468023e+017,,0,县级,2,3,3,6767,11410,"(10954.0, 14480.0]"
金鼎能源有限公司003885,9.13590970e+017,1,0,国家级,7,,7,565,31200,"(27972.0, 31471.0]"
中原电子有限责任公司003886,9.13897096496545e+017,,0,国家级,,1,6,-3434545,31500,"(31471.0, 35000.0]"
创元生物有限公司003887,9.13897839e+017,0,0,,1,3,2,-2323432,11680,"(10954.0, 14480.0]"
宏达网络股份有限公司003888,9.130911914883e+017,1,0,市级,2,,,5656,33500,"(31471.0, 35000.0]"
盛世食品集团有限公司003889,9.13069e+017,0,1,国家级,6,5,5,565656,13950,"(10954.0, 14480.0]"
盛世机械股份有限公司003890,9.13953837792e+017,1,0,县级,3,3,4,565656,8050,"(7370.0, 10954.0]"
天成网络有限公司003891,9.1324e+017,,0,市级,4,,2,-2323432,15350,"(14480.0, 17855.0]"
华信物流有限公司003892,9.135967287e+017,,1,县级,3,5,7,6767,30300,"(27972.0, 31471.0]"
联创智能有限责任公司003893,9.13438077e+017,1,0,市级,,2,2,-2323432,26440,"(24660.0, 27972.0]"
华泰食品有限责任公司003894,9.13150795e+017,1,1,县级,3,5,6,-3434545,31080,"(27972.0, 31471.0]"
远航电子有限责任公司003895,9.134987e+017,1,1,市级,7,7,4,343434,17610,"(14480.0, 17855.0]"
金鼎网络有限公司003896,9.1303720e+017,1,0,国家级,7,5,,565656,7790,"(7370.0, 10954.0]"
创元材料有限公司003897,9.1364676376e+017,0,1,国家级,3,1,4,565,34090,"(31471.0, 35000.0]"
天成生物有限责任公司003898,9.133841e+017,1,1,市级,,2,7,565,26690,"(24660.0, 27972.0]"
金鼎材料有限公司003899,9.1356149e+017,1,0,,,1,5,5656,9440,"(7370.0, 10954.0]"
宏达医药有限责任公司003900,9.131170272935597e+017,0,1,,4,3,7,565656,2930,"(49.999, 3780.0]"
华信网络有限公司003901,9.1315598928e+017,0,1,省级,3,2,3,6767,24620,"(21364.0, 24660.0]"
华信网络股份有限公司003902,9.13541067585883e+017,1,1,国家级,2,3,,343434,12990,"(10954.0, 14480.0]"
启明物流集团有限公司003903,9.139542504e+017,0,0,,,4,,565656,31650,"(31471.0, 35000.0]"
启明环保有限责任公司003904,9.1347953433066e+017,1,1,省级,1,7,5,676767,1390,"(49.999, 3780.0]"
博雅智能有限公司003905,9.130258028e+017,1,0,市级,4,6,2,565,21850,"(21364.0, 24660.0]"
嘉禾化工有限责任公司003906,9.138646659352385e+017,1,0,省级,,5,4,565656,4840,"(3780.0, 7370.0]"
盛世纺织集团有限公司003907,9.13393250192e+017,0,0,县级,,1,6,565656,30880,"(27972.0, 31471.0]"
永泰装备有限公司003908,9.1380982053377531e+017,0,1,市级,7,6,,343434,13420,"(10954.0, 14480.0]"
远航科技有限公司003909,9.13742178783005e+017,1,1,省级,3,,4,565,10440,"(7370.0, 10954.0]"
鼎盛生物有限公司003910,9.1363e+017,,1,,5,2,5,6767,33590,"(31471.0, 35000.0]"
宏达生物集团有限公司003911,9.13810e+017,1,1,市级,7,3,7,676767,31340,"(27972.0, 31471.0]"
盛世电子有限责任公司003912,9.13097e+017,1,1,县级,,3,5,5656,29770,"(27972.0, 31471.0]"
星河医药有限责任公司003913,9.13276293e+017,0,,县级,6,4,,676767,18350,"(17855.0, 21364.0]"
远航物流股份有限公司003914,9.130315e+017,0,1,市级,,5,7,676767,23830,"(21364.0, 24660.0]"
天成建设集团有限公司003915,9.131838604e+017,,0,省级,1,,1,6767,1130,"(49.999, 3780.0]"
金鼎建设股份有限公司003916,9.135642458e+017,0,0,,5,2,5,6767,27370,"(24660.0, 27972.0]"
鼎盛纺织集团有限公司003917,9.1366053e+017,1,0,市级,3,,6,-2323432,4190,"(3780.0, 7370.0]"
永泰纺织有限公司003918,9.133579539e+017,1,1,市级,6,3,,6767,6640,"(3780.0, 7370.0]"
华信科技有限责任公司003919,9.13365319336e+017,1,0,市级,5,6,6,6767,33350,"(31471.0, 35000.0]"
永泰网络集团有限公司003920,9.135600101e+017,1,1,省级,,6,2,565,4160,"(3780.0, 7370.0]"
永泰网络股份有限公司003921,9.131889186359124e+017,,,省级,7,3,2,-2323432,5520,"(3780.0, 7370.0]"
创元材料有限责任公司003922,9.13710e+017,0,1,省级,2,,,565,11600,"(10954.0, 14480.0]"
嘉禾生物股份有限公司003923,9.1332002e+017,1,1,国家级,7,1,,565,28230,"(27972.0, 31471.0]"
中原材料有限公司003924,9.1350647566139611e+017,0,1,市级,5,5,,565,10020,"(7370.0, 10954.0]"
鼎盛物流有限责任公司003925,9.138546008118465e+017,0,0,国家级,1,,6,565656,1490,"(49.999, 3780.0]"
嘉禾电子集团有限公司003926,9.13314768463883e+017,1,1,省级,4,4,1,343434,34200,"(31471.0, 35000.0]"
金鼎智能有限责任公司003927,9.1328431295431303e+017,1,1,省级,5,3,7,-2323432,27930,"(24660.0, 27972.0]"
博雅机械有限责任公司003928,9.133311e+017,0,1,,7,4,6,565656,13330,"(10954.0, 14480.0]"
嘉禾电子有限责任公司003929,9.132059e+017,1,1,市级,4,5,5,6767,2140,"(49.999, 3780.0]"
金鼎信息有限公司003930,9.13832815957267e+017,1,1,县级,6,,,-2323432,9580,"(7370.0, 10954.0]"
创元信息集团有限公司003931,9.13635859e+017,0,0,市级,3,,4,5656,20300,"(17855.0, 21364.0]"
博雅食品有限责任公司003932,9.13551e+017,1,1,国家级,3,4,1,343434,5780,"(3780.0, 7370.0]"
金鼎电子有限公司003933,9.133548137e+017,0,,国家级,7,2,,-3434545,28730,"(27972.0, 31471.0]"
汇通信息有限公司003934,9.13695071e+017,,1,国家级,5,5,3,565,11720,"(10954.0, 14480.0]"
启明生物有限责任公司003935,9.1359790e+017,0,1,县级,4,,5,5656,6120,"(3780.0, 7370.0]"
金鼎能源有限公司003936,9.13059532508580e+017,1,1,省级,1,4,7,5656,30810,"(27972.0, 31471.0]"
华泰电子股份有限公司003937,9.1325976924658e+017,,1,,4,6,5,6767,33230,"(31471.0, 35000.0]"
星河建设集团有限公司003938,9.13539e+017,0,,国家级,1,4,3,565656,4620,"(3780.0, 7370.0]"
远航贸易有限公司003939,9.1329311e+017,0,0,省级,4,3,7,676767,960,"(49.999, 3780.0]"
创元食品股份有限公司003940,9.137079414282488e+017,,1,省级,1,4,,-2323432,4390,"(3780.0, 7370.0]"
瑞丰信息有限公司003941,9.13065953479576e+017,,0,,3,1,,343434,20170,"(17855.0, 21364.0]"
博雅机械股份有限公司003942,9.137122e+017,1,0,市级,,1,1,343434,9270,"(7370.0, 10954.0]"
金鼎网络有限责任公司003943,9.1314e+017,1,1,省级,5,5,5,5656,12930,"(10954.0, 14480.0]"
中原材料股份有限公司003944,9.13027759110724e+017,0,1,,7,6,4,676767,17700,"(14480.0, 17855.0]"
盛世电子股份有限公司003945,9.13385221976e+017,1,1,国家级,6,3,3,-2323432,17690,"(14480.0, 17855.0]"
鼎盛网络有限责任公司003946,9.13668051194725e+017,1,1,,4,4,1,6767,11430,"(10954.0, 14480.0]"
金鼎建设有限公司003947,9.133767e+017,0,,国家级,4,5,1,5656,28840,"(27972.0, 31471.0]"
瑞丰装备有限责任公司003948,9.13246e+017,0,0,市级,3,5,6,-3434545,17440,"(14480.0, 17855.0]"
宏达物流有限责任公司003949,9.1325603518373391e+017,1,,,6,5,7,-3434545,21380,"(21364.0, 24660.0]"
星河建设集团有限公司003950,9.130891409646642e+017,1,0,县级,,5,5,565,8580,"(7370.0, 10954.0]"
汇通纺织有限责任公司003951,9.13157499647e+017,0,1,国家级,6,1,,565656,25840,"(24660.0, 27972.0]"
瑞丰环保有限责任公司003952,9.1386111724789e+017,0,1,市级,,,2,343434,25010,"(24660.0, 27972.0]"
汇通网络有限公司003953,9.139895e+017,1,0,省级,7,6,,676767,150,"(49.999, 3780.0]"
汇通材料股份有限公司003954,9.13560267e+017,0,1,县级,1,5,1,343434,6800,"(3780.0, 7370.0]"
华信电子集团有限公司003955,9.1366009867800e+017,0,0,省级,4,5,5,-2323432,18490,"(17855.0, 21364.0]"
汇通医药有限公司003956,9.13540e+017,1,1,市级,2,3,1,343434,26580,"(24660.0, 27972.0]"
远航纺织股份有限公司003957,9.1309415863195e+017,0,1,国家级,5,2,5,6767,14340,"(10954.0, 14480.0]"
创元电子集团有限公司003958,9.1387276511402007e+017,0,0,市级,3,1,5,565656,28190,"(27972.0, 31471.0]"
华泰材料有限公司003959,9.13341062e+017,1,1,省级,4,4,5,565656,4780,"(3780.0, 7370.0]"
启明信息集团有限公司003960,9.13481564e+017,0,0,县级,6,,,-3434545,18090,"(17855.0, 21364.0]"
远航信息股份有限公司003961,9.131955146230137e+017,0,0,县级,,1,,-3434545,4210,"(3780.0, 7370.0]"
远航机械有限公司003962,9.13436e+017,1,1,县级,2,5,1,6767,31100,"(27972.0, 31471.0]"
天成环保集团有限公司003963,9.1397189331947e+017,0,1,市级,3,4,7,-2323432,25740,"(24660.0, 27972.0]"
远航网络有限公司003964,9.135168621243e+017,0,0,县级,4,5,7,6767,3850,"(3780.0, 7370.0]"
华信材料有限责任公司003965,9.1342968945729e+017,1,,国家级,3,6,6,-2323432,28120,"(27972.0, 31471.0]"
汇通医药集团有限公司003966,9.1309713738849e+017,1,0,市级,7,4,2,565,13330,"(10954.0, 14480.0]"
汇通医药有限责任公司003967,9.130948326e+017,0,1,县级,5,6,6,565656,19120,"(17855.0, 21364.0]"
鼎盛纺织股份有限公司003968,9.133405829097046e+017,0,1,市级,7,7,4,565,18140,"(17855.0, 21364.0]"
远航环保有限公司003969,9.1399e+017,1,1,国家级,,6,3,565656,26110,"(24660.0, 27972.0]"
永泰电子股份有限公司003970,9.130029809e+017,1,1,市级,6,1,4,343434,11170,"(10954.0, 14480.0]"
联创装备集团有限公司003971,9.1389e+017,1,0,省级,6,5,7,5656,14340,"(10954.0, 14480.0]"
创元材料股份有限公司003972,9.13199e+017,1,0,县级,3,4,2,343434,22440,"(21364.0, 24660.0]"
联创贸易集团有限公司003973,9.13142276903e+017,1,1,省级,7,1,,6767,1270,"(49.999, 3780.0]"
创元化工集团有限公司003974,9.13773023603e+017,0,0,县级,7,7,3,-3434545,10500,"(7370.0, 10954.0]"
盛世材料股份有限公司003975,9.13718887494423e+017,0,,国家级,1,7,,565656,1520,"(49.999, 3780.0]"
华泰贸易股份有限公司003976,9.138326704569876e+017,0,1,县级,,,6,6767,29910,"(27972.0, 31471.0]"
宏达生物股份有限公司003977,9.1356e+017,1,0,国家级,2,1,7,565656,25090,"(24660.0, 27972.0]"
博雅纺织有限公司003978,9.131088870344e+017,1,0,县级,6,2,2,676767,5600,"(3780.0, 7370.0]"
盛世能源有限责任公司003979,9.1368568389050e+017,1,1,县级,7,6,3,565656,16090,"(14480.0, 17855.0]"
永泰建设集团有限公司003980,9.13400639249e+017,1,,国家级,4,,,676767,23270,"(21364.0, 24660.0]"
瑞丰智能有限责任公司003981,9.13775e+017,1,1,市级,5,6,4,343434,22630,"(21364.0, 24660.0]"
宏达化工有限公司003982,9.132457951e+017,,1,省级,,3,7,565656,17820,"(14480.0, 17855.0]"
鼎盛食品有限责任公司003983,9.136519e+017,1,0,省级,,3,2,5656,7470,"(7370.0, 10954.0]"
盛世物流股份有限公司003984,9.137663428332e+017,0,0,省级,2,1,7,676767,140,"(49.999, 3780.0]"
金鼎化工有限公司003985,9.13540968e+017,0,,国家级,,,5,6767,34860,"(31471.0, 35000.0]"
华泰生物集团有限公司003986,9.13819571e+017,1,1,,4,,5,-2323432,26420,"(24660.0, 27972.0]"
华泰环保股份有限公司003987,9.130177273e+017,0,0,县级,2,7,7,343434,25690,"(24660.0, 27972.0]"
鼎盛贸易有限责任公司003988,9.1327838164537661e+017,1,,省级,1,,7,6767,9370,"(7370.0, 10954.0]"
远航网络集团有限公司003989,9.137541095975685e+017,1,1,国家级,3,,4,565,3930,"(3780.0, 7370.0]"
嘉禾食品有限公司003990,9.1397848389392428e+017,,0,省级,3,5,7,676767,1170,"(49.999, 3780.0]"
联创医药有限公司003991,9.1350357e+017,1,1,国家级,5,2,4,676767,22170,"(21364.0, 24660.0]"
金鼎纺织有限责任公司003992,9.13988e+017,1,0,省级,7,5,4,565,10770,"(7370.0, 10954.0]"
瑞丰化工股份有限公司003993,9.1302768067048038e+017,0,0,国家级,4,2,,-2323432,12040,"(10954.0, 14480.0]"
鼎盛纺织集团有限公司003994,9.1390e+017,1,0,国家级,7,6,4,-2323432,3200,"(49.999, 3780.0]"
宏达信息有限公司003995,9.136296629231e+017,0,0,县级,2,4,,-3434545,32580,"(31471.0, 35000.0]"
联创信息股份有限公司003996,9.13346893918521e+017,1,1,省级,2,2,2,676767,13210,"(10954.0, 14480.0]"
嘉禾贸易有限责任公司003997,9.13289594211e+017,1,1,县级,5,,2,-2323432,32950,"(31471.0, 35000.0]"
启明建设集团有限公司003998,9.1301818140729e+017,1,,,7,7,5,565656,32250,"(31471.0, 35000.0]"
联创能源股份有限公司003999,9.13339871409e+017,,1,省级,,7,6,-2323432,33160,"(31471.0, 35000.0]"
华信能源股份有限公司004000,9.1327763115136651e+017,,1,国家级,2,3,,676767,33560,"(31471.0, 35000.0]"
汇通信息有限责任公司004001,9.13612406293e+017,1,1,,5,2,6,565,27150,"(24660.0, 27972.0]"
星河信息集团有限公司004002,9.134188946958e+017,1,0,县级,4,4,4,5656,7020,"(3780.0, 7370.0]"
汇通装备集团有限公司004003,9.13105215627831e+017,0,1,省级,3,2,,565656,2800,"(49.999, 3780.0]"
汇通信息有限责任公司004004,9.1377e+017,,1,县级,4,4,1,343434,560,"(49.999, 3780.0]"
华信纺织有限公司004005,9.139120464e+017,1,0,国家级,3,7,6,565656,30430,"(27972.0, 31471.0]"
中原机械有限公司004006,9.1357520724863113e+017,1,0,国家级,3,4,7,5656,29290,"(27972.0, 31471.0]"
金鼎医药股份有限公司004007,9.134069722572e+017,0,0,县级,1,2,1,5656,32760,"(31471.0, 35000.0]"
鼎盛环保股份有限公司004008,9.13771653e+017,1,1,市级,7,3,4,-2323432,2650,"(49.999, 3780.0]"
启明材料股份有限公司004009,9.13097632923e+017,1,0,市级,3,1,1,676767,20470,"(17855.0, 21364.0]"
博雅机械有限公司004010,9.136328316826e+017,0,0,县级,6,3,3,-3434545,10050,"(7370.0, 10954.0]"
星河化工有限公司004011,9.133174274489e+017,0,0,市级,1,1,2,5656,20590,"(17855.0, 21364.0]"
天成化工有限责任公司004012,9.13610828834e+017,1,0,市级,2,,,-3434545,13320,"(10954.0, 14480.0]"
博雅食品有限公司004013,9.139826810e+017,1,1,国家级,6,7,2,-2323432,13390,"(10954.0, 14480.0]"
鼎盛能源有限责任公司004014,9.13373234290004e+017,1,1,市级,2,1,,6767,30540,"(27972.0, 31471.0]"
宏达环保有限公司004015,9.1352336314546e+017,0,0,市级,4,5,4,343434,33060,"(31471.0, 35000.0]"
中原电子有限公司004016,9.1342100062182358e+017,1,0,县级,7,4,4,676767,3380,"(49.999, 3780.0]"
盛世智能股份有限公司004017,9.1364570269e+017,0,0,市级,1,6,,6767,11480,"(10954.0, 14480.0]"
天成化工集团有限公司004018,9.133847623e+017,1,0,县级,4,3,1,565656,28420,"(27972.0, 31471.0]"
远航能源有限责任公司004019,9.1395139475e+017,1,1,县级,1,7,6,565656,16790,"(14480.0, 17855.0]"
永泰能源有限公司004020,9.13062772711356e+017,1,1,国家级,6,1,2,565656,20520,"(17855.0, 21364.0]"
瑞丰建设股份有限公司004021,9.13900683e+017,0,0,国家级,2,1,2,6767,4910,"(3780.0, 7370.0]"
启明生物有限责任公司004022,9.133065633536e+017,1,0,省级,,1,,343434,720,"(49.999, 3780.0]"
中原机械有限公司004023,9.1306750e+017,0,1,市级,6,4,,565,9010,"(7370.0, 10954.0]"
中原能源有限公司004024,9.136529526e+017,0,0,,6,5,1,-2323432,15760,"(14480.0, 17855.0]"
宏达建设股份有限公司004025,9.13019567731884e+017,0,1,,4,4,,6767,110,"(49.999, 3780.0]"
启明材料集团有限公司004026,9.135829438002e+017,,0,国家级,,3,3,565,8330,"(7370.0, 10954.0]"
盛世信息有限公司004027,9.13326e+017,1,0,市级,2,6,6,565656,28090,"(27972.0, 31471.0]"
永泰物流集团有限公司004028,9.138552799366254e+017,0,0,国家级,6,7,4,565,14770,"(14480.0, 17855.0]"
华泰纺织股份有限公司004029,9.1307818e+017,0,1,国家级,6,,1,676767,27710,"(24660.0, 27972.0]"
永泰贸易有限公司004030,9.13552e+017,,1,省级,3,6,5,-3434545,28580,"(27972.0, 31471.0]"
创元智能股份有限公司004031,9.1358238144e+017,0,1,国家级,2,1,7,-2323432,33220,"(31471.0, 35000.0]"
盛世物流集团有限公司004032,9.132959e+017,0,1,,3,2,7,-3434545,31160,"(27972.0, 31471.0]"
瑞丰生物股份有限公司004033,9.139657146847e+017,0,1,,4,,7,343434,1960,"(49.999, 3780.0]"
创元化工集团有限公司004034,9.13727301408e+017,,,市级,5,6,6,565656,5060,"(3780.0, 7370.0]"
汇通建设集团有限公司004035,9.13798853396e+017,0,0,县级,4,3,6,6767,16410,"(14480.0, 17855.0]"
创元建设股份有限公司004036,9.1359709321418e+017,0,1,县级,7,4,4,-2323432,4620,"(3780.0, 7370.0]"
博雅智能集团有限公司004037,9.13215438e+017,,1,省级,1,3,1,-3434545,18200,"(17855.0, 21364.0]"
嘉禾科技股份有限公司004038,9.134922604217254e+017,,,省级,6,7,,676767,17770,"(14480.0, 17855.0]"
汇通纺织股份有限公司004039,9.1313538990969594e+017,1,0,,6,,2,-2323432,17690,"(14480.0, 17855.0]"
汇通信息股份有限公司004040,9.134074991155390e+017,0,1,市级,6,4,7,-3434545,3310,"(49.999, 3780.0]"
博雅贸易有限公司004041,9.13508661091650e+017,1,0,国家级,6,6,,-2323432,33160,"(31471.0, 35000.0]"
创元环保集团有限公司004042,9.13626533656436e+017,1,0,市级,3,,5,6767,4820,"(3780.0, 7370.0]"
创元电子有限公司004043,9.136880728e+017,1,0,,7,2,6,343434,10030,"(7370.0, 10954.0]"
天成物流有限公司004044,9.1331450411582e+017,0,1,县级,5,6,1,-2323432,31120,"(27972.0, 31471.0]"
天成食品有限公司004045,9.132856255e+017,0,0,县级,2,,4,343434,4830,"(3780.0, 7370.0]"
华泰网络有限责任公司004046,9.139552122e+017,0,1,,7,,5,565,28190,"(27972.0, 31471.0]"
瑞丰装备股份有限公司004047,9.136269142e+017,0,0,国家级,6,1,6,565656,32970,"(31471.0, 35000.0]"
华信材料有限公司004048,9.131234893236e+017,1,0,国家级,4,3,3,5656,10190,"(7370.0, 10954.0]"
金鼎生物有限公司004049,9.13946613030e+017,0,1,,3,,6,-3434545,17700,"(14480.0, 17855.0]"
天成生物股份有限公司004050,9.1301213305e+017,1,1,市级,1,3,2,676767,27060,"(24660.0, 27972.0]"
永泰纺织有限责任公司004051,9.13682385e+017,1,0,省级,4,,7,565,17800,"(14480.0, 17855.0]"
金鼎智能股份有限公司004052,9.139266509e+017,0,0,,1,3,5,5656,26460,"(24660.0, 27972.0]"
金鼎材料有限公司004053,9.13328311103974e+017,1,1,市级,2,1,2,565,6280,"(3780.0, 7370.0]"
创元建设股份有限公司004054,9.13028e+017,0,1,县级,4,1,1,343434,32710,"(31471.0, 35000.0]"
鼎盛信息有限公司004055,9.135878e+017,0,0,省级,4,6,1,565656,1330,"(49.999, 3780.0]"
星河食品有限公司004056,9.13245864e+017,0,0,省级,1,7,,565,16040,"(14480.0, 17855.0]"
华泰纺织集团有限公司004057,9.13534747464e+017,0,0,市级,2,4,2,343434,930,"(49.999, 3780.0]"
瑞丰化工有限公司004058,9.1360e+017,0,0,县级,,3,5,343434,13690,"(10954.0, 14480.0]"
金鼎医药集团有限公司004059,9.13675e+017,0,0,国家级,2,6,,5656,1220,"(49.999, 3780.0]"
鼎盛贸易有限责任公司004060,9.137754481e+017,1,,县级,4,5,3,343434,2610,"(49.999, 3780.0]"
天成电子集团有限公司004061,9.1340e+017,1,1,,3,2,4,6767,24410,"(21364.0, 24660.0]"
瑞丰物流有限公司004062,9.13744940136e+017,0,0,,4,3,6,-2323432,15690,"(14480.0, 17855.0]"
永泰纺织有限公司004063,9.135620e+017,0,0,,,,,-2323432,22110,"(21364.0, 24660.0]"
瑞丰材料集团有限公司004064,9.13658e+017,1,,,3,5,,6767,13730,"(10954.0, 14480.0]"
星河机械股份有限公司004065,9.1312963115e+017,1,1,县级,6,2,6,5656,970,"(49.999, 3780.0]"
鼎盛纺织有限责任公司004066,9.137502615861861e+017,0,,县级,2,,,676767,14570,"(14480.0, 17855.0]"
华泰机械有限责任公司004067,9.1395973786265911e+017,1,1,,7,5,5,6767,17010,"(14480.0, 17855.0]"
博雅贸易股份有限公司004068,9.136380e+017,1,1,,6,6,5,565656,770,"(49.999, 3780.0]"
宏达科技股份有限公司004069,9.13807894e+017,0,1,国家级,2,7,6,565656,32070,"(31471.0, 35000.0]"
永泰医药有限责任公司004070,9.136224644287223e+017,0,0,市级,5,4,5,-2323432,31410,"(27972.0, 31471.0]"
中原医药有限责任公司004071,9.1304953640352703e+017,,1,国家级,1,1,5,6767,21700,"(21364.0, 24660.0]"
博雅机械有限公司004072,9.130089e+017,1,0,省级,4,5,5,6767,28390,"(27972.0, 31471.0]"
星河环保有限公司004073,9.139765794105031e+017,1,0,县级,5,,5,565656,35000,"(31471.0, 35000.0]"
联创食品有限责任公司004074,9.13675063447e+017,0,1,县级,5,2,5,565656,12200,"(10954.0, 14480.0]"
博雅环保有限责任公司004075,9.1312220387673842e+017,0,1,,4,3,1,343434,5030,"(3780.0, 7370.0]"
远航环保股份有限公司004076,9.1353402926673167e+017,,0,市级,,6,6,343434,30440,"(27972.0, 31471.0]"
创元信息有限公司004077,9.13870e+017,1,1,,6,6,2,565656,18630,"(17855.0, 21364.0]"
华信医药集团有限公司004078,9.1381086044159e+017,0,,国家级,1,1,6,565,28760,"(27972.0, 31471.0]"
宏达纺织有限公司004079,9.135974333434118e+017,0,1,国家级,5,5,3,565,8720,"(7370.0, 10954.0]"
瑞丰信息集团有限公司004080,9.1322e+017,0,1,县级,5,6,,676767,24050,"(21364.0, 24660.0]"
创元物流集团有限公司004081,9.13184180717809e+017,1,1,国家级,6,3,3,676767,16030,"(14480.0, 17855.0]"
启明食品有限公司004082,9.13556517394e+017,0,0,县级,2,3,,343434,8140,"(7370.0, 10954.0]"
博雅建设有限责任公司004083,9.134708541244e+017,1,1,国家级,5,3,2,-3434545,15390,"(14480.0, 17855.0]"
博雅电子有限责任公司004084,9.13929579e+017,1,0,,,6,3,676767,7870,"(7370.0, 10954.0]"
瑞丰化工股份有限公司004085,9.13516663031e+017,1,0,县级,,2,2,565,5370,"(3780.0, 7370.0]"
鼎盛材料股份有限公司004086,9.1300040839e+017,0,1,县级,6,7,1,6767,27650,"(24660.0, 27972.0]"
启明医药股份有限公司004087,9.13035e+017,1,1,县级,4,5,3,565656,22550,"(21364.0, 24660.0]"
创元物流集团有限公司004088,9.131358870432080e+017,1,1,,2,4,3,5656,14410,"(10954.0, 14480.0]"
天成信息有限责任公司004089,9.1371e+017,1,0,县级,3,7,2,-3434545,26670,"(24660.0, 27972.0]"
鼎盛电子集团有限公司004090,9.1324586134e+017,1,1,,1,1,3,6767,13990,"(10954.0, 14480.0]"
博雅机械有限责任公司004091,9.1388067e+017,1,0,省级,5,,2,5656,21940,"(21364.0, 24660.0]"
金鼎材料集团有限公司004092,9.135128337079003e+017,0,1,县级,5,7,2,676767,3900,"(3780.0, 7370.0]"
汇通信息有限公司004093,9.131478415235e+017,0,0,,1,2,,565,11430,"(10954.0, 14480.0]"
永泰物流有限责任公司004094,9.1327e+017,1,0,省级,7,5,,6767,16300,"(14480.0, 17855.0]"
天成建设股份有限公司004095,9.139420e+017,1,1,,7,4,6,343434,14360,"(10954.0, 14480.0]"
启明电子集团有限公司004096,9.13788571012e+017,1,1,县级,,1,3,343434,28930,"(27972.0, 31471.0]"
华信信息有限公司004097,9.1397013150806272e+017,1,0,省级,4,5,,6767,33200,"(31471.0, 35000.0]"
星河纺织有限公司004098,9.131268213342374e+017,0,1,省级,2,2,,6767,8460,"(7370.0, 10954.0]"
中原网络有限责任公司004099,9.1397242e+017,0,0,县级,2,5,,-2323432,15850,"(14480.0, 17855.0]"
启明信息股份有限公司004100,9.13436e+017,1,0,,4,2,4,6767,21720,"(21364.0, 24660.0]"
中原科技有限责任公司004101,9.133679208945e+017,1,0,国家级,5,,7,-3434545,14790,"(14480.0, 17855.0]"
华信装备有限公司004102,9.13363e+017,1,0,县级,4,1,5,6767,17490,"(14480.0, 17855.0]"
盛世能源有限责任公司004103,9.1394827168213385e+017,0,1,国家级,2,5,2,676767,18950,"(17855.0, 21364.0]"
嘉禾物流股份有限公司004104,9.13534337479e+017,1,1,,,3,4,-3434545,2110,"(49.999, 3780.0]"
星河贸易股份有限公司004105,9.1347438e+017,0,0,县级,2,,2,565,33770,"(31471.0, 35000.0]"
盛世生物股份有限公司004106,9.13904806067924e+017,1,0,省级,3,,3,6767,4510,"(3780.0, 7370.0]"
远航环保有限责任公司004107,9.1309434747979782e+017,1,1,市级,1,7,3,676767,22380,"(21364.0, 24660.0]"
瑞丰装备集团有限公司004108,9.13039395498e+017,0,0,省级,1,1,6,565656,4560,"(3780.0, 7370.0]"
永泰智能有限责任公司004109,9.134904184e+017,1,1,国家级,4,4,6,5656,26890,"(24660.0, 27972.0]"
瑞丰化工股份有限公司004110,9.13701e+017,1,0,县级,4,2,7,6767,33610,"(31471.0, 35000.0]"
远航能源股份有限公司004111,9.1346459445004e+017,0,1,县级,6,7,,-3434545,8530,"(7370.0, 10954.0]"
汇通物流有限责任公司004112,9.139926e+017,1,,县级,2,1,5,6767,10890,"(7370.0, 10954.0]"
中原贸易股份有限公司004113,9.137476851932e+017,1,1,国家级,,,6,6767,10370,"(7370.0, 10954.0]"
金鼎电子有限公司004114,9.1399376970e+017,1,1,县级,5,6,5,565,20900,"(17855.0, 21364.0]"
创元装备有限公司004115,9.13172228e+017,,1,省级,5,7,6,-3434545,15760,"(14480.0, 17855.0]"
远航化工集团有限公司004116,9.1340216e+017,1,1,,2,5,5,676767,4400,"(3780.0, 7370.0]"
嘉禾网络集团有限公司004117,9.139432e+017,0,1,国家级,3,2,5,6767,12410,"(10954.0, 14480.0]"
华信生物有限公司004118,9.130540e+017,1,1,国家级,2,3,,565,22670,"(21364.0, 24660.0]"
宏达信息有限公司004119,9.13004552e+017,1,1,县级,1,6,,5656,16600,"(14480.0, 17855.0]"
远航贸易有限公司004120,9.1369630956755e+017,0,1,县级,4,4,5,565,10240,"(7370.0, 10954.0]"
金鼎建设股份有限公司004121,9.13628691e+017,,1,县级,6,5,1,676767,9580,"(7370.0, 10954.0]"
中原材料股份有限公司004122,9.13053767e+017,0,0,国家级,3,4,4,6767,4390,"(3780.0, 7370.0]"
星河科技股份有限公司004123,9.1393412148851e+017,1,1,市级,7,6,2,-3434545,16590,"(14480.0, 17855.0]"
华信信息集团有限公司004124,9.13420512532206e+017,0,1,国家级,4,4,4,676767,3470,"(49.999, 3780.0]"
博雅物流有限责任公司004125,9.1320e+017,,0,省级,4,1,3,5656,28230,"(27972.0, 31471.0]"
联创科技有限责任公司004126,9.1372954e+017,0,0,市级,2,6,3,343434,33960,"(31471.0, 35000.0]"
鼎盛纺织集团有限公司004127,9.1365408004e+017,0,1,,,,6,5656,28520,"(27972.0, 31471.0]"
金鼎贸易有限责任公司004128,9.131369565656e+017,1,,国家级,6,3,1,-3434545,1900,"(49.999, 3780.0]"
启明纺织有限责任公司004129,9.13464e+017,,1,市级,3,,4,343434,25030,"(24660.0, 27972.0]"
远航贸易有限责任公司004130,9.1396626489e+017,1,0,省级,1,2,,-3434545,18730,"(17855.0, 21364.0]"
天成医药股份有限公司004131,9.1306496219765886e+017,0,0,省级,6,4,5,343434,14080,"(10954.0, 14480.0]"
博雅装备有限公司004132,9.1341684061573e+017,1,,国家级,6,2,5,676767,19560,"(17855.0, 21364.0]"
启明建设集团有限公司004133,9.13413e+017,1,0,省级,7,1,,-2323432,17570,"(14480.0, 17855.0]"
中原医药集团有限公司004134,9.13506e+017,1,1,,,5,6,565656,1070,"(49.999, 3780.0]"
华泰物流集团有限公司004135,9.1370839715348713e+017,1,0,省级,1,1,7,-3434545,21250,"(17855.0, 21364.0]"
天成网络集团有限公司004136,9.1357650074491422e+017,0,1,国家级,6,1,3,565,15370,"(14480.0, 17855.0]"
天成机械有限责任公司004137,9.1398e+017,1,0,,1,5,6,-2323432,3530,"(49.999, 3780.0]"
嘉禾信息股份有限公司004138,9.13069e+017,1,1,国家级,,4,5,-3434545,11790,"(10954.0, 14480.0]"
鼎盛能源有限公司004139,9.13771813061e+017,,1,市级,7,6,4,343434,25480,"(24660.0, 27972.0]"
启明装备有限责任公司004140,9.139945311029036e+017,1,,县级,5,4,,676767,27520,"(24660.0, 27972.0]"
联创生物股份有限公司004141,9.131113278582e+017,,1,国家级,5,4,7,6767,21790,"(21364.0, 24660.0]"
鼎盛建设集团有限公司004142,9.1362498724958069e+017,1,,省级,,1,5,-3434545,27950,"(24660.0, 27972.0]"
华泰装备有限公司004143,9.1354915e+017,1,1,国家级,,5,5,565,8820,"(7370.0, 10954.0]"
星河食品股份有限公司004144,9.13330665562e+017,0,0,国家级,3,6,,-2323432,27180,"(24660.0, 27972.0]"
永泰贸易股份有限公司004145,9.1300e+017,,1,国家级,2,7,5,565,30410,"(27972.0, 31471.0]"
瑞丰生物股份有限公司004146,9.133146010475753e+017,0,0,国家级,1,7,7,565656,26350,"(24660.0, 27972.0]"
创元纺织股份有限公司004147,9.13282897585512e+017,0,1,,,1,5,676767,14410,"(10954.0, 14480.0]"
远航食品有限公司004148,9.1336366205704e+017,0,1,国家级,3,4,6,6767,20810,"(17855.0, 21364.0]"
启明生物有限公司004149,9.1399017e+017,1,1,,4,1,2,565656,15830,"(14480.0, 17855.0]"
汇通能源集团有限公司004150,9.13241254960133e+017,1,1,省级,,7,2,343434,20670,"(17855.0, 21364.0]"
中原装备有限责任公司004151,9.1367194712509e+017,0,0,,5,1,4,5656,33710,"(31471.0, 35000.0]"
中原智能有限责任公司004152,9.1361e+017,1,0,省级,6,7,4,5656,11660,"(10954.0, 14480.0]"
嘉禾贸易有限责任公司004153,9.1371e+017,1,0,国家级,4,3,7,343434,24950,"(24660.0, 27972.0]"
华信机械有限公司004154,9.130468715612206e+017,1,,市级,3,5,5,-3434545,9270,"(7370.0, 10954.0]"
盛世环保有限责任公司004155,9.1305723647e+017,1,0,国家级,4,3,4,5656,14980,"(14480.0, 17855.0]"
盛世物流有限公司004156,9.13822248845819e+017,1,0,,,3,6,343434,8220,"(7370.0, 10954.0]"
嘉禾网络集团有限公司004157,9.1355135327592351e+017,,0,县级,7,,4,565656,20550,"(17855.0, 21364.0]"
嘉禾科技集团有限公司004158,9.133866470986e+017,0,1,省级,5,6,3,-3434545,20570,"(17855.0, 21364.0]"
远航机械有限公司004159,9.131722580397e+017,0,0,省级,6,6,,5656,3090,"(49.999, 3780.0]"
盛世装备有限责任公司004160,9.130136622063360e+017,1,0,县级,7,3,7,565,19150,"(17855.0, 21364.0]"
宏达装备有限公司004161,9.1353081695787230e+017,1,1,,7,3,2,-3434545,29990,"(27972.0, 31471.0]"
华泰环保股份有限公司004162,9.13815921816977e+017,1,1,市级,1,,1,565,21910,"(21364.0, 24660.0]"
鼎盛化工集团有限公司004163,9.13648e+017,1,0,,1,4,5,-2323432,20560,"(17855.0, 21364.0]"
天成化工有限公司004164,9.130053e+017,0,1,国家级,2,3,1,565656,12270,"(10954.0, 14480.0]"
华泰化工有限责任公司004165,9.13190174993837e+017,1,1,市级,7,6,5,565656,11960,"(10954.0, 14480.0]"
天成网络股份有限公司004166,9.136959534107443e+017,0,0,国家级,5,6,1,-2323432,5980,"(3780.0, 7370.0]"
博雅网络集团有限公司004167,9.139605396e+017,0,1,市级,7,5,5,6767,12420,"(10954.0, 14480.0]"
远航智能股份有限公司004168,9.13243714082e+017,1,0,省级,5,7,2,343434,9920,"(7370.0, 10954.0]"
金鼎物流有限责任公司004169,9.135030e+017,0,1,市级,3,3,,565656,12290,"(10954.0, 14480.0]"
远航科技股份有限公司004170,9.13268111041e+017,1,0,市级,7,1,3,5656,24540,"(21364.0, 24660.0]"
汇通材料有限责任公司004171,9.130190848539313e+017,1,,县级,3,4,6,565,30020,"(27972.0, 31471.0]"
永泰纺织有限公司004172,9.130250226652e+017,0,1,国家级,2,3,,343434,9420,"(7370.0, 10954.0]"
鼎盛信息有限责任公司004173,9.1344132207e+017,,1,县级,2,3,7,6767,10810,"(7370.0, 10954.0]"
星河食品有限公司004174,9.1329221426484e+017,1,1,县级,5,5,,343434,14510,"(14480.0, 17855.0]"
嘉禾能源有限责任公司004175,9.1318845243e+017,1,1,市级,,1,5,5656,19900,"(17855.0, 21364.0]"
华泰装备有限公司004176,9.1340e+017,1,0,市级,,4,1,343434,22150,"(21364.0, 24660.0]"
联创化工集团有限公司004177,9.1314576e+017,0,0,省级,3,6,3,565,600,"(49.999, 3780.0]"
博雅食品股份有限公司004178,9.13179328586427e+017,0,1,国家级,3,5,1,676767,30570,"(27972.0, 31471.0]"
汇通网络集团有限公司004179,9.13473198740e+017,1,1,县级,5,2,4,676767,4220,"(3780.0, 7370.0]"
盛世机械有限责任公司004180,9.13175261422e+017,0,0,县级,7,,7,-2323432,16560,"(14480.0, 17855.0]"
瑞丰智能有限公司004181,9.1326349607085194e+017,0,0,,4,2,,-3434545,8240,"(7370.0, 10954.0]"
星河信息集团有限公司004182,9.1322e+017,0,1,市级,2,1,3,676767,23310,"(21364.0, 24660.0]"
创元能源股份有限公司004183,9.1317035480719993e+017,0,,,5,,1,-3434545,29510,"(27972.0, 31471.0]"
天成智能股份有限公司004184,9.1314132704391e+017,1,,,,3,6,343434,21510,"(21364.0, 24660.0]"
博雅贸易股份有限公司004185,9.136359729e+017,0,0,省级,,2,4,6767,3700,"(49.999, 3780.0]"
嘉禾化工有限责任公司004186,9.13149497469e+017,0,1,县级,5,3,5,-2323432,21220,"(17855.0, 21364.0]"
永泰装备有限公司004187,9.13890729e+017,0,0,县级,1,7,3,-3434545,9270,"(7370.0, 10954.0]"
博雅贸易股份有限公司004188,9.1344312e+017,0,1,国家级,1,,3,565656,32370,"(31471.0, 35000.0]"
金鼎化工集团有限公司004189,9.137007625996e+017,0,1,县级,5,6,5,565,26590,"(24660.0, 27972.0]"
盛世化工集团有限公司004190,9.1333319333e+017,0,1,国家级,2,5,5,676767,20250,"(17855.0, 21364.0]"
星河物流有限责任公司004191,9.130675201e+017,,0,市级,4,7,7,5656,6720,"(3780.0, 7370.0]"
星河化工有限责任公司004192,9.132720e+017,1,0,国家级,3,5,5,565,16160,"(14480.0, 17855.0]"
华泰网络有限公司004193,9.1380e+017,,0,市级,3,4,7,-3434545,19530,"(17855.0, 21364.0]"
创元网络有限责任公司004194,9.138497e+017,0,1,县级,2,3,5,343434,27630,"(24660.0, 27972.0]"
嘉禾贸易有限责任公司004195,9.1391579561957e+017,0,1,市级,,5,6,-2323432,430,"(49.999, 3780.0]"
鼎盛科技有限责任公司004196,9.1388538e+017,0,0,省级,7,4,6,6767,20100,"(17855.0, 21364.0]"
嘉禾信息有限责任公司004197,9.1302e+017,0,1,省级,4,,7,-2323432,31830,"(31471.0, 35000.0]"
远航网络有限公司004198,9.135886915030913e+017,,0,县级,6,2,3,-2323432,18150,"(17855.0, 21364.0]"
华泰能源有限责任公司004199,9.138944143725984e+017,1,0,,1,2,4,6767,32190,"(31471.0, 35000.0]"
联创电子有限责任公司004200,9.1360e+017,1,0,国家级,7,3,1,676767,7210,"(3780.0, 7370.0]"
华信智能集团有限公司004201,9.1373922e+017,0,0,,7,6,6,-3434545,18810,"(17855.0, 21364.0]"
联创环保集团有限公司004202,9.1380781216049e+017,0,0,县级,7,,4,-2323432,1710,"(49.999, 3780.0]"
永泰机械集团有限公司004203,9.13711351e+017,0,0,市级,1,5,1,343434,22430,"(21364.0, 24660.0]"
永泰纺织有限公司004204,9.137140692e+017,1,0,省级,4,2,5,565656,28970,"(27972.0, 31471.0]"
远航医药股份有限公司004205,9.1331310855e+017,,0,市级,2,3,2,565,32950,"(31471.0, 35000.0]"
盛世生物股份有限公司004206,9.13702601e+017,1,1,市级,1,4,2,565,17540,"(14480.0, 17855.0]"
鼎盛能源有限责任公司004207,9.134153053863772e+017,1,0,国家级,7,,3,5656,27630,"(24660.0, 27972.0]"
联创能源有限公司004208,9.138694383740255e+017,0,1,国家级,7,5,2,676767,31730,"(31471.0, 35000.0]"
启明生物集团有限公司004209,9.1351660e+017,1,1,县级,6,2,3,565656,16820,"(14480.0, 17855.0]"
华泰物流股份有限公司004210,9.13320e+017,0,0,县级,5,7,6,565656,15860,"(14480.0, 17855.0]"
永泰智能有限公司004211,9.13568188195e+017,1,1,市级,2,6,,5656,6590,"(3780.0, 7370.0]"
金鼎生物集团有限公司004212,9.130924500496870e+017,0,0,省级,1,,5,565656,3160,"(49.999, 3780.0]"
天成医药有限责任公司004213,9.1329506e+017,1,0,市级,7,1,,343434,17950,"(17855.0, 21364.0]"
鼎盛科技集团有限公司004214,9.1398e+017,0,1,国家级,4,4,5,-3434545,26510,"(24660.0, 27972.0]"
嘉禾贸易股份有限公司004215,9.131714522e+017,,1,国家级,1,6,3,-2323432,9830,"(7370.0, 10954.0]"
远航环保有限公司004216,9.13441817e+017,1,0,省级,5,6,2,-2323432,960,"(49.999, 3780.0]"
博雅医药集团有限公司004217,9.13920638076e+017,1,1,国家级,1,3,6,5656,26450,"(24660.0, 27972.0]"
创元信息集团有限公司004218,9.1396391e+017,1,0,,3,6,7,6767,12770,"(10954.0, 14480.0]"
瑞丰信息股份有限公司004219,9.1391425542e+017,1,1,省级,4,2,6,-3434545,13600,"(10954.0, 14480.0]"
联创贸易集团有限公司004220,9.13083415e+017,1,0,国家级,6,7,4,-3434545,26050,"(24660.0, 27972.0]"
华信科技有限责任公司004221,9.1371e+017,1,1,,6,4,2,-2323432,23540,"(21364.0, 24660.0]"
启明电子集团有限公司004222,9.1395249672696191e+017,0,0,省级,3,7,5,-2323432,26660,"(24660.0, 27972.0]"
永泰生物股份有限公司004223,9.133511903593e+017,1,1,市级,3,5,7,-3434545,30930,"(27972.0, 31471.0]"
天成贸易股份有限公司004224,9.13429277823681e+017,0,1,,2,7,6,6767,33060,"(31471.0, 35000.0]"
华泰食品有限责任公司004225,9.13849000603229e+017,1,0,国家级,7,7,2,565,24950,"(24660.0, 27972.0]"
天成物流股份有限公司004226,9.13653019e+017,0,1,国家级,3,4,2,565,7140,"(3780.0, 7370.0]"
盛世食品股份有限公司004227,9.138852e+017,1,0,国家级,4,6,,676767,6970,"(3780.0, 7370.0]"
联创生物集团有限公司004228,9.1301838440390e+017,,1,省级,5,3,4,-3434545,30270,"(27972.0, 31471.0]"
联创网络集团有限公司004229,9.1353033e+017,1,0,国家级,3,6,7,343434,28870,"(27972.0, 31471.0]"
嘉禾智能有限责任公司004230,9.1332832557444e+017,1,0,省级,2,6,,343434,30660,"(27972.0, 31471.0]"
华泰食品股份有限公司004231,9.13130e+017,0,1,国家级,1,2,4,565,34480,"(31471.0, 35000.0]"
鼎盛化工有限公司004232,9.134489065937930e+017,0,,,5,4,1,565,18770,"(17855.0, 21364.0]"
鼎盛生物股份有限公司004233,9.1374847586218754e+017,0,1,省级,2,1,7,565,31450,"(27972.0, 31471.0]"
金鼎贸易股份有限公司004234,9.1318015513e+017,0,0,国家级,3,2,,676767,9710,"(7370.0, 10954.0]"
瑞丰装备有限责任公司004235,9.1367389600032066e+017,,1,县级,2,6,6,6767,32650,"(31471.0, 35000.0]"
创元电子有限公司004236,9.1360729989e+017,1,1,市级,7,7,1,676767,11690,"(10954.0, 14480.0]"
永泰电子有限责任公司004237,9.13333362489000e+017,0,0,省级,3,2,4,5656,21630,"(21364.0, 24660.0]"
永泰智能集团有限公司004238,9.1363e+017,0,1,,6,1,7,676767,7870,"(7370.0, 10954.0]"
天成环保有限公司004239,9.13530730e+017,0,,县级,7,6,6,565656,14360,"(10954.0, 14480.0]"
远航化工集团有限公司004240,9.130369e+017,1,1,国家级,6,4,,6767,11850,"(10954.0, 14480.0]"
金鼎网络有限公司004241,9.131326e+017,1,0,县级,5,,7,6767,7660,"(7370.0, 10954.0]"
星河生物有限公司004242,9.1355507861308585e+017,0,0,县级,5,2,6,6767,29110,"(27972.0, 31471.0]"
华泰生物有限公司004243,9.1308525946308e+017,1,1,市级,1,5,,565,6510,"(3780.0, 7370.0]"
天成机械有限责任公司004244,9.1352892167223e+017,,1,市级,1,5,5,5656,13800,"(10954.0, 14480.0]"
创元电子股份有限公司004245,9.1389676136e+017,0,1,县级,2,7,5,-2323432,9070,"(7370.0, 10954.0]"
远航网络有限公司004246,9.139304e+017,,,国家级,6,3,7,343434,30790,"(27972.0, 31471.0]"
博雅网络有限责任公司004247,9.1366418742948806e+017,1,0,市级,7,3,,5656,25930,"(24660.0, 27972.0]"
天成装备有限责任公司004248,9.132324711462e+017,1,0,国家级,7,7,3,565,12320,"(10954.0, 14480.0]"
金鼎化工股份有限公司004249,9.1312816413e+017,0,0,县级,5,3,2,-3434545,3260,"(49.999, 3780.0]"
汇通网络有限责任公司004250,9.1316039989890e+017,1,0,省级,5,6,7,565656,34150,"(31471.0, 35000.0]"
汇通科技集团有限公司004251,9.1346191987875827e+017,0,1,省级,7,5,7,-2323432,23770,"(21364.0, 24660.0]"
远航智能有限责任公司004252,9.1310110900537098e+017,1,0,省级,1,,1,6767,12540,"(10954.0, 14480.0]"
宏达装备有限责任公司004253,9.1312207073e+017,0,,市级,7,,6,5656,21730,"(21364.0, 24660.0]"
鼎盛能源股份有限公司004254,9.1337335472e+017,,0,,2,4,4,-3434545,15660,"(14480.0, 17855.0]"
盛世贸易有限责任公司004255,9.1335135920766798e+017,1,0,县级,4,6,5,565,4680,"(3780.0, 7370.0]"
鼎盛智能集团有限公司004256,9.13876187057e+017,0,,国家级,6,7,2,676767,10960,"(10954.0, 14480.0]"
华信信息有限责任公司004257,9.13821e+017,1,,,7,5,3,-2323432,6330,"(3780.0, 7370.0]"
博雅生物有限公司004258,9.1395781010353e+017,0,1,县级,5,6,4,676767,18110,"(17855.0, 21364.0]"
金鼎装备有限责任公司004259,9.132350e+017,0,0,省级,5,7,3,-2323432,32560,"(31471.0, 35000.0]"
远航食品股份有限公司004260,9.1331060e+017,0,1,市级,2,2,6,565,2860,"(49.999, 3780.0]"
华信科技股份有限公司004261,9.1393865e+017,0,1,县级,7,3,7,343434,28130,"(27972.0, 31471.0]"
博雅物流有限公司004262,9.1359161e+017,0,1,市级,2,4,6,565,22210,"(21364.0, 24660.0]"
华泰生物集团有限公司004263,9.130169393e+017,0,1,国家级,6,6,2,565656,10550,"(7370.0, 10954.0]"
联创材料股份有限公司004264,9.135626e+017,1,1,国家级,2,4,6,565656,27370,"(24660.0, 27972.0]"
创元电子有限公司004265,9.132101923702669e+017,0,0,省级,7,3,,6767,20640,"(17855.0, 21364.0]"
天成智能有限责任公司004266,9.1394356e+017,1,0,市级,6,7,1,5656,17880,"(17855.0, 21364.0]"
华信机械有限公司004267,9.13882436758006e+017,1,1,,1,5,2,6767,33560,"(31471.0, 35000.0]"
星河科技股份有限公司004268,9.1301716454411e+017,0,,省级,1,3,2,565,3720,"(49.999, 3780.0]"
联创生物集团有限公司004269,9.13116952359392e+017,,0,省级,1,,2,-2323432,5900,"(3780.0, 7370.0]"
华信信息股份有限公司004270,9.135427020945e+017,1,1,国家级,,2,7,565,5490,"(3780.0, 7370.0]"
华泰纺织有限责任公司004271,9.137532e+017,0,0,市级,7,,4,6767,1190,"(49.999, 3780.0]"
盛世环保集团有限公司004272,9.13453e+017,,1,县级,6,2,4,5656,33180,"(31471.0, 35000.0]"
博雅化工有限公司004273,9.13550925e+017,1,0,省级,7,4,2,-3434545,8790,"(7370.0, 10954.0]"
联创环保有限责任公司004274,9.136362e+017,1,0,市级,,1,3,5656,26230,"(24660.0, 27972.0]"
盛世科技股份有限公司004275,9.1387e+017,1,1,县级,2,1,5,565,8880,"(7370.0, 10954.0]"
汇通机械集团有限公司004276,9.13383350e+017,1,1,市级,2,3,6,565,3760,"(49.999, 3780.0]"
金鼎科技有限责任公司004277,9.139807e+017,0,1,省级,4,6,1,565656,24870,"(24660.0, 27972.0]"
中原机械股份有限公司004278,9.13658894e+017,,1,市级,,,7,565,22420,"(21364.0, 24660.0]"
永泰化工有限公司004279,9.135855e+017,0,1,市级,1,5,6,-2323432,11330,"(10954.0, 14480.0]"
嘉禾能源有限责任公司004280,9.1370241e+017,0,0,县级,1,6,5,676767,26220,"(24660.0, 27972.0]"
华信装备集团有限公司004281,9.13147780960e+017,0,,国家级,,7,7,565656,10810,"(7370.0, 10954.0]"
金鼎网络有限责任公司004282,9.136363e+017,0,1,国家级,1,5,,676767,28510,"(27972.0, 31471.0]"
盛世医药有限责任公司004283,9.13273e+017,,0,国家级,,6,1,343434,34780,"(31471.0, 35000.0]"
中原医药股份有限公司004284,9.13027002100e+017,1,0,省级,5,6,3,-3434545,27760,"(24660.0, 27972.0]"
永泰生物有限责任公司004285,9.1336717653473835e+017,0,1,国家级,4,1,2,565,560,"(49.999, 3780.0]"
华信环保有限公司004286,9.13274e+017,,1,市级,6,1,,5656,9580,"(7370.0, 10954.0]"
远航装备股份有限公司004287,9.1361857438662502e+017,1,0,国家级,,6,3,676767,16120,"(14480.0, 17855.0]"
汇通物流有限责任公司004288,9.13009e+017,1,0,市级,,2,5,343434,8270,"(7370.0, 10954.0]"
联创化工有限责任公司004289,9.133048272155039e+017,1,0,县级,6,7,7,343434,25440,"(24660.0, 27972.0]"
创元智能有限公司004290,9.13355620229e+017,1,1,省级,5,4,7,565,10600,"(7370.0, 10954.0]"
星河装备有限公司004291,9.137302156013994e+017,1,1,县级,6,5,7,-2323432,19760,"(17855.0, 21364.0]"
中原食品有限公司004292,9.1387343e+017,1,0,国家级,6,1,1,676767,32150,"(31471.0, 35000.0]"
星河智能集团有限公司004293,9.1388139372998187e+017,1,0,国家级,3,,4,343434,27260,"(24660.0, 27972.0]"
永泰建设股份有限公司004294,9.1394827214846346e+017,0,,省级,7,3,1,5656,33750,"(31471.0, 35000.0]"
永泰材料集团有限公司004295,9.135696614695614e+017,0,1,国家级,6,7,1,676767,19350,"(17855.0, 21364.0]"
金鼎生物集团有限公司004296,9.1361574434288e+017,0,0,县级,2,2,2,6767,230,"(49.999, 3780.0]"
创元智能股份有限公司004297,9.13164e+017,1,0,县级,5,6,,6767,20140,"(17855.0, 21364.0]"
盛世机械有限公司004298,9.137865e+017,,,国家级,1,3,3,676767,17040,"(14480.0, 17855.0]"
嘉禾科技有限责任公司004299,9.1389317e+017,1,0,国家级,7,4,,-3434545,31170,"(27972.0, 31471.0]"
汇通医药有限责任公司004300,9.1349387e+017,0,1,国家级,4,7,7,676767,27210,"(24660.0, 27972.0]"
远航科技股份有限公司004301,9.132621338e+017,1,,国家级,6,4,3,-3434545,17960,"(17855.0, 21364.0]"
中原机械股份有限公司004302,9.1312128e+017,0,0,国家级,3,2,1,-2323432,4000,"(3780.0, 7370.0]"
瑞丰建设集团有限公司004303,9.13189000913253e+017,0,0,国家级,6,,3,565656,5790,"(3780.0, 7370.0]"
华信信息有限责任公司004304,9.13325e+017,0,0,省级,6,7,,-3434545,28400,"(27972.0, 31471.0]"
远航能源股份有限公司004305,9.1341e+017,0,0,,5,3,7,5656,33810,"(31471.0, 35000.0]"
盛世物流集团有限公司004306,9.1364978443e+017,1,,省级,7,7,1,565,34700,"(31471.0, 35000.0]"
华信电子有限公司004307,9.13341579192912e+017,1,1,县级,3,5,7,343434,26220,"(24660.0, 27972.0]"
博雅物流有限公司004308,9.13399692e+017,1,1,省级,,4,,343434,23640,"(21364.0, 24660.0]"
创元食品有限公司004309,9.134869e+017,1,0,县级,4,2,2,565,15240,"(14480.0, 17855.0]"
汇通化工集团有限公司004310,9.13197533e+017,0,,省级,7,2,7,565,27640,"(24660.0, 27972.0]"
盛世食品有限责任公司004311,9.13816e+017,0,0,县级,2,3,2,5656,17330,"(14480.0, 17855.0]"
博雅智能有限责任公司004312,9.1329990639677392e+017,0,0,,5,1,1,5656,19070,"(17855.0, 21364.0]"
远航能源有限公司004313,9.13719e+017,0,1,县级,7,2,1,565,32850,"(31471.0, 35000.0]"
汇通食品有限责任公司004314,9.139273055931942e+017,,0,国家级,3,,7,-3434545,12330,"(10954.0, 14480.0]"
汇通食品股份有限公司004315,9.130739562381e+017,0,1,,6,5,5,5656,1520,"(49.999, 3780.0]"
华泰机械有限责任公司004316,9.1313662628e+017,1,1,县级,7,5,7,343434,5950,"(3780.0, 7370.0]"
创元物流股份有限公司004317,9.135901260253e+017,0,,国家级,5,6,,-2323432,27740,"(24660.0, 27972.0]"
嘉禾网络集团有限公司004318,9.13796135782618e+017,0,,国家级,5,2,,5656,11380,"(10954.0, 14480.0]"
金鼎机械有限责任公司004319,9.1316804050922772e+017,1,0,市级,5,6,5,676767,29800,"(27972.0, 31471.0]"
远航物流股份有限公司004320,9.13443358e+017,1,1,国家级,,3,2,565,29300,"(27972.0, 31471.0]"
汇通网络有限责任公司004321,9.1398110474e+017,1,0,省级,6,3,7,5656,19830,"(17855.0, 21364.0]"
宏达贸易有限责任公司004322,9.1321812e+017,1,,县级,7,,4,5656,4110,"(3780.0, 7370.0]"
汇通智能有限公司004323,9.13358e+017,0,0,省级,4,7,6,5656,17560,"(14480.0, 17855.0]"
天成信息股份有限公司004324,9.138136e+017,0,1,县级,1,3,6,565656,10510,"(7370.0, 10954.0]"
永泰物流股份有限公司004325,9.1346238363690e+017,,,市级,6,6,,6767,8700,"(7370.0, 10954.0]"
鼎盛化工集团有限公司004326,9.132160380807365e+017,,0,县级,1,3,5,565,10540,"(7370.0, 10954.0]"
汇通信息有限公司004327,9.139790143735740e+017,0,0,省级,5,,3,676767,7680,"(7370.0, 10954.0]"
博雅生物有限公司004328,9.1328820055085e+017,1,1,市级,7,,1,565,29730,"(27972.0, 31471.0]"
启明智能有限公司004329,9.13816217300271e+017,0,1,市级,4,1,,565,32570,"(31471.0, 35000.0]"
华信建设集团有限公司004330,9.1380330769e+017,,1,省级,3,4,2,-3434545,10450,"(7370.0, 10954.0]"
永泰材料集团有限公司004331,9.1322881982642582e+017,1,1,县级,1,6,1,565656,10730,"(7370.0, 10954.0]"
星河物流有限公司004332,9.1335672152409383e+017,1,1,国家级,4,3,,676767,34290,"(31471.0, 35000.0]"
华泰纺织有限公司004333,9.13125624e+017,1,0,省级,5,6,4,565656,31000,"(27972.0, 31471.0]"
启明网络有限责任公司004334,9.13238e+017,0,1,县级,2,4,4,676767,1840,"(49.999, 3780.0]"
联创纺织股份有限公司004335,9.1336234e+017,0,0,县级,4,6,6,-2323432,11340,"(10954.0, 14480.0]"
天成纺织集团有限公司004336,9.132407936528e+017,1,,市级,4,6,2,6767,27960,"(24660.0, 27972.0]"
鼎盛纺织有限公司004337,9.1342e+017,1,1,县级,6,4,2,6767,2510,"(49.999, 3780.0]"
金鼎生物有限公司004338,9.133559887142192e+017,0,1,县级,,7,7,565,8750,"(7370.0, 10954.0]"
瑞丰能源有限责任公司004339,9.13884715415e+017,,1,市级,6,5,2,676767,22390,"(21364.0, 24660.0]"
盛世食品股份有限公司004340,9.135726256265859e+017,1,1,国家级,3,1,3,-2323432,9840,"(7370.0, 10954.0]"
远航贸易集团有限公司004341,9.13199617e+017,1,1,国家级,5,7,7,-3434545,440,"(49.999, 3780.0]"
联创纺织有限责任公司004342,9.1385485067814e+017,1,1,市级,,6,5,6767,20910,"(17855.0, 21364.0]"
华信环保股份有限公司004343,9.13534e+017,0,1,国家级,3,3,6,343434,34050,"(31471.0, 35000.0]"
启明电子集团有限公司004344,9.13179465e+017,0,0,县级,1,4,,-3434545,32590,"(31471.0, 35000.0]"
金鼎贸易有限公司004345,9.1332708725466223e+017,0,1,市级,2,2,6,6767,9050,"(7370.0, 10954.0]"
盛世纺织有限责任公司004346,9.133579e+017,1,,国家级,,1,2,565656,33380,"(31471.0, 35000.0]"
宏达化工有限公司004347,9.134201e+017,0,0,,1,3,6,5656,25360,"(24660.0, 27972.0]"
中原建设有限责任公司004348,9.13470767031e+017,,1,国家级,,6,5,6767,8490,"(7370.0, 10954.0]"
华泰网络集团有限公司004349,9.13835865581284e+017,1,0,县级,4,4,2,676767,31780,"(31471.0, 35000.0]"
汇通材料有限公司004350,9.13734294641171e+017,0,1,国家级,,4,4,-3434545,12090,"(10954.0, 14480.0]"
启明物流集团有限公司004351,9.138161e+017,0,0,省级,,7,2,343434,5860,"(3780.0, 7370.0]"
嘉禾科技有限公司004352,9.131577504119e+017,0,1,国家级,5,4,,6767,19640,"(17855.0, 21364.0]"
创元医药股份有限公司004353,9.1317868e+017,0,0,国家级,2,5,4,-3434545,19770,"(17855.0, 21364.0]"
博雅贸易股份有限公司004354,9.1374762e+017,1,1,县级,2,5,,-2323432,30420,"(27972.0, 31471.0]"
鼎盛材料股份有限公司004355,9.13135270e+017,0,1,省级,7,6,2,-2323432,3990,"(3780.0, 7370.0]"
启明能源有限责任公司004356,9.13548002914e+017,1,0,国家级,6,7,,5656,7650,"(7370.0, 10954.0]"
华泰环保有限责任公司004357,9.130981e+017,0,1,国家级,,,2,-2323432,21070,"(17855.0, 21364.0]"
华信智能股份有限公司004358,9.137618182831031e+017,0,,省级,,7,,565656,33020,"(31471.0, 35000.0]"
联创能源集团有限公司004359,9.1319e+017,0,1,省级,,,6,676767,80,"(49.999, 3780.0]"
嘉禾机械有限公司004360,9.136309364588e+017,1,0,国家级,1,2,4,-3434545,1010,"(49.999, 3780.0]"
华信网络集团有限公司004361,9.13982e+017,1,0,市级,5,1,5,343434,32600,"(31471.0, 35000.0]"
宏达纺织有限公司004362,9.1358861565312341e+017,1,1,国家级,2,1,,565,9070,"(7370.0, 10954.0]"
宏达环保股份有限公司004363,9.1371232127509244e+017,1,0,县级,6,7,,6767,16900,"(14480.0, 17855.0]"
星河环保有限责任公司004364,9.1376130e+017,0,1,省级,4,1,7,-2323432,14930,"(14480.0, 17855.0]"
华信化工股份有限公司004365,9.139691e+017,0,0,省级,6,5,5,565,19790,"(17855.0, 21364.0]"
华泰医药集团有限公司004366,9.13671e+017,1,1,省级,5,1,4,6767,17090,"(14480.0, 17855.0]"
联创生物有限责任公司004367,9.136492e+017,1,1,,7,5,6,343434,8080,"(7370.0, 10954.0]"
联创智能集团有限公司004368,9.1351745184813e+017,0,1,省级,,7,4,565,20610,"(17855.0, 21364.0]"
创元化工有限责任公司004369,9.13952797e+017,0,0,省级,,5,5,676767,26280,"(24660.0, 27972.0]"
鼎盛材料有限公司004370,9.1334316917339883e+017,0,0,市级,,2,2,565656,9560,"(7370.0, 10954.0]"
星河装备股份有限公司004371,9.13601326843114e+017,0,0,县级,7,4,,676767,8310,"(7370.0, 10954.0]"
中原物流有限公司004372,9.131513490e+017,1,0,国家级,2,2,1,-2323432,10200,"(7370.0, 10954.0]"
永泰化工有限公司004373,9.1331725e+017,0,1,国家级,6,1,6,6767,9800,"(7370.0, 10954.0]"
中原建设有限公司004374,9.1303008638e+017,1,0,省级,7,2,7,343434,10830,"(7370.0, 10954.0]"
嘉禾电子有限责任公司004375,9.130692e+017,1,0,,5,6,1,5656,4350,"(3780.0, 7370.0]"
联创生物有限公司004376,9.13422097e+017,1,1,国家级,4,1,4,-2323432,17480,"(14480.0, 17855.0]"
星河医药有限责任公司004377,9.131645465339916e+017,0,1,省级,2,4,7,343434,29850,"(27972.0, 31471.0]"
永泰科技集团有限公司004378,9.13771249208e+017,1,1,,1,3,1,343434,31920,"(31471.0, 35000.0]"
宏达生物股份有限公司004379,9.130983783219800e+017,0,0,省级,,6,4,676767,11390,"(10954.0, 14480.0]"
博雅科技集团有限公司004380,9.13049100891458e+017,0,0,县级,2,1,6,-2323432,6890,"(3780.0, 7370.0]"
天成电子股份有限公司004381,9.131412e+017,,0,省级,4,6,2,-3434545,5980,"(3780.0, 7370.0]"
鼎盛科技有限责任公司004382,9.1302767168580e+017,1,0,省级,6,4,6,5656,22350,"(21364.0, 24660.0]"
远航医药有限公司004383,9.1332829e+017,0,0,,3,3,5,676767,2680,"(49.999, 3780.0]"
宏达生物有限公司004384,9.13146421397e+017,1,1,,1,3,3,565656,4470,"(3780.0, 7370.0]"
宏达智能股份有限公司004385,9.13222039087672e+017,1,1,县级,6,6,2,6767,33610,"(31471.0, 35000.0]"
嘉禾化工集团有限公司004386,9.13757409e+017,1,1,省级,2,2,1,565656,14630,"(14480.0, 17855.0]"
金鼎纺织集团有限公司004387,9.131043468e+017,1,,国家级,3,3,3,6767,5280,"(3780.0, 7370.0]"
华泰建设有限公司004388,9.13045067e+017,0,0,市级,4,5,1,6767,9250,"(7370.0, 10954.0]"
汇通食品有限责任公司004389,9.13628577738e+017,0,1,市级,1,4,3,343434,1350,"(49.999, 3780.0]"
博雅生物有限责任公司004390,9.13382785e+017,1,0,市级,4,6,1,565656,25960,"(24660.0, 27972.0]"
嘉禾网络有限公司004391,9.132507e+017,1,0,,4,5,,5656,12150,"(10954.0, 14480.0]"
永泰机械有限公司004392,9.13052873014e+017,1,0,省级,7,7,2,6767,10650,"(7370.0, 10954.0]"
嘉禾建设集团有限公司004393,9.13227869229230e+017,0,0,国家级,1,,6,6767,22160,"(21364.0, 24660.0]"
中原物流股份有限公司004394,9.13472953938426e+017,,1,国家级,4,3,1,6767,20350,"(17855.0, 21364.0]"
鼎盛医药有限公司004395,9.1310621e+017,0,0,县级,1,2,4,6767,10240,"(7370.0, 10954.0]"
华信能源股份有限公司004396,9.1352776e+017,1,1,省级,,2,7,565656,280,"(49.999, 3780.0]"
盛世能源集团有限公司004397,9.137361050e+017,1,,市级,1,2,7,-3434545,19780,"(17855.0, 21364.0]"
嘉禾贸易有限公司004398,9.139906e+017,,0,市级,,4,2,6767,14390,"(10954.0, 14480.0]"
鼎盛智能有限责任公司004399,9.1383499566637e+017,0,0,国家级,6,4,,676767,14120,"(10954.0, 14480.0]"
宏达机械集团有限公司004400,9.13838348e+017,,1,市级,4,3,1,565,21000,"(17855.0, 21364.0]"
永泰装备有限责任公司004401,9.130282e+017,0,0,市级,6,6,6,676767,3040,"(49.999, 3780.0]"
宏达材料有限公司004402,9.1375e+017,0,1,县级,2,,6,565,3320,"(49.999, 3780.0]"
鼎盛生物有限责任公司004403,9.1342172608213e+017,1,0,省级,4,1,3,676767,24240,"(21364.0, 24660.0]"
盛世化工有限公司004404,9.13182327388e+017,0,1,,1,4,3,565656,28770,"(27972.0, 31471.0]"
鼎盛纺织有限责任公司004405,9.1314904858e+017,1,0,省级,2,6,4,565,350,"(49.999, 3780.0]"
汇通装备有限责任公司004406,9.1388190960760456e+017,,1,市级,3,3,1,676767,28950,"(27972.0, 31471.0]"
远航纺织有限公司004407,9.131450823783e+017,1,1,市级,1,4,7,6767,31340,"(27972.0, 31471.0]"
华信纺织集团有限公司004408,9.1309019134680036e+017,0,1,,3,3,7,5656,8780,"(7370.0, 10954.0]"
宏达能源有限公司004409,9.13043474659131e+017,1,0,县级,4,,1,565,2680,"(49.999, 3780.0]"
盛世电子有限责任公司004410,9.13499894738e+017,0,0,市级,7,1,3,5656,21200,"(17855.0, 21364.0]"
天成贸易有限责任公司004411,9.1377942049e+017,0,1,市级,5,5,7,-2323432,29480,"(27972.0, 31471.0]"
华信装备有限公司004412,9.132313007815e+017,0,1,,3,3,,-3434545,20250,"(17855.0, 21364.0]"
启明环保集团有限公司004413,9.1321819892e+017,1,1,县级,,2,2,676767,11020,"(10954.0, 14480.0]"
盛世电子股份有限公司004414,9.13160890647e+017,0,0,国家级,5,6,4,343434,21960,"(21364.0, 24660.0]"
永泰建设股份有限公司004415,9.1350491684260408e+017,1,0,市级,6,,6,5656,6750,"(3780.0, 7370.0]"
星河材料股份有限公司004416,9.1336354704080e+017,1,0,省级,3,2,7,6767,23200,"(21364.0, 24660.0]"
博雅机械有限责任公司004417,9.130784902e+017,1,0,,7,4,3,6767,3270,"(49.999, 3780.0]"
永泰环保股份有限公司004418,9.13686238127758e+017,1,0,,1,,2,343434,30200,"(27972.0, 31471.0]"
瑞丰贸易有限责任公司004419,9.1343738167e+017,1,1,县级,2,5,4,-3434545,27010,"(24660.0, 27972.0]"
远航化工有限责任公司004420,9.130868216135e+017,0,1,省级,1,4,2,343434,11970,"(10954.0, 14480.0]"
瑞丰生物有限公司004421,9.137700691843e+017,1,0,省级,3,6,2,565656,19510,"(17855.0, 21364.0]"
远航电子集团有限公司004422,9.13662772864e+017,0,0,省级,4,,7,6767,21490,"(21364.0, 24660.0]"
汇通物流集团有限公司004423,9.134526e+017,1,0,国家级,4,1,2,565656,32710,"(31471.0, 35000.0]"
天成医药有限公司004424,9.1369e+017,1,1,省级,4,4,3,343434,24470,"(21364.0, 24660.0]"
宏达食品有限责任公司004425,9.130815341e+017,,0,省级,1,3,6,565656,8120,"(7370.0, 10954.0]"
中原科技有限公司004426,9.135623870703369e+017,0,1,市级,7,5,6,6767,7750,"(7370.0, 10954.0]"
启明生物有限责任公司004427,9.1353e+017,1,0,省级,5,6,,6767,26680,"(24660.0, 27972.0]"
盛世信息股份有限公司004428,9.135429e+017,0,1,省级,,2,1,-3434545,460,"(49.999, 3780.0]"
金鼎材料有限责任公司004429,9.130412150684982e+017,0,1,省级,6,,2,565,6310,"(3780.0, 7370.0]"
中原物流股份有限公司004430,9.136405e+017,0,1,国家级,7,6,2,676767,16710,"(14480.0, 17855.0]"
远航化工股份有限公司004431,9.1372e+017,1,1,,7,7,4,343434,20800,"(17855.0, 21364.0]"
中原科技有限责任公司004432,9.139884069422e+017,0,0,国家级,2,1,1,-3434545,780,"(49.999, 3780.0]"
中原智能有限责任公司004433,9.132761065e+017,0,1,国家级,5,5,2,-2323432,31830,"(31471.0, 35000.0]"
远航装备集团有限公司004434,9.1399233536438e+017,,0,省级,5,2,6,6767,12070,"(10954.0, 14480.0]"
瑞丰医药股份有限公司004435,9.13640e+017,1,0,,3,3,6,-3434545,21790,"(21364.0, 24660.0]"
盛世装备有限责任公司004436,9.135156e+017,1,0,省级,3,4,7,343434,31420,"(27972.0, 31471.0]"
汇通网络集团有限公司004437,9.132462718110071e+017,1,,县级,1,2,2,676767,7780,"(7370.0, 10954.0]"
嘉禾装备股份有限公司004438,9.13976750567e+017,1,1,县级,6,4,,-2323432,21580,"(21364.0, 24660.0]"
瑞丰科技股份有限公司004439,9.13163e+017,1,0,省级,2,6,2,-3434545,22980,"(21364.0, 24660.0]"
创元医药股份有限公司004440,9.13908211272e+017,0,0,县级,3,5,2,565656,12770,"(10954.0, 14480.0]"
金鼎化工股份有限公司004441,9.1338177817031451e+017,0,1,县级,,5,6,676767,30760,"(27972.0, 31471.0]"
创元信息集团有限公司004442,9.1371060e+017,0,1,市级,2,3,4,343434,25590,"(24660.0, 27972.0]"
嘉禾建设股份有限公司004443,9.13488e+017,1,1,,,2,1,6767,24760,"(24660.0, 27972.0]"
瑞丰装备有限责任公司004444,9.133065e+017,1,1,,3,3,4,565656,25180,"(24660.0, 27972.0]"
博雅纺织有限责任公司004445,9.13259e+017,,1,国家级,5,7,3,565656,12820,"(10954.0, 14480.0]"
星河科技集团有限公司004446,9.13243800460757e+017,0,1,县级,2,,2,-2323432,20650,"(17855.0, 21364.0]"
远航食品股份有限公司004447,9.1365817994899545e+017,1,1,省级,3,5,7,676767,5540,"(3780.0, 7370.0]"
瑞丰纺织股份有限公司004448,9.1349586723781141e+017,,0,,7,,,676767,5720,"(3780.0, 7370.0]"
中原生物股份有限公司004449,9.136895355570e+017,1,0,,3,1,4,676767,29880,"(27972.0, 31471.0]"
嘉禾智能有限责任公司004450,9.1336e+017,0,0,县级,4,1,7,-2323432,17790,"(14480.0, 17855.0]"
鼎盛装备有限公司004451,9.13527326e+017,0,,省级,5,1,,676767,31460,"(27972.0, 31471.0]"
联创环保股份有限公司004452,9.134336e+017,1,0,国家级,3,6,3,6767,6260,"(3780.0, 7370.0]"
宏达能源股份有限公司004453,9.131695e+017,1,1,国家级,5,3,3,676767,4970,"(3780.0, 7370.0]"
博雅电子有限公司004454,9.1305735737952707e+017,,1,,6,3,4,6767,32920,"(31471.0, 35000.0]"
瑞丰食品股份有限公司004455,9.13576018867e+017,0,1,,6,,4,-3434545,22780,"(21364.0, 24660.0]"
华泰物流有限公司004456,9.1347766845427722e+017,0,1,省级,5,2,5,565,9040,"(7370.0, 10954.0]"
天成机械股份有限公司004457,9.13129932899981e+017,1,0,市级,4,,4,5656,7310,"(3780.0, 7370.0]"
盛世材料股份有限公司004458,9.1300e+017,1,1,县级,1,1,5,-3434545,4430,"(3780.0, 7370.0]"
中原装备集团有限公司004459,9.132166e+017,1,1,市级,1,3,,-3434545,29950,"(27972.0, 31471.0]"
鼎盛生物有限责任公司004460,9.1327056225470e+017,1,1,省级,7,6,3,6767,15880,"(14480.0, 17855.0]"
博雅科技有限责任公司004461,9.132143086693e+017,,1,省级,7,5,4,565656,33170,"(31471.0, 35000.0]"
中原智能股份有限公司004462,9.136291581474e+017,1,0,市级,5,3,5,565656,28190,"(27972.0, 31471.0]"
金鼎物流有限公司004463,9.1371e+017,1,,省级,,1,,5656,33620,"(31471.0, 35000.0]"
创元环保有限责任公司004464,9.138703e+017,1,1,省级,4,,6,5656,9260,"(7370.0, 10954.0]"
鼎盛科技有限公司004465,9.133972806e+017,0,0,县级,,2,,6767,30200,"(27972.0, 31471.0]"
远航环保股份有限公司004466,9.138982e+017,1,0,市级,5,3,,343434,23190,"(21364.0, 24660.0]"
盛世能源有限责任公司004467,9.1374952e+017,1,1,市级,3,3,7,-2323432,18680,"(17855.0, 21364.0]"
中原化工有限公司004468,9.131515947284e+017,0,1,市级,4,1,4,676767,8440,"(7370.0, 10954.0]"
鼎盛建设有限公司004469,9.138945516e+017,0,0,市级,,5,4,676767,17980,"(17855.0, 21364.0]"
天成贸易有限责任公司004470,9.13717584e+017,,1,,5,2,4,-2323432,3910,"(3780.0, 7370.0]"
鼎盛材料股份有限公司004471,9.137282174779e+017,0,0,,6,7,2,565656,2520,"(49.999, 3780.0]"
联创物流有限责任公司004472,9.1371871820178837e+017,1,1,,5,1,6,-2323432,15460,"(14480.0, 17855.0]"
启明信息有限责任公司004473,9.13885e+017,0,1,,2,5,6,565656,12430,"(10954.0, 14480.0]"
永泰科技有限责任公司004474,9.136369347e+017,1,0,县级,5,5,,-2323432,19650,"(17855.0, 21364.0]"
星河能源有限责任公司004475,9.133319e+017,0,0,,2,6,7,-2323432,2840,"(49.999, 3780.0]"
金鼎能源股份有限公司004476,9.1361018e+017,0,1,县级,2,2,5,343434,22500,"(21364.0, 24660.0]"
天成物流股份有限公司004477,9.1376674951349859e+017,0,0,县级,6,6,5,676767,22730,"(21364.0, 24660.0]"
瑞丰化工有限公司004478,9.131065082572696e+017,1,1,县级,2,5,4,5656,29180,"(27972.0, 31471.0]"
永泰电子集团有限公司004479,9.13952336997e+017,0,1,省级,,7,6,-3434545,17850,"(14480.0, 17855.0]"
华信化工有限责任公司004480,9.1322056159e+017,0,0,省级,4,4,2,-2323432,15500,"(14480.0, 17855.0]"
创元化工有限责任公司004481,9.1317958e+017,0,1,省级,6,6,,343434,1080,"(49.999, 3780.0]"
星河建设集团有限公司004482,9.132074346e+017,1,0,,6,7,5,-3434545,32580,"(31471.0, 35000.0]"
宏达生物有限公司004483,9.132850965e+017,1,1,国家级,4,4,5,565,31310,"(27972.0, 31471.0]"
华泰纺织股份有限公司004484,9.1339980682132e+017,1,0,,4,2,2,343434,33970,"(31471.0, 35000.0]"
永泰纺织有限公司004485,9.135079008941e+017,1,0,县级,3,,4,676767,24760,"(24660.0, 27972.0]"
天成材料有限责任公司004486,9.132379185846e+017,1,0,县级,5,,,343434,6730,"(3780.0, 7370.0]"
星河纺织有限责任公司004487,9.1320815e+017,0,0,国家级,6,5,7,676767,14050,"(10954.0, 14480.0]"
中原贸易集团有限公司004488,9.130539050458047e+017,0,,县级,6,3,6,-3434545,8570,"(7370.0, 10954.0]"
嘉禾网络有限公司004489,9.135420e+017,0,,,7,,2,-3434545,16490,"(14480.0, 17855.0]"
永泰材料有限责任公司004490,9.130328214277e+017,,1,市级,,6,3,-3434545,4910,"(3780.0, 7370.0]"
远航化工有限责任公司004491,9.1342324545e+017,,0,市级,1,5,,-3434545,22480,"(21364.0, 24660.0]"
创元信息有限责任公司004492,9.138935998510177e+017,0,1,县级,6,2,,565656,10000,"(7370.0, 10954.0]"
联创装备集团有限公司004493,9.139508493e+017,1,1,,5,2,,565656,30230,"(27972.0, 31471.0]"
宏达电子股份有限公司004494,9.139791e+017,1,1,国家级,3,5,4,565656,6330,"(3780.0, 7370.0]"
中原建设有限公司004495,9.1339161786106e+017,1,1,县级,6,6,5,676767,29230,"(27972.0, 31471.0]"
星河电子集团有限公司004496,9.131408017483836e+017,0,0,县级,6,7,5,-2323432,27930,"(24660.0, 27972.0]"
联创机械股份有限公司004497,9.133435760e+017,1,0,省级,4,,7,565,9020,"(7370.0, 10954.0]"
瑞丰物流有限责任公司004498,9.1356378074515e+017,1,1,国家级,7,2,5,-3434545,27520,"(24660.0, 27972.0]"
鼎盛化工有限责任公司004499,9.13616e+017,,,县级,,4,1,-2323432,22880,"(21364.0, 24660.0]"
鼎盛信息有限公司004500,9.139277579060e+017,0,0,国家级,,,,6767,9020,"(7370.0, 10954.0]"
创元能源有限责任公司004501,9.133282286e+017,1,0,国家级,1,3,4,565,33970,"(31471.0, 35000.0]"
嘉禾机械集团有限公司004502,9.1306438093e+017,0,1,国家级,4,3,1,565,4510,"(3780.0, 7370.0]"
金鼎环保有限责任公司004503,9.130989562589444e+017,1,1,国家级,1,7,,343434,10210,"(7370.0, 10954.0]"
远航生物有限责任公司004504,9.1390072749591696e+017,0,1,国家级,5,3,6,565,33490,"(31471.0, 35000.0]"
创元贸易股份有限公司004505,9.135913e+017,0,0,省级,3,1,,565656,7150,"(3780.0, 7370.0]"
盛世信息集团有限公司004506,9.13532623712e+017,1,0,省级,3,6,3,-3434545,13240,"(10954.0, 14480.0]"
联创贸易股份有限公司004507,9.13510e+017,,0,市级,5,1,2,565656,16950,"(14480.0, 17855.0]"
永泰装备股份有限公司004508,9.1381032471e+017,1,1,县级,7,,4,-2323432,21980,"(21364.0, 24660.0]"
华信食品股份有限公司004509,9.1392e+017,1,1,省级,5,6,,-3434545,13780,"(10954.0, 14480.0]"
联创智能集团有限公司004510,9.13718335280987e+017,1,0,县级,5,,1,-2323432,24710,"(24660.0, 27972.0]"
中原物流集团有限公司004511,9.13220392e+017,,,国家级,4,7,7,343434,33540,"(31471.0, 35000.0]"
鼎盛医药有限公司004512,9.1365004011645e+017,0,1,,4,5,3,565,20320,"(17855.0, 21364.0]"
永泰材料有限责任公司004513,9.132413038977312e+017,1,0,市级,,1,7,5656,28160,"(27972.0, 31471.0]"
华信物流股份有限公司004514,9.136317e+017,0,,市级,6,2,3,-3434545,13700,"(10954.0, 14480.0]"
永泰信息股份有限公司004515,9.1362026e+017,0,1,省级,,6,3,-3434545,20330,"(17855.0, 21364.0]"
星河机械有限责任公司004516,9.1337e+017,1,0,市级,2,,5,676767,33200,"(31471.0, 35000.0]"
远航医药集团有限公司004517,9.1316965e+017,0,0,市级,2,4,6,-2323432,24490,"(21364.0, 24660.0]"
宏达食品有限责任公司004518,9.138825951911068e+017,0,1,,1,1,4,565656,12690,"(10954.0, 14480.0]"
启明科技股份有限公司004519,9.13448307558e+017,1,1,省级,5,,4,343434,21000,"(17855.0, 21364.0]"
华信科技股份有限公司004520,9.1397e+017,1,0,市级,2,1,6,343434,15300,"(14480.0, 17855.0]"
汇通材料集团有限公司004521,9.1345e+017,0,1,县级,3,5,6,-2323432,14200,"(10954.0, 14480.0]"
瑞丰化工有限责任公司004522,9.136789754e+017,1,0,国家级,2,2,5,565656,2210,"(49.999, 3780.0]"
盛世生物有限责任公司004523,9.1320689e+017,1,0,市级,7,4,4,-3434545,18470,"(17855.0, 21364.0]"
华信智能有限公司004524,9.13210914916875e+017,1,0,,5,4,3,565,13670,"(10954.0, 14480.0]"
华泰电子股份有限公司004525,9.1372915548e+017,1,0,县级,3,4,4,565656,33970,"(31471.0, 35000.0]"
联创科技有限公司004526,9.138246216570e+017,0,,省级,3,4,7,6767,34300,"(31471.0, 35000.0]"
华信能源有限责任公司004527,9.132767699417e+017,0,0,省级,2,1,3,565656,26380,"(24660.0, 27972.0]"
宏达化工股份有限公司004528,9.13134095026e+017,1,0,县级,4,4,6,676767,24340,"(21364.0, 24660.0]"
启明食品有限公司004529,9.139206423e+017,0,0,国家级,5,4,7,5656,27480,"(24660.0, 27972.0]"
启明化工有限公司004530,9.133932234972790e+017,0,,国家级,7,1,6,565,33870,"(31471.0, 35000.0]"
宏达电子集团有限公司004531,9.13233056e+017,0,,省级,7,5,1,-2323432,34330,"(31471.0, 35000.0]"
鼎盛材料集团有限公司004532,9.1349133640e+017,0,0,,7,6,1,6767,26600,"(24660.0, 27972.0]"
联创科技集团有限公司004533,9.1324878485e+017,1,0,市级,4,2,1,343434,16330,"(14480.0, 17855.0]"
瑞丰智能有限公司004534,9.1311738992146119e+017,0,0,省级,4,1,2,6767,14600,"(14480.0, 17855.0]"
金鼎信息有限责任公司004535,9.13323120148735e+017,1,1,县级,7,,,565,4200,"(3780.0, 7370.0]"
永泰贸易股份有限公司004536,9.138251e+017,1,0,市级,,,,-2323432,28550,"(27972.0, 31471.0]"
嘉禾装备股份有限公司004537,9.13468479906e+017,0,0,省级,,6,1,-2323432,25110,"(24660.0, 27972.0]"
博雅电子集团有限公司004538,9.13107e+017,0,0,市级,,3,6,676767,21150,"(17855.0, 21364.0]"
盛世建设集团有限公司004539,9.13314818e+017,1,0,省级,2,3,6,-2323432,32120,"(31471.0, 35000.0]"
远航建设集团有限公司004540,9.131108e+017,0,0,,,2,4,-2323432,12450,"(10954.0, 14480.0]"
启明科技有限责任公司004541,9.1383447897e+017,0,1,县级,1,1,4,565656,17400,"(14480.0, 17855.0]"
永泰纺织股份有限公司004542,9.133616884622e+017,0,1,县级,1,6,5,-3434545,14040,"(10954.0, 14480.0]"
博雅能源股份有限公司004543,9.135878467869134e+017,0,0,,3,,5,-2323432,19490,"(17855.0, 21364.0]"
星河环保有限责任公司004544,9.137883850274094e+017,0,,县级,,2,7,5656,31150,"(27972.0, 31471.0]"
嘉禾智能有限责任公司004545,9.1366e+017,0,1,县级,6,7,1,6767,30630,"(27972.0, 31471.0]"
瑞丰物流股份有限公司004546,9.1345539345891433e+017,1,1,省级,4,2,4,6767,34910,"(31471.0, 35000.0]"
鼎盛医药集团有限公司004547,9.1394247493882796e+017,,0,省级,2,4,3,-3434545,18000,"(17855.0, 21364.0]"
远航食品有限责任公司004548,9.1383397131e+017,0,0,国家级,3,7,3,5656,16590,"(14480.0, 17855.0]"
汇通环保有限责任公司004549,9.135407434e+017,1,0,县级,3,1,4,565,20200,"(17855.0, 21364.0]"
创元化工股份有限公司004550,9.139911661898311e+017,1,,市级,,4,4,676767,7600,"(7370.0, 10954.0]"
联创生物股份有限公司004551,9.1390e+017,0,0,县级,7,,4,676767,17120,"(14480.0, 17855.0]"
远航医药集团有限公司004552,9.130903821e+017,1,1,,7,1,1,343434,31390,"(27972.0, 31471.0]"
永泰网络股份有限公司004553,9.1307071458223e+017,0,0,国家级,2,6,3,-2323432,33030,"(31471.0, 35000.0]"
华信建设有限公司004554,9.139559198e+017,1,0,省级,6,1,6,343434,32960,"(31471.0, 35000.0]"
天成机械股份有限公司004555,9.1364e+017,0,0,县级,6,6,5,-3434545,33220,"(31471.0, 35000.0]"
华泰物流集团有限公司004556,9.1397198495e+017,0,1,,,,6,676767,18070,"(17855.0, 21364.0]"
永泰化工集团有限公司004557,9.1304461556370277e+017,0,0,国家级,2,7,5,6767,26180,"(24660.0, 27972.0]"
远航化工有限公司004558,9.132750503609361e+017,0,0,县级,5,4,5,-2323432,30910,"(27972.0, 31471.0]"
华泰智能有限公司004559,9.131227e+017,1,,,1,2,1,565656,18860,"(17855.0, 21364.0]"
华信智能集团有限公司004560,9.134617469671603e+017,1,1,市级,6,1,,6767,26500,"(24660.0, 27972.0]"
华信智能集团有限公司004561,9.13565711995e+017,1,,省级,2,3,1,-3434545,31780,"(31471.0, 35000.0]"
博雅医药有限责任公司004562,9.1313567877142e+017,1,1,,,4,4,565656,27260,"(24660.0, 27972.0]"
天成医药股份有限公司004563,9.131051381015516e+017,0,1,,,5,5,565,12360,"(10954.0, 14480.0]"
博雅生物集团有限公司004564,9.13651e+017,,,,2,7,7,-3434545,11250,"(10954.0, 14480.0]"
盛世机械集团有限公司004565,9.137582930420e+017,1,,国家级,1,2,6,6767,24220,"(21364.0, 24660.0]"
汇通科技有限责任公司004566,9.1360384457055e+017,0,0,,1,4,7,565,9490,"(7370.0, 10954.0]"
永泰电子集团有限公司004567,9.134923e+017,0,,国家级,3,1,4,-2323432,18900,"(17855.0, 21364.0]"
联创信息股份有限公司004568,9.1320677e+017,0,1,县级,3,4,1,5656,13900,"(10954.0, 14480.0]"
启明能源有限公司004569,9.13500776312042e+017,1,1,县级,,2,3,-3434545,7750,"(7370.0, 10954.0]"
博雅材料有限公司004570,9.134051e+017,1,1,省级,4,3,,343434,3470,"(49.999, 3780.0]"
瑞丰化工股份有限公司004571,9.130287902314995e+017,0,1,县级,5,,1,565656,33680,"(31471.0, 35000.0]"
博雅生物集团有限公司004572,9.13235e+017,1,0,,6,2,4,565656,9110,"(7370.0, 10954.0]"
金鼎信息有限责任公司004573,9.1397358824416e+017,1,0,,5,,7,-3434545,31810,"(31471.0, 35000.0]"
创元医药股份有限公司004574,9.13580552041e+017,1,1,县级,2,4,3,-2323432,11810,"(10954.0, 14480.0]"
汇通机械股份有限公司004575,9.13594021614370e+017,0,1,,,1,5,-3434545,22310,"(21364.0, 24660.0]"
联创机械有限公司004576,9.134831578152606e+017,1,,,5,,,565,16320,"(14480.0, 17855.0]"
汇通机械股份有限公司004577,9.13781469023305e+017,,1,省级,3,5,3,6767,17910,"(17855.0, 21364.0]"
启明网络有限公司004578,9.13257026580174e+017,1,1,省级,,6,7,-2323432,11790,"(10954.0, 14480.0]"
嘉禾物流股份有限公司004579,9.1384292391e+017,0,1,国家级,4,7,2,-3434545,10420,"(7370.0, 10954.0]"
永泰信息有限公司004580,9.136173391198332e+017,1,0,,6,5,,6767,32960,"(31471.0, 35000.0]"
金鼎电子有限责任公司004581,9.1383e+017,1,1,县级,6,5,5,5656,5820,"(3780.0, 7370.0]"
鼎盛装备有限公司004582,9.133488148442342e+017,0,0,省级,5,7,2,565656,5960,"(3780.0, 7370.0]"
博雅化工有限公司004583,9.130572516e+017,1,1,国家级,1,2,1,565,29480,"(27972.0, 31471.0]"
星河食品有限责任公司004584,9.1332003745e+017,0,0,县级,4,5,7,-2323432,31990,"(31471.0, 35000.0]"
创元环保集团有限公司004585,9.137172e+017,1,0,省级,,5,5,6767,32890,"(31471.0, 35000.0]"
星河建设有限责任公司004586,9.136302385e+017,0,0,,4,,3,-3434545,7850,"(7370.0, 10954.0]"
嘉禾生物有限公司004587,9.1325291877e+017,0,0,省级,5,4,7,-2323432,18750,"(17855.0, 21364.0]"
中原纺织股份有限公司004588,9.139577048e+017,0,0,县级,,,,676767,19460,"(17855.0, 21364.0]"
创元化工有限公司004589,9.13263106815e+017,1,1,市级,4,,6,565,17920,"(17855.0, 21364.0]"
永泰纺织股份有限公司004590,9.13683189e+017,1,1,县级,6,2,6,-3434545,34500,"(31471.0, 35000.0]"
瑞丰环保集团有限公司004591,9.1330132708930071e+017,1,1,县级,7,4,3,343434,10330,"(7370.0, 10954.0]"
天成智能有限责任公司004592,9.13460260930482e+017,0,0,,4,1,3,565,17230,"(14480.0, 17855.0]"
嘉禾装备有限责任公司004593,9.137474926713290e+017,1,1,省级,4,5,3,565,20890,"(17855.0, 21364.0]"
博雅信息股份有限公司004594,9.134806e+017,1,1,县级,,7,5,565,21990,"(21364.0, 24660.0]"
中原食品有限公司004595,9.131834409325145e+017,0,0,市级,,2,1,676767,7470,"(7370.0, 10954.0]"
华泰信息有限公司004596,9.139728109062032e+017,1,1,市级,,1,3,6767,5410,"(3780.0, 7370.0]"
汇通智能股份有限公司004597,9.1340720515e+017,1,0,市级,5,2,3,343434,4030,"(3780.0, 7370.0]"
汇通医药有限公司004598,9.13008e+017,,1,国家级,5,3,5,5656,22290,"(21364.0, 24660.0]"
中原材料股份有限公司004599,9.132359e+017,0,1,省级,2,,2,565656,31580,"(31471.0, 35000.0]"
星河信息有限责任公司004600,9.13254568479917e+017,0,0,县级,3,6,,565,29100,"(27972.0, 31471.0]"
创元网络有限责任公司004601,9.1373421426e+017,1,1,国家级,1,5,6,-3434545,15520,"(14480.0, 17855.0]"
嘉禾智能有限责任公司004602,9.1330558186382543e+017,1,1,国家级,4,1,7,5656,15050,"(14480.0, 17855.0]"
金鼎网络集团有限公司004603,9.1313605797927023e+017,1,1,省级,2,,5,6767,6370,"(3780.0, 7370.0]"
瑞丰贸易股份有限公司004604,9.138261e+017,1,1,省级,2,3,4,-3434545,11290,"(10954.0, 14480.0]"
联创装备有限责任公司004605,9.13562217146741e+017,0,1,国家级,5,5,5,6767,3350,"(49.999, 3780.0]"
联创贸易有限公司004606,9.13186369076699e+017,0,0,,1,5,1,565656,14360,"(10954.0, 14480.0]"
嘉禾纺织集团有限公司004607,9.135145e+017,1,0,国家级,1,5,2,5656,3450,"(49.999, 3780.0]"
汇通信息有限责任公司004608,9.13997070e+017,1,1,,3,6,2,-3434545,19400,"(17855.0, 21364.0]"
永泰贸易集团有限公司004609,9.134961255592e+017,,1,省级,6,5,4,565656,14590,"(14480.0, 17855.0]"
嘉禾能源有限公司004610,9.1350832e+017,0,0,国家级,7,7,1,5656,13310,"(10954.0, 14480.0]"
瑞丰医药集团有限公司004611,9.1361e+017,0,1,县级,6,,3,6767,30870,"(27972.0, 31471.0]"
盛世建设股份有限公司004612,9.13810e+017,0,0,省级,5,3,7,565,13650,"(10954.0, 14480.0]"
天成科技股份有限公司004613,9.13070916170e+017,1,,市级,3,4,4,-3434545,26430,"(24660.0, 27972.0]"
嘉禾医药有限公司004614,9.13339e+017,1,0,市级,4,,6,343434,12810,"(10954.0, 14480.0]"
创元电子股份有限公司004615,9.13063498e+017,0,0,省级,1,7,,343434,29060,"(27972.0, 31471.0]"
永泰化工有限公司004616,9.1372687720e+017,1,0,市级,,3,7,676767,3310,"(49.999, 3780.0]"
华信纺织集团有限公司004617,9.1387191e+017,0,1,省级,3,,4,565656,25750,"(24660.0, 27972.0]"
星河医药股份有限公司004618,9.131792860477327e+017,1,0,,6,7,4,565656,16350,"(14480.0, 17855.0]"
嘉禾装备有限公司004619,9.13791915883452e+017,1,1,县级,3,5,1,6767,1790,"(49.999, 3780.0]"
永泰生物有限公司004620,9.130896e+017,1,0,国家级,,2,,343434,11610,"(10954.0, 14480.0]"
盛世医药集团有限公司004621,9.137086e+017,1,,省级,,5,7,5656,9900,"(7370.0, 10954.0]"
华信食品有限责任公司004622,9.13819159778146e+017,1,1,县级,4,5,1,-2323432,25330,"(24660.0, 27972.0]"
联创科技集团有限公司004623,9.13304658863931e+017,0,1,国家级,,1,5,565656,4690,"(3780.0, 7370.0]"
汇通机械股份有限公司004624,9.1384312647386e+017,0,0,国家级,6,1,7,-2323432,30590,"(27972.0, 31471.0]"
天成物流有限公司004625,9.13751e+017,1,1,省级,4,,4,6767,21280,"(17855.0, 21364.0]"
宏达贸易有限公司004626,9.13014e+017,0,0,省级,7,5,7,6767,150,"(49.999, 3780.0]"
永泰建设有限责任公司004627,9.1340488746961059e+017,0,1,,4,,4,-2323432,3230,"(49.999, 3780.0]"
创元建设有限责任公司004628,9.13837469e+017,0,1,县级,3,5,3,-3434545,28380,"(27972.0, 31471.0]"
宏达医药股份有限公司004629,9.1321526064416e+017,0,0,市级,,6,,-3434545,22630,"(21364.0, 24660.0]"
星河电子有限公司004630,9.137358844e+017,1,0,,3,,4,-3434545,31740,"(31471.0, 35000.0]"
博雅建设集团有限公司004631,9.13881e+017,0,,省级,,,2,-2323432,21610,"(21364.0, 24660.0]"
天成机械集团有限公司004632,9.136444947661e+017,1,1,省级,7,5,1,-2323432,7040,"(3780.0, 7370.0]"
华泰机械集团有限公司004633,9.13509203e+017,0,1,省级,5,1,,-3434545,34500,"(31471.0, 35000.0]"
联创化工集团有限公司004634,9.136687098904508e+017,0,1,省级,1,2,,565656,6900,"(3780.0, 7370.0]"
创元智能集团有限公司004635,9.139878326970e+017,0,1,国家级,4,7,7,-3434545,22260,"(21364.0, 24660.0]"
中原贸易有限责任公司004636,9.139009539e+017,1,,县级,2,6,,676767,19810,"(17855.0, 21364.0]"
华信机械有限责任公司004637,9.139297082068e+017,0,1,省级,6,,5,5656,2880,"(49.999, 3780.0]"
汇通食品有限责任公司004638,9.131560e+017,1,1,省级,2,1,1,-2323432,18740,"(17855.0, 21364.0]"
天成机械有限责任公司004639,9.13199e+017,1,1,县级,5,1,5,676767,20030,"(17855.0, 21364.0]"
天成化工有限公司004640,9.130710726456292e+017,0,,县级,5,4,7,565,9280,"(7370.0, 10954.0]"
星河电子股份有限公司004641,9.13878278e+017,1,1,市级,2,7,7,6767,17980,"(17855.0, 21364.0]"
创元纺织股份有限公司004642,9.13892838812e+017,1,,国家级,2,2,1,5656,17080,"(14480.0, 17855.0]"
鼎盛材料股份有限公司004643,9.1316469487112e+017,1,1,,7,,7,565656,23170,"(21364.0, 24660.0]"
中原网络有限公司004644,9.133592491616e+017,0,1,国家级,3,7,3,676767,23310,"(21364.0, 24660.0]"
博雅智能集团有限公司004645,9.1367e+017,0,1,市级,5,3,4,565,23950,"(21364.0, 24660.0]"
盛世贸易有限责任公司004646,9.13061e+017,0,1,市级,1,5,6,565,17560,"(14480.0, 17855.0]"
华泰网络股份有限公司004647,9.13288e+017,0,1,县级,1,1,3,5656,8400,"(7370.0, 10954.0]"
华泰化工有限责任公司004648,9.13672245484e+017,1,0,,,,3,343434,1980,"(49.999, 3780.0]"
盛世能源股份有限公司004649,9.1350219032441332e+017,0,1,省级,,,2,565656,32880,"(31471.0, 35000.0]"
嘉禾生物有限责任公司004650,9.134967e+017,,0,,5,1,2,343434,5820,"(3780.0, 7370.0]"
汇通食品有限责任公司004651,9.1387375616e+017,0,0,县级,3,4,,565,34240,"(31471.0, 35000.0]"
创元科技有限责任公司004652,9.1326350e+017,0,1,省级,7,1,6,-2323432,15290,"(14480.0, 17855.0]"
宏达智能股份有限公司004653,9.13843e+017,0,1,国家级,7,7,4,-2323432,31340,"(27972.0, 31471.0]"
金鼎医药有限责任公司004654,9.1311738635e+017,1,,市级,5,1,2,676767,16540,"(14480.0, 17855.0]"
联创化工股份有限公司004655,9.138095e+017,0,0,国家级,1,7,1,-2323432,33390,"(31471.0, 35000.0]"
汇通机械集团有限公司004656,9.1342577513824e+017,1,0,省级,6,,6,-3434545,23240,"(21364.0, 24660.0]"
天成装备有限责任公司004657,9.13017209e+017,1,,国家级,3,2,4,-3434545,16740,"(14480.0, 17855.0]"
联创电子集团有限公司004658,9.1320310e+017,0,1,省级,5,2,,6767,17040,"(14480.0, 17855.0]"
远航机械有限公司004659,9.13917179e+017,0,0,省级,,2,1,6767,6860,"(3780.0, 7370.0]"
华信智能有限公司004660,9.1336584107528911e+017,1,0,国家级,6,2,7,676767,16150,"(14480.0, 17855.0]"
嘉禾信息有限责任公司004661,9.13163e+017,0,1,省级,2,6,,5656,20640,"(17855.0, 21364.0]"
启明化工股份有限公司004662,9.13462565e+017,0,0,市级,6,4,2,676767,2380,"(49.999, 3780.0]"
远航机械有限公司004663,9.13880071921e+017,0,1,国家级,6,,4,6767,9670,"(7370.0, 10954.0]"
创元环保有限公司004664,9.139006954739406e+017,0,0,县级,6,5,1,343434,10810,"(7370.0, 10954.0]"
汇通医药集团有限公司004665,9.1310669947593e+017,1,1,,3,6,2,5656,5770,"(3780.0, 7370.0]"
联创装备有限公司004666,9.1372633248e+017,0,,县级,,1,7,-2323432,10430,"(7370.0, 10954.0]"
汇通贸易有限责任公司004667,9.1338531934864769e+017,1,1,县级,,,3,343434,1430,"(49.999, 3780.0]"
金鼎建设股份有限公司004668,9.137264194197e+017,1,0,国家级,3,4,2,343434,32470,"(31471.0, 35000.0]"
永泰网络集团有限公司004669,9.13985941661e+017,0,0,县级,2,1,5,343434,34640,"(31471.0, 35000.0]"
中原食品有限责任公司004670,9.1367119614004e+017,1,0,市级,1,,1,5656,18190,"(17855.0, 21364.0]"
创元食品有限责任公司004671,9.132692266400914e+017,0,0,省级,4,,2,343434,8470,"(7370.0, 10954.0]"
鼎盛装备股份有限公司004672,9.139296671e+017,1,1,县级,,,6,565,13520,"(10954.0, 14480.0]"
华信纺织集团有限公司004673,9.1371e+017,1,1,县级,3,7,,676767,14280,"(10954.0, 14480.0]"
鼎盛贸易有限公司004674,9.13809e+017,0,1,市级,1,6,,5656,31440,"(27972.0, 31471.0]"
博雅物流有限责任公司004675,9.13700828639e+017,,0,县级,2,3,7,565,18590,"(17855.0, 21364.0]"
华泰食品有限责任公司004676,9.1330177009345746e+017,1,0,,4,,2,-2323432,26730,"(24660.0, 27972.0]"
鼎盛贸易股份有限公司004677,9.1310405871e+017,1,0,省级,2,,2,343434,30640,"(27972.0, 31471.0]"
瑞丰科技有限公司004678,9.136416505e+017,,1,县级,5,4,4,676767,7610,"(7370.0, 10954.0]"
金鼎建设股份有限公司004679,9.1346667040571e+017,1,0,市级,2,7,7,-3434545,20950,"(17855.0, 21364.0]"
星河智能集团有限公司004680,9.1361912286e+017,1,0,市级,1,2,7,-2323432,5520,"(3780.0, 7370.0]"
汇通智能股份有限公司004681,9.1336472e+017,0,0,省级,6,2,,6767,27450,"(24660.0, 27972.0]"
联创化工有限公司004682,9.1329914e+017,0,1,省级,5,2,3,-3434545,22370,"(21364.0, 24660.0]"
天成信息有限公司004683,9.1324336e+017,1,1,,2,4,5,676767,13030,"(10954.0, 14480.0]"
汇通生物集团有限公司004684,9.1304859131e+017,,1,县级,2,,5,565656,30410,"(27972.0, 31471.0]"
中原机械股份有限公司004685,9.1309e+017,1,0,市级,,4,2,565,10120,"(7370.0, 10954.0]"
天成信息股份有限公司004686,9.1339e+017,1,0,市级,3,6,6,-3434545,25200,"(24660.0, 27972.0]"
瑞丰信息有限责任公司004687,9.13451566009e+017,1,1,省级,6,4,1,676767,17730,"(14480.0, 17855.0]"
盛世纺织股份有限公司004688,9.13481073786386e+017,,1,县级,5,3,1,676767,34850,"(31471.0, 35000.0]"
宏达能源股份有限公司004689,9.1366991672e+017,0,1,省级,7,,7,676767,30880,"(27972.0, 31471.0]"
宏达信息有限公司004690,9.134467533404e+017,,0,省级,1,1,3,-3434545,5530,"(3780.0, 7370.0]"
华泰食品有限公司004691,9.13492846178804e+017,0,0,,1,5,4,676767,11050,"(10954.0, 14480.0]"
盛世机械有限责任公司004692,9.135986e+017,1,0,省级,6,,6,6767,12470,"(10954.0, 14480.0]"
瑞丰化工股份有限公司004693,9.13875032e+017,1,0,国家级,6,7,2,565656,19270,"(17855.0, 21364.0]"
天成物流集团有限公司004694,9.13280e+017,0,1,国家级,3,5,7,-3434545,16050,"(14480.0, 17855.0]"
天成纺织有限责任公司004695,9.13192465941518e+017,0,0,,7,1,3,-2323432,19430,"(17855.0, 21364.0]"
汇通装备有限责任公司004696,9.1360933773286478e+017,1,1,省级,5,,2,-2323432,30800,"(27972.0, 31471.0]"
联创智能股份有限公司004697,9.1327e+017,1,0,省级,3,3,2,5656,29860,"(27972.0, 31471.0]"
嘉禾纺织有限责任公司004698,9.13155899254e+017,0,1,县级,7,6,3,343434,29500,"(27972.0, 31471.0]"
宏达装备集团有限公司004699,9.1368602e+017,0,,省级,7,3,3,676767,15050,"(14480.0, 17855.0]"
嘉禾信息股份有限公司004700,9.13991e+017,1,,国家级,3,4,7,-3434545,11450,"(10954.0, 14480.0]"
星河装备集团有限公司004701,9.139196061449482e+017,,1,市级,1,4,6,343434,13620,"(10954.0, 14480.0]"
创元纺织有限责任公司004702,9.13647e+017,0,,国家级,,5,3,-3434545,6360,"(3780.0, 7370.0]"
宏达建设有限公司004703,9.1333e+017,,1,市级,4,1,2,-3434545,1780,"(49.999, 3780.0]"
永泰装备有限公司004704,9.13569e+017,1,1,国家级,2,4,2,565,29940,"(27972.0, 31471.0]"
华信装备集团有限公司004705,9.13464380367e+017,0,0,国家级,1,4,4,565,32840,"(31471.0, 35000.0]"
远航信息集团有限公司004706,9.13220069787e+017,1,0,县级,4,,,5656,13990,"(10954.0, 14480.0]"
华信机械集团有限公司004707,9.1396998857938341e+017,0,0,国家级,4,,3,-3434545,1220,"(49.999, 3780.0]"
瑞丰环保有限公司004708,9.1389805388297236e+017,0,1,县级,7,4,2,-3434545,13410,"(10954.0, 14480.0]"
嘉禾电子集团有限公司004709,9.1398210e+017,1,0,省级,1,6,1,-3434545,27710,"(24660.0, 27972.0]"
博雅能源有限责任公司004710,9.13687e+017,0,,县级,1,7,7,-2323432,11050,"(10954.0, 14480.0]"
瑞丰化工有限公司004711,9.13626327492e+017,1,0,省级,,1,6,676767,7320,"(3780.0, 7370.0]"
天成生物有限公司004712,9.1376e+017,0,0,省级,,2,1,5656,1760,"(49.999, 3780.0]"
创元装备有限责任公司004713,9.13819081548500e+017,,0,县级,1,5,4,5656,20360,"(17855.0, 21364.0]"
永泰机械有限公司004714,9.1303e+017,,1,市级,3,5,3,565,15430,"(14480.0, 17855.0]"
嘉禾科技集团有限公司004715,9.1395682e+017,0,0,县级,6,1,5,565656,18890,"(17855.0, 21364.0]"
华信科技有限公司004716,9.1302746e+017,1,1,市级,4,5,6,565656,3570,"(49.999, 3780.0]"
中原材料集团有限公司004717,9.131029957229355e+017,0,1,市级,,2,5,-3434545,29940,"(27972.0, 31471.0]"
永泰生物有限责任公司004718,9.13514818e+017,0,0,,4,3,,-2323432,26220,"(24660.0, 27972.0]"
永泰纺织股份有限公司004719,9.1308711e+017,1,0,省级,6,,,676767,30190,"(27972.0, 31471.0]"
创元能源股份有限公司004720,9.135822043e+017,1,1,国家级,5,3,5,565,17780,"(14480.0, 17855.0]"
创元纺织集团有限公司004721,9.13791890e+017,0,1,省级,2,5,1,-2323432,26590,"(24660.0, 27972.0]"
金鼎生物有限责任公司004722,9.13440371e+017,0,0,市级,4,7,3,565656,27340,"(24660.0, 27972.0]"
天成医药有限责任公司004723,9.135811665792708e+017,,1,市级,,7,,-3434545,8450,"(7370.0, 10954.0]"
联创电子有限公司004724,9.13069457e+017,1,0,市级,,2,7,565656,9480,"(7370.0, 10954.0]"
鼎盛医药有限责任公司004725,9.13741e+017,0,,省级,7,7,6,676767,34020,"(31471.0, 35000.0]"
永泰贸易集团有限公司004726,9.13855e+017,1,,市级,6,,2,676767,28320,"(27972.0, 31471.0]"
永泰贸易有限公司004727,9.13231750401e+017,0,1,省级,5,,7,565,11160,"(10954.0, 14480.0]"
盛世智能股份有限公司004728,9.1373023e+017,1,0,省级,,1,6,-3434545,21770,"(21364.0, 24660.0]"
金鼎物流集团有限公司004729,9.1311337399e+017,,,市级,4,1,5,565,13260,"(10954.0, 14480.0]"
创元医药集团有限公司004730,9.1326091e+017,1,0,国家级,,3,6,-2323432,15480,"(14480.0, 17855.0]"
博雅装备有限责任公司004731,9.1315537410e+017,,0,市级,5,,3,6767,23040,"(21364.0, 24660.0]"
鼎盛食品集团有限公司004732,9.1354036240896230e+017,0,0,市级,,,5,343434,28980,"(27972.0, 31471.0]"
博雅科技有限公司004733,9.139873e+017,1,0,省级,,2,2,-3434545,1110,"(49.999, 3780.0]"
华信智能有限责任公司004734,9.13433828e+017,1,0,省级,,6,5,-3434545,19710,"(17855.0, 21364.0]"
汇通信息有限责任公司004735,9.1321e+017,1,0,,5,7,6,565,31140,"(27972.0, 31471.0]"
华信网络有限责任公司004736,9.131445422034e+017,0,,国家级,3,6,1,565,15370,"(14480.0, 17855.0]"
鼎盛生物股份有限公司004737,9.131054047894e+017,0,0,省级,5,4,2,676767,29300,"(27972.0, 31471.0]"
金鼎纺织股份有限公司004738,9.13279908810911e+017,1,0,省级,5,7,1,6767,12950,"(10954.0, 14480.0]"
远航建设集团有限公司004739,9.1368513498273492e+017,1,1,市级,,1,7,565,23730,"(21364.0, 24660.0]"
星河机械有限公司004740,9.1390e+017,1,1,省级,3,6,7,343434,21560,"(21364.0, 24660.0]"
天成电子集团有限公司004741,9.1371077017e+017,,0,省级,7,6,6,565,15290,"(14480.0, 17855.0]"
嘉禾装备有限公司004742,9.1372769767841e+017,0,0,市级,6,3,1,343434,26500,"(24660.0, 27972.0]"
鼎盛能源股份有限公司004743,9.1304e+017,1,1,国家级,5,6,3,-2323432,12600,"(10954.0, 14480.0]"
博雅物流有限公司004744,9.1321330919067e+017,1,0,国家级,5,3,4,-3434545,9730,"(7370.0, 10954.0]"
星河机械有限公司004745,9.1326749174e+017,1,1,市级,4,,5,-3434545,28700,"(27972.0, 31471.0]"
启明化工股份有限公司004746,9.13630496618032e+017,0,0,县级,4,5,7,-2323432,14500,"(14480.0, 17855.0]"
远航信息有限公司004747,9.1383e+017,0,1,县级,5,6,5,5656,3780,"(49.999, 3780.0]"
宏达食品有限公司004748,9.1379007117e+017,1,0,国家级,,2,5,676767,8390,"(7370.0, 10954.0]"
天成材料集团有限公司004749,9.13911e+017,1,0,,3,,2,343434,16730,"(14480.0, 17855.0]"
盛世纺织有限公司004750,9.13763e+017,0,1,国家级,,2,4,5656,8280,"(7370.0, 10954.0]"
联创机械集团有限公司004751,9.1306298145105e+017,1,1,市级,7,1,6,-2323432,4810,"(3780.0, 7370.0]"
嘉禾建设有限公司004752,9.13080991e+017,0,,县级,5,,3,-3434545,10790,"(7370.0, 10954.0]"
盛世科技有限公司004753,9.13903479e+017,1,1,县级,1,1,,565656,15180,"(14480.0, 17855.0]"
华泰纺织股份有限公司004754,9.1304931e+017,1,0,省级,,3,7,676767,26740,"(24660.0, 27972.0]"
创元信息有限责任公司004755,9.131530633e+017,1,0,省级,1,2,2,6767,12090,"(10954.0, 14480.0]"
金鼎医药集团有限公司004756,9.1364251179087577e+017,1,1,省级,,6,6,5656,12470,"(10954.0, 14480.0]"
天成生物有限责任公司004757,9.1391e+017,0,0,省级,1,1,1,-2323432,33530,"(31471.0, 35000.0]"
启明环保有限公司004758,9.13724571e+017,0,1,国家级,2,3,6,6767,29990,"(27972.0, 31471.0]"
鼎盛生物有限公司004759,9.13978425539e+017,,1,市级,,,3,565656,17770,"(14480.0, 17855.0]"
盛世信息股份有限公司004760,9.13196453e+017,1,0,,6,,4,5656,11750,"(10954.0, 14480.0]"
宏达能源有限公司004761,9.133981937e+017,0,0,县级,,5,3,343434,32430,"(31471.0, 35000.0]"
永泰化工股份有限公司004762,9.1359423236178961e+017,,1,县级,3,7,2,-3434545,6490,"(3780.0, 7370.0]"
华信生物有限责任公司004763,9.1393e+017,,1,,2,,4,6767,5590,"(3780.0, 7370.0]"
启明材料集团有限公司004764,9.1317999890883e+017,0,1,县级,4,4,,6767,24820,"(24660.0, 27972.0]"
汇通化工有限公司004765,9.1320e+017,0,1,国家级,,4,1,343434,18320,"(17855.0, 21364.0]"
创元材料有限责任公司004766,9.13558e+017,1,0,,7,7,,565656,22040,"(21364.0, 24660.0]"
金鼎信息有限责任公司004767,9.1341750465e+017,1,0,,3,1,7,6767,26930,"(24660.0, 27972.0]"
联创科技股份有限公司004768,9.13626e+017,1,,省级,1,2,5,-2323432,32770,"(31471.0, 35000.0]"
启明贸易有限责任公司004769,9.13823238516019e+017,0,0,,7,4,,565656,33430,"(31471.0, 35000.0]"
永泰机械集团有限公司004770,9.1309781e+017,0,1,市级,7,4,,-2323432,17600,"(14480.0, 17855.0]"
中原物流集团有限公司004771,9.136398335049367e+017,1,0,市级,5,6,6,6767,7470,"(7370.0, 10954.0]"
创元能源有限责任公司004772,9.13119e+017,1,0,省级,4,1,1,565,22840,"(21364.0, 24660.0]"
华泰物流有限公司004773,9.1333e+017,0,0,市级,7,1,4,565656,24760,"(24660.0, 27972.0]"
盛世材料有限公司004774,9.13393169746e+017,0,1,国家级,,2,3,343434,28330,"(27972.0, 31471.0]"
星河化工股份有限公司004775,9.1353363301e+017,1,0,县级,6,2,7,565656,27810,"(24660.0, 27972.0]"
华信食品集团有限公司004776,9.13614815213802e+017,0,0,国家级,3,4,5,565,29510,"(27972.0, 31471.0]"
联创电子有限责任公司004777,9.135009861e+017,0,0,省级,,3,1,565,29820,"(27972.0, 31471.0]"
金鼎科技有限责任公司004778,9.13960155e+017,0,0,县级,1,4,7,676767,27400,"(24660.0, 27972.0]"
远航信息有限责任公司004779,9.13555413260e+017,1,1,市级,2,3,3,6767,15080,"(14480.0, 17855.0]"
华信贸易集团有限公司004780,9.13277382026e+017,,1,市级,,3,6,-2323432,28660,"(27972.0, 31471.0]"
博雅建设有限公司004781,9.1302e+017,0,,,2,5,5,-3434545,18050,"(17855.0, 21364.0]"
远航网络有限公司004782,9.1333833790846093e+017,1,1,市级,2,3,4,565656,4480,"(3780.0, 7370.0]"
嘉禾食品股份有限公司004783,9.13651117118129e+017,,1,市级,7,4,1,565,12890,"(10954.0, 14480.0]"
博雅智能有限公司004784,9.138775462969347e+017,,1,,,,3,565,5800,"(3780.0, 7370.0]"
盛世智能有限公司004785,9.1306e+017,0,0,县级,,1,5,-2323432,8560,"(7370.0, 10954.0]"
永泰物流有限责任公司004786,9.1304520561874185e+017,0,1,市级,7,4,,565,30770,"(27972.0, 31471.0]"
启明装备有限公司004787,9.1342e+017,0,0,市级,4,7,7,565656,1220,"(49.999, 3780.0]"
启明材料有限公司004788,9.138276972246019e+017,0,1,县级,6,6,3,-2323432,7120,"(3780.0, 7370.0]"
中原物流有限责任公司004789,9.13684283888e+017,,0,市级,5,2,7,565,33290,"(31471.0, 35000.0]"
博雅智能股份有限公司004790,9.136321185133e+017,0,0,省级,,2,3,565,27560,"(24660.0, 27972.0]"
远航信息集团有限公司004791,9.13599619e+017,1,0,县级,7,4,5,676767,12180,"(10954.0, 14480.0]"
启明电子有限责任公司004792,9.1367e+017,1,1,市级,1,,2,5656,33090,"(31471.0, 35000.0]"
鼎盛装备有限责任公司004793,9.138022259625e+017,,1,县级,5,2,3,6767,12270,"(10954.0, 14480.0]"
联创贸易集团有限公司004794,9.1339300344647e+017,0,1,省级,3,7,4,5656,20180,"(17855.0, 21364.0]"
中原物流股份有限公司004795,9.13846e+017,1,,县级,3,,6,565656,15090,"(14480.0, 17855.0]"
创元能源集团有限公司004796,9.1362340910462e+017,0,1,县级,5,4,5,-2323432,6580,"(3780.0, 7370.0]"
瑞丰生物股份有限公司004797,9.1335723479646e+017,0,1,市级,5,,7,343434,1360,"(49.999, 3780.0]"
金鼎医药集团有限公司004798,9.1317361e+017,0,1,市级,1,4,,343434,27490,"(24660.0, 27972.0]"
瑞丰纺织有限责任公司004799,9.134238236567e+017,1,1,国家级,6,7,7,676767,26180,"(24660.0, 27972.0]"
联创纺织集团有限公司004800,9.13830375e+017,1,0,,4,7,3,676767,7570,"(7370.0, 10954.0]"
永泰纺织集团有限公司004801,9.139146e+017,,1,县级,2,5,,676767,1910,"(49.999, 3780.0]"
博雅生物有限公司004802,9.1368336e+017,1,0,县级,3,2,5,-3434545,21590,"(21364.0, 24660.0]"
华泰建设集团有限公司004803,9.13311374959e+017,1,0,,3,,4,565,8980,"(7370.0, 10954.0]"
华泰食品有限公司004804,9.13615031521972e+017,1,1,县级,3,5,4,-2323432,19680,"(17855.0, 21364.0]"
创元物流股份有限公司004805,9.139070916044e+017,1,,国家级,4,1,1,-2323432,25580,"(24660.0, 27972.0]"
鼎盛食品集团有限公司004806,9.1350398200284e+017,1,0,国家级,5,,4,565656,27000,"(24660.0, 27972.0]"
宏达化工集团有限公司004807,9.1347692706e+017,0,0,县级,,7,2,6767,9440,"(7370.0, 10954.0]"
金鼎医药集团有限公司004808,9.1394454023723972e+017,,,市级,1,,4,565656,18050,"(17855.0, 21364.0]"
创元网络集团有限公司004809,9.1349e+017,1,0,国家级,7,4,,565,15260,"(14480.0, 17855.0]"
瑞丰物流有限公司004810,9.1392276419e+017,0,0,国家级,6,3,6,343434,30520,"(27972.0, 31471.0]"
联创能源有限公司004811,9.131149607e+017,0,0,市级,6,4,1,565656,23490,"(21364.0, 24660.0]"
联创机械集团有限公司004812,9.137148305e+017,0,1,市级,6,7,3,5656,6090,"(3780.0, 7370.0]"
汇通装备股份有限公司004813,9.1331e+017,0,,县级,4,4,2,-3434545,26680,"(24660.0, 27972.0]"
启明建设有限公司004814,9.1307e+017,0,1,县级,1,5,,565,14550,"(14480.0, 17855.0]"
天成纺织股份有限公司004815,9.13210119620e+017,1,1,国家级,7,7,,565,15030,"(14480.0, 17855.0]"
金鼎化工有限责任公司004816,9.136491773163062e+017,1,0,省级,5,1,,-2323432,33460,"(31471.0, 35000.0]"
瑞丰科技有限公司004817,9.135436e+017,1,1,市级,1,6,6,343434,34210,"(31471.0, 35000.0]"
创元化工有限责任公司004818,9.13976011e+017,0,1,市级,2,5,1,6767,450,"(49.999, 3780.0]"
华信电子股份有限公司004819,9.1322916e+017,1,0,国家级,,1,3,-2323432,13970,"(10954.0, 14480.0]"
瑞丰网络股份有限公司004820,9.13705680e+017,1,,国家级,4,6,6,5656,990,"(49.999, 3780.0]"
创元贸易有限责任公司004821,9.132650e+017,1,1,县级,7,2,6,565656,15920,"(14480.0, 17855.0]"
天成网络有限责任公司004822,9.1310369162e+017,1,1,国家级,6,3,3,-3434545,32350,"(31471.0, 35000.0]"
联创贸易有限公司004823,9.1329106974364967e+017,1,,县级,6,2,2,676767,30480,"(27972.0, 31471.0]"
华信科技有限公司004824,9.131947428e+017,,0,县级,2,7,1,676767,7960,"(7370.0, 10954.0]"
联创装备股份有限公司004825,9.1302343157594511e+017,0,0,国家级,5,7,1,5656,26650,"(24660.0, 27972.0]"
瑞丰医药股份有限公司004826,9.1332563372e+017,1,0,县级,1,6,,-3434545,3310,"(49.999, 3780.0]"
金鼎装备股份有限公司004827,9.13200073272e+017,0,0,国家级,1,1,,-2323432,1330,"(49.999, 3780.0]"
博雅装备有限责任公司004828,9.134365426999845e+017,0,0,县级,5,,4,-3434545,3620,"(49.999, 3780.0]"
金鼎环保有限责任公司004829,9.132021e+017,1,0,市级,,2,3,-3434545,4420,"(3780.0, 7370.0]"
华泰食品有限责任公司004830,9.132341e+017,1,0,,7,7,4,5656,25540,"(24660.0, 27972.0]"
宏达材料有限责任公司004831,9.1334398388534263e+017,,1,,,6,3,-2323432,29090,"(27972.0, 31471.0]"
华泰材料集团有限公司004832,9.139076838412361e+017,0,0,县级,3,6,4,-2323432,9080,"(7370.0, 10954.0]"
天成贸易集团有限公司004833,9.136498767e+017,1,1,省级,7,1,,676767,30570,"(27972.0, 31471.0]"
宏达化工股份有限公司004834,9.1345776230503051e+017,,,省级,1,1,6,6767,14460,"(10954.0, 14480.0]"
宏达物流股份有限公司004835,9.1376331071468388e+017,0,0,市级,3,2,7,676767,27970,"(24660.0, 27972.0]"
博雅智能集团有限公司004836,9.1365e+017,0,1,市级,1,6,1,343434,26990,"(24660.0, 27972.0]"
远航生物股份有限公司004837,9.13817479145252e+017,0,0,市级,1,7,6,676767,21430,"(21364.0, 24660.0]"
星河物流股份有限公司004838,9.1347179440e+017,1,0,县级,3,1,5,-3434545,31150,"(27972.0, 31471.0]"
远航网络有限责任公司004839,9.1324223e+017,,0,县级,6,3,6,-2323432,18000,"(17855.0, 21364.0]"
永泰建设有限公司004840,9.136202841854e+017,0,,,5,6,7,6767,33090,"(31471.0, 35000.0]"
星河信息集团有限公司004841,9.1395633714e+017,1,1,,4,4,3,-2323432,12080,"(10954.0, 14480.0]"
瑞丰能源股份有限公司004842,9.1334814e+017,0,1,市级,3,6,2,565656,26350,"(24660.0, 27972.0]"
瑞丰装备有限公司004843,9.13422724491198e+017,0,0,国家级,5,1,4,676767,19080,"(17855.0, 21364.0]"
盛世装备集团有限公司004844,9.1354092705141e+017,1,0,国家级,4,7,4,6767,18880,"(17855.0, 21364.0]"
星河建设集团有限公司004845,9.13245989e+017,1,,县级,3,,,343434,34230,"(31471.0, 35000.0]"
博雅能源集团有限公司004846,9.13916e+017,1,1,县级,6,4,5,6767,9460,"(7370.0, 10954.0]"
远航智能有限公司004847,9.130285e+017,0,0,省级,5,,3,565,26360,"(24660.0, 27972.0]"
创元装备集团有限公司004848,9.13662e+017,0,1,国家级,6,2,7,-3434545,16050,"(14480.0, 17855.0]"
嘉禾信息有限责任公司004849,9.1351109e+017,0,1,市级,6,5,,565656,34120,"(31471.0, 35000.0]"
金鼎生物股份有限公司004850,9.1300540757e+017,1,1,县级,6,2,4,343434,24010,"(21364.0, 24660.0]"
远航网络集团有限公司004851,9.1357789827677074e+017,0,0,国家级,2,5,2,5656,20480,"(17855.0, 21364.0]"
盛世智能有限责任公司004852,9.13411e+017,1,0,国家级,2,6,,5656,12640,"(10954.0, 14480.0]"
嘉禾食品有限公司004853,9.13451e+017,1,0,省级,1,3,2,5656,3860,"(3780.0, 7370.0]"
瑞丰智能集团有限公司004854,9.1354801e+017,1,0,国家级,1,,,565,2630,"(49.999, 3780.0]"
瑞丰材料有限公司004855,9.1333283484109361e+017,1,0,国家级,4,2,7,-3434545,18810,"(17855.0, 21364.0]"
中原网络有限责任公司004856,9.13034628244e+017,1,,省级,4,7,2,343434,6600,"(3780.0, 7370.0]"
创元装备股份有限公司004857,9.1349105e+017,0,0,县级,6,4,,5656,27940,"(24660.0, 27972.0]"
瑞丰科技集团有限公司004858,9.13002e+017,0,0,,6,2,7,-3434545,3420,"(49.999, 3780.0]"
博雅电子有限责任公司004859,9.1324424919846e+017,0,1,县级,7,1,2,5656,7430,"(7370.0, 10954.0]"
宏达食品集团有限公司004860,9.13117864344772e+017,1,1,省级,2,4,,676767,34640,"(31471.0, 35000.0]"
宏达建设有限公司004861,9.1376885e+017,0,0,,7,2,7,5656,5540,"(3780.0, 7370.0]"
汇通材料集团有限公司004862,9.13235021351248e+017,1,0,县级,7,3,,676767,27880,"(24660.0, 27972.0]"
中原机械集团有限公司004863,9.1368e+017,0,0,,6,4,,676767,22000,"(21364.0, 24660.0]"
永泰能源有限公司004864,9.1321691388532088e+017,1,1,市级,1,,3,5656,25450,"(24660.0, 27972.0]"
博雅纺织集团有限公司004865,9.13520906413e+017,1,1,,,,4,-3434545,16240,"(14480.0, 17855.0]"
天成能源股份有限公司004866,9.132434318021e+017,,0,县级,,,4,5656,11190,"(10954.0, 14480.0]"
嘉禾食品有限公司004867,9.13303163959e+017,0,,市级,6,4,7,676767,9890,"(7370.0, 10954.0]"
星河食品股份有限公司004868,9.133356722e+017,1,0,省级,2,2,4,-2323432,1830,"(49.999, 3780.0]"
远航贸易集团有限公司004869,9.1399e+017,1,,县级,,1,,-2323432,4510,"(3780.0, 7370.0]"
星河建设股份有限公司004870,9.1359007e+017,,0,省级,3,4,5,5656,1400,"(49.999, 3780.0]"
启明智能有限公司004871,9.1363661718789465e+017,0,0,省级,7,7,2,565656,33790,"(31471.0, 35000.0]"
启明纺织股份有限公司004872,9.1336707241334453e+017,1,1,市级,5,1,4,6767,16530,"(14480.0, 17855.0]"
华泰装备股份有限公司004873,9.1358870644913202e+017,0,1,县级,2,2,3,565656,7060,"(3780.0, 7370.0]"
嘉禾网络有限公司004874,9.1383962165768e+017,0,0,市级,,4,6,5656,3050,"(49.999, 3780.0]"
盛世装备有限公司004875,9.133825534e+017,1,0,,,5,1,-3434545,330,"(49.999, 3780.0]"
天成纺织有限责任公司004876,9.13481636172e+017,1,0,市级,3,1,2,565,12600,"(10954.0, 14480.0]"
华泰装备集团有限公司004877,9.13335448e+017,1,0,国家级,5,7,3,6767,32850,"(31471.0, 35000.0]"
宏达食品集团有限公司004878,9.1342989713403e+017,0,1,省级,7,5,2,565,19600,"(17855.0, 21364.0]"
鼎盛网络有限公司004879,9.139925e+017,0,1,,2,3,5,676767,25100,"(24660.0, 27972.0]"
博雅生物股份有限公司004880,9.1327e+017,1,1,省级,5,6,6,343434,29370,"(27972.0, 31471.0]"
华信医药集团有限公司004881,9.13974301043e+017,0,0,国家级,,6,1,-2323432,5020,"(3780.0, 7370.0]"
华泰建设集团有限公司004882,9.136353717750139e+017,1,1,,6,6,4,565,23330,"(21364.0, 24660.0]"
中原物流有限责任公司004883,9.1372e+017,1,1,国家级,5,,4,6767,8990,"(7370.0, 10954.0]"
天成能源集团有限公司004884,9.138447413841774e+017,,1,县级,,5,1,565656,9510,"(7370.0, 10954.0]"
博雅建设有限公司004885,9.1371e+017,1,1,市级,2,3,4,565656,8440,"(7370.0, 10954.0]"
中原智能股份有限公司004886,9.133706854054445e+017,1,,省级,4,,6,6767,33940,"(31471.0, 35000.0]"
联创食品有限责任公司004887,9.133547488470821e+017,1,0,县级,7,5,2,343434,30620,"(27972.0, 31471.0]"
联创装备有限公司004888,9.1370e+017,1,0,省级,3,,1,343434,7640,"(7370.0, 10954.0]"
鼎盛物流集团有限公司004889,9.1385e+017,,0,县级,6,7,5,676767,27540,"(24660.0, 27972.0]"
启明装备有限公司004890,9.13977485450e+017,0,1,市级,,4,6,676767,2080,"(49.999, 3780.0]"
华泰纺织股份有限公司004891,9.134518307e+017,0,0,省级,3,3,4,565,6240,"(3780.0, 7370.0]"
创元贸易有限责任公司004892,9.1335655824e+017,,0,县级,5,3,3,676767,27540,"(24660.0, 27972.0]"
创元材料有限公司004893,9.13556e+017,0,0,市级,2,4,2,565,15830,"(14480.0, 17855.0]"
金鼎科技集团有限公司004894,9.132523e+017,1,0,国家级,,7,2,-3434545,7950,"(7370.0, 10954.0]"
永泰网络集团有限公司004895,9.1307067200078161e+017,0,0,市级,4,5,7,565656,26760,"(24660.0, 27972.0]"
华信贸易集团有限公司004896,9.131465582662994e+017,,0,省级,1,5,,6767,26310,"(24660.0, 27972.0]"
宏达材料股份有限公司004897,9.13913440e+017,1,1,国家级,,7,3,5656,10440,"(7370.0, 10954.0]"
瑞丰贸易集团有限公司004898,9.130857412476e+017,,0,国家级,5,4,4,-2323432,11990,"(10954.0, 14480.0]"
瑞丰化工集团有限公司004899,9.1377272292e+017,1,1,县级,6,7,,676767,25620,"(24660.0, 27972.0]"
鼎盛纺织集团有限公司004900,9.13090119133743e+017,0,0,国家级,1,6,5,343434,750,"(49.999, 3780.0]"
天成贸易股份有限公司004901,9.13633387469919e+017,,,市级,1,5,3,6767,21970,"(21364.0, 24660.0]"
嘉禾能源有限公司004902,9.13592e+017,1,0,国家级,3,7,2,565656,9100,"(7370.0, 10954.0]"
启明机械有限公司004903,9.1397e+017,1,,国家级,2,6,3,5656,18400,"(17855.0, 21364.0]"
华信智能股份有限公司004904,9.13599882297e+017,0,0,县级,6,4,5,5656,26750,"(24660.0, 27972.0]"
创元信息有限公司004905,9.131582692439e+017,0,,国家级,7,6,3,565656,16960,"(14480.0, 17855.0]"
宏达化工集团有限公司004906,9.1330933532961091e+017,1,1,省级,4,3,4,676767,26760,"(24660.0, 27972.0]"
启明智能股份有限公司004907,9.1341277815e+017,1,,市级,6,5,5,-2323432,350,"(49.999, 3780.0]"
华信网络有限责任公司004908,9.13031e+017,1,0,国家级,2,1,2,-2323432,15440,"(14480.0, 17855.0]"
盛世生物股份有限公司004909,9.13615455059550e+017,0,1,市级,4,4,5,5656,22160,"(21364.0, 24660.0]"
鼎盛信息股份有限公司004910,9.138788e+017,1,1,国家级,7,5,6,565656,29890,"(27972.0, 31471.0]"
中原电子股份有限公司004911,9.13196151335e+017,1,1,省级,1,5,3,6767,19880,"(17855.0, 21364.0]"
启明装备股份有限公司004912,9.13732643e+017,1,,省级,7,5,4,343434,7700,"(7370.0, 10954.0]"
宏达物流有限责任公司004913,9.137042499317800e+017,0,0,国家级,6,,3,-2323432,14420,"(10954.0, 14480.0]"
华信纺织有限公司004914,9.13202927596e+017,0,,市级,4,3,7,565656,3030,"(49.999, 3780.0]"
永泰贸易股份有限公司004915,9.1351e+017,0,1,省级,6,,6,343434,33960,"(31471.0, 35000.0]"
星河贸易有限公司004916,9.1306e+017,,1,国家级,6,4,2,676767,18800,"(17855.0, 21364.0]"
联创信息股份有限公司004917,9.1301421e+017,0,1,市级,7,7,,565,8230,"(7370.0, 10954.0]"
华信科技集团有限公司004918,9.13105047e+017,1,,市级,6,3,5,6767,20110,"(17855.0, 21364.0]"
天成网络股份有限公司004919,9.13620090036e+017,1,0,市级,1,5,4,5656,18560,"(17855.0, 21364.0]"
华泰贸易股份有限公司004920,9.13838e+017,1,1,县级,3,,5,5656,6030,"(3780.0, 7370.0]"
远航纺织股份有限公司004921,9.132047470e+017,0,0,市级,2,1,3,565656,26830,"(24660.0, 27972.0]"
鼎盛电子股份有限公司004922,9.1383626414e+017,0,1,县级,6,7,6,676767,34310,"(31471.0, 35000.0]"
天成电子有限公司004923,9.13378942e+017,0,0,县级,3,2,,676767,6210,"(3780.0, 7370.0]"
天成医药股份有限公司004924,9.1318242e+017,1,0,,,4,6,343434,30200,"(27972.0, 31471.0]"
盛世贸易集团有限公司004925,9.13906069725827e+017,0,,市级,1,6,5,-3434545,32990,"(31471.0, 35000.0]"
金鼎信息有限公司004926,9.1338054654226957e+017,1,1,市级,1,2,1,565,5290,"(3780.0, 7370.0]"
宏达信息股份有限公司004927,9.1376379e+017,1,1,市级,5,,5,565,32610,"(31471.0, 35000.0]"
嘉禾医药股份有限公司004928,9.137543e+017,1,0,省级,1,4,1,-3434545,840,"(49.999, 3780.0]"
鼎盛材料有限责任公司004929,9.1397814637e+017,0,0,,5,2,4,5656,6930,"(3780.0, 7370.0]"
嘉禾网络有限责任公司004930,9.1327778117371238e+017,0,0,市级,,,7,343434,2360,"(49.999, 3780.0]"
天成医药股份有限公司004931,9.1342774215e+017,0,1,国家级,5,,6,-2323432,2490,"(49.999, 3780.0]"
宏达科技有限责任公司004932,9.138236301964259e+017,0,1,县级,1,,5,5656,5090,"(3780.0, 7370.0]"
中原能源有限责任公司004933,9.134565146e+017,0,1,市级,2,3,4,676767,11560,"(10954.0, 14480.0]"
联创纺织有限公司004934,9.13993e+017,1,1,国家级,2,3,,-3434545,14050,"(10954.0, 14480.0]"
嘉禾科技有限责任公司004935,9.13941814527318e+017,0,1,省级,5,4,4,-3434545,230,"(49.999, 3780.0]"
华信食品集团有限公司004936,9.1333912657e+017,1,0,省级,7,,3,-2323432,21980,"(21364.0, 24660.0]"
联创网络集团有限公司004937,9.13618937759e+017,1,0,省级,,1,7,676767,20710,"(17855.0, 21364.0]"
华泰医药有限公司004938,9.1337914012e+017,1,,市级,7,3,7,565656,28900,"(27972.0, 31471.0]"
汇通医药有限责任公司004939,9.13913e+017,0,1,国家级,6,3,3,565656,8600,"(7370.0, 10954.0]"
华泰化工有限责任公司004940,9.1377311712518119e+017,1,0,省级,6,2,6,565,23400,"(21364.0, 24660.0]"
鼎盛装备股份有限公司004941,9.13500e+017,0,,国家级,,5,7,676767,3950,"(3780.0, 7370.0]"
启明食品股份有限公司004942,9.13425e+017,1,0,县级,6,5,3,5656,8260,"(7370.0, 10954.0]"
汇通建设股份有限公司004943,9.1379964e+017,0,1,县级,1,5,,6767,4250,"(3780.0, 7370.0]"
宏达网络集团有限公司004944,9.1390598121149e+017,0,0,国家级,7,2,7,343434,16310,"(14480.0, 17855.0]"
远航纺织集团有限公司004945,9.1362e+017,0,0,国家级,5,,6,565,21050,"(17855.0, 21364.0]"
博雅电子有限责任公司004946,9.132678895e+017,1,0,省级,3,6,2,676767,26280,"(24660.0, 27972.0]"
汇通建设有限责任公司004947,9.132490439479982e+017,1,1,县级,,7,1,6767,20850,"(17855.0, 21364.0]"
瑞丰生物有限公司004948,9.1372932e+017,,1,省级,7,7,,565656,28130,"(27972.0, 31471.0]"
华信化工股份有限公司004949,9.1343518e+017,0,1,市级,1,,5,565,20570,"(17855.0, 21364.0]"
星河信息集团有限公司004950,9.138192226e+017,0,1,国家级,1,7,6,5656,6750,"(3780.0, 7370.0]"
启明网络集团有限公司004951,9.1358666e+017,1,0,国家级,1,4,2,5656,25910,"(24660.0, 27972.0]"
中原装备股份有限公司004952,9.1326829337240655e+017,1,1,县级,4,4,4,343434,9480,"(7370.0, 10954.0]"
嘉禾环保集团有限公司004953,9.13978545509e+017,0,,县级,5,,5,-2323432,7300,"(3780.0, 7370.0]"
博雅环保有限公司004954,9.1343573925363922e+017,1,1,省级,,7,7,565,12470,"(10954.0, 14480.0]"
中原食品有限责任公司004955,9.13146741181568e+017,1,1,市级,7,,2,565,24070,"(21364.0, 24660.0]"
华泰网络集团有限公司004956,9.136768403e+017,,0,县级,6,6,3,-2323432,25190,"(24660.0, 27972.0]"
嘉禾信息股份有限公司004957,9.1340e+017,,0,省级,4,3,2,565656,27950,"(24660.0, 27972.0]"
瑞丰装备集团有限公司004958,9.1370635660640e+017,1,1,市级,4,6,3,-2323432,11380,"(10954.0, 14480.0]"
博雅科技有限公司004959,9.1389714977792996e+017,0,0,,3,1,,343434,12520,"(10954.0, 14480.0]"
华泰贸易有限公司004960,9.134987e+017,0,1,省级,1,3,6,676767,7100,"(3780.0, 7370.0]"
博雅材料股份有限公司004961,9.133363095e+017,1,1,国家级,3,6,4,565656,6400,"(3780.0, 7370.0]"
宏达生物有限公司004962,9.132104940324890e+017,0,0,,1,7,2,-2323432,8200,"(7370.0, 10954.0]"
华泰电子有限公司004963,9.1357561673e+017,0,1,国家级,5,7,7,-3434545,32900,"(31471.0, 35000.0]"
金鼎网络集团有限公司004964,9.1329592e+017,1,0,国家级,7,,1,343434,28450,"(27972.0, 31471.0]"
华信装备有限公司004965,9.136795173e+017,1,1,县级,,,5,676767,24780,"(24660.0, 27972.0]"
远航建设集团有限公司004966,9.130995673626e+017,0,,市级,,1,3,343434,8660,"(7370.0, 10954.0]"
永泰食品股份有限公司004967,9.1372743511319e+017,0,0,国家级,4,,,565,8170,"(7370.0, 10954.0]"
华泰智能股份有限公司004968,9.13044721014938e+017,,0,县级,2,2,4,-2323432,10040,"(7370.0, 10954.0]"
瑞丰物流集团有限公司004969,9.13610590280240e+017,0,0,国家级,4,7,1,5656,32960,"(31471.0, 35000.0]"
嘉禾贸易集团有限公司004970,9.132769721e+017,0,1,县级,4,7,4,565,30280,"(27972.0, 31471.0]"
宏达智能集团有限公司004971,9.13233551e+017,1,1,市级,4,7,3,-2323432,2470,"(49.999, 3780.0]"
盛世机械有限责任公司004972,9.137710449798e+017,1,0,市级,2,5,3,676767,32830,"(31471.0, 35000.0]"
鼎盛化工有限公司004973,9.1312581605545746e+017,1,1,县级,2,5,6,-3434545,26730,"(24660.0, 27972.0]"
华泰信息集团有限公司004974,9.13904349e+017,0,0,国家级,5,3,6,565,25210,"(24660.0, 27972.0]"
永泰贸易有限责任公司004975,9.139307090049e+017,0,0,国家级,1,2,7,-3434545,18080,"(17855.0, 21364.0]"
创元智能集团有限公司004976,9.1375e+017,0,1,省级,4,,5,-2323432,34190,"(31471.0, 35000.0]"
宏达食品集团有限公司004977,9.131494e+017,0,0,,4,7,1,565656,7900,"(7370.0, 10954.0]"
星河能源集团有限公司004978,9.13435e+017,1,0,,5,5,7,5656,34230,"(31471.0, 35000.0]"
星河医药集团有限公司004979,9.130727180e+017,1,1,县级,4,4,6,676767,13190,"(10954.0, 14480.0]"
博雅科技股份有限公司004980,9.136237e+017,1,1,市级,5,2,6,565656,1810,"(49.999, 3780.0]"
华信化工有限责任公司004981,9.136344783262e+017,1,0,市级,3,7,3,343434,10710,"(7370.0, 10954.0]"
鼎盛机械股份有限公司004982,9.1343905744e+017,1,0,省级,3,5,4,565,31490,"(31471.0, 35000.0]"
宏达建设有限责任公司004983,9.1310e+017,1,0,市级,6,1,5,5656,190,"(49.999, 3780.0]"
华泰网络有限公司004984,9.131722231568e+017,1,0,省级,5,5,4,6767,11580,"(10954.0, 14480.0]"
远航网络有限责任公司004985,9.1382264971071421e+017,1,0,,5,1,3,565,15650,"(14480.0, 17855.0]"
创元物流有限公司004986,9.1353068e+017,0,1,省级,1,,3,-3434545,17470,"(14480.0, 17855.0]"
创元物流有限公司004987,9.13142e+017,1,1,县级,6,7,4,-2323432,28560,"(27972.0, 31471.0]"
创元生物集团有限公司004988,9.139908574430e+017,1,1,县级,6,3,6,565656,27010,"(24660.0, 27972.0]"
汇通环保有限责任公司004989,9.132427848e+017,0,1,市级,2,3,1,676767,32560,"(31471.0, 35000.0]"
创元装备股份有限公司004990,9.1395420259495e+017,1,0,市级,6,6,5,-2323432,33200,"(31471.0, 35000.0]"
远航机械集团有限公司004991,9.1309625773524131e+017,1,1,县级,6,4,2,343434,6830,"(3780.0, 7370.0]"
宏达网络股份有限公司004992,9.135842e+017,0,0,市级,5,4,2,6767,33880,"(31471.0, 35000.0]"
远航建设有限公司004993,9.13722224e+017,0,1,国家级,2,7,7,343434,11890,"(10954.0, 14480.0]"
华信能源有限责任公司004994,9.1318572487e+017,0,1,市级,,6,5,-2323432,21850,"(21364.0, 24660.0]"
星河环保股份有限公司004995,9.133816752e+017,1,1,,1,1,5,565,29030,"(27972.0, 31471.0]"
汇通机械集团有限公司004996,9.134799395619677e+017,1,1,省级,,7,,-2323432,11700,"(10954.0, 14480.0]"
盛世医药有限责任公司004997,9.13022678244e+017,0,0,县级,5,3,1,565656,19070,"(17855.0, 21364.0]"
嘉禾食品有限公司004998,9.13778e+017,,1,,1,5,7,343434,26640,"(24660.0, 27972.0]"
创元食品有限公司004999,9.132300746292e+017,1,1,省级,3,4,7,6767,15250,"(14480.0, 17855.0]"
嘉禾网络集团有限公司005000,9.132261576960495e+017,0,1,县级,1,4,,565,22420,"(21364.0, 24660.0]"
盛世智能集团有限公司005001,9.13953e+017,0,0,国家级,,3,2,565,19710,"(17855.0, 21364.0]"
华信装备股份有限公司005002,9.1380530430041e+017,0,1,市级,2,4,1,-2323432,18530,"(17855.0, 21364.0]"
星河医药有限责任公司005003,9.13667e+017,0,0,国家级,4,4,5,5656,15670,"(14480.0, 17855.0]"
星河智能有限责任公司005004,9.1330713468e+017,0,0,,,1,,5656,3490,"(49.999, 3780.0]"
博雅环保有限责任公司005005,9.13938020761561e+017,0,1,市级,6,4,7,676767,32720,"(31471.0, 35000.0]"
瑞丰装备有限公司005006,9.13154e+017,0,0,市级,,3,6,-2323432,31540,"(31471.0, 35000.0]"
远航食品有限责任公司005007,9.138640940522246e+017,0,1,市级,1,,1,565656,33860,"(31471.0, 35000.0]"
星河信息股份有限公司005008,9.1313e+017,1,0,,3,7,7,343434,25300,"(24660.0, 27972.0]"
华信食品有限公司005009,9.13084364e+017,1,1,省级,5,7,1,343434,18120,"(17855.0, 21364.0]"
华泰机械集团有限公司005010,9.1381004040973e+017,,0,市级,5,3,4,565,5350,"(3780.0, 7370.0]"
永泰医药有限责任公司005011,9.133412074113284e+017,0,1,国家级,4,,,-3434545,25610,"(24660.0, 27972.0]"
创元装备有限责任公司005012,9.1348134e+017,0,1,市级,2,5,1,-3434545,23810,"(21364.0, 24660.0]"
联创化工有限公司005013,9.13462e+017,0,1,县级,7,6,6,343434,2860,"(49.999, 3780.0]"
博雅生物股份有限公司005014,9.13795006254525e+017,,0,国家级,3,5,3,5656,12420,"(10954.0, 14480.0]"
汇通智能有限公司005015,9.1390454592e+017,0,0,市级,3,4,6,565656,29310,"(27972.0, 31471.0]"
嘉禾电子有限公司005016,9.1376e+017,1,1,县级,6,5,7,5656,24780,"(24660.0, 27972.0]"
鼎盛建设股份有限公司005017,9.132753836e+017,0,0,县级,4,,4,5656,14590,"(14480.0, 17855.0]"
汇通纺织有限公司005018,9.135066e+017,0,1,县级,6,4,6,565,1040,"(49.999, 3780.0]"
中原机械有限公司005019,9.13514256219093e+017,1,1,县级,6,6,1,565,8000,"(7370.0, 10954.0]"
汇通纺织有限责任公司005020,9.1390e+017,,,,2,2,6,6767,9980,"(7370.0, 10954.0]"
盛世科技股份有限公司005021,9.1365e+017,0,1,国家级,6,3,1,565,7650,"(7370.0, 10954.0]"
鼎盛机械有限责任公司005022,9.13838303361925e+017,0,0,县级,6,3,5,676767,27100,"(24660.0, 27972.0]"
永泰信息集团有限公司005023,9.13308363e+017,0,1,省级,,,3,676767,7280,"(3780.0, 7370.0]"
华泰建设有限公司005024,9.13073878e+017,0,1,省级,3,2,7,343434,20790,"(17855.0, 21364.0]"
中原环保有限公司005025,9.13194617326e+017,1,1,市级,4,4,1,6767,15950,"(14480.0, 17855.0]"
天成食品有限责任公司005026,9.13702887e+017,1,,市级,4,6,2,565656,26460,"(24660.0, 27972.0]"
鼎盛贸易有限公司005027,9.134801985894e+017,1,0,省级,4,2,1,5656,19160,"(17855.0, 21364.0]"
鼎盛医药股份有限公司005028,9.1352734e+017,0,1,省级,2,3,4,5656,6140,"(3780.0, 7370.0]"
金鼎生物有限公司005029,9.136802853e+017,1,0,市级,7,7,2,343434,5240,"(3780.0, 7370.0]"
星河食品有限公司005030,9.138047178615e+017,1,1,市级,7,2,5,-2323432,11730,"(10954.0, 14480.0]"
嘉禾网络集团有限公司005031,9.13717e+017,0,,市级,7,,2,-2323432,19530,"(17855.0, 21364.0]"
创元科技股份有限公司005032,9.1373490900e+017,1,1,国家级,4,3,5,5656,28880,"(27972.0, 31471.0]"
中原纺织有限责任公司005033,9.1397679768143e+017,1,1,县级,7,4,,676767,19460,"(17855.0, 21364.0]"
汇通机械有限责任公司005034,9.139659871184e+017,,0,市级,2,1,5,565656,24910,"(24660.0, 27972.0]"
中原贸易集团有限公司005035,9.136515841955e+017,0,1,县级,,3,6,-2323432,34070,"(31471.0, 35000.0]"
华泰物流集团有限公司005036,9.13309e+017,1,0,县级,1,3,1,-2323432,29430,"(27972.0, 31471.0]"
金鼎物流有限责任公司005037,9.13055996973742e+017,0,0,,1,,5,565656,14670,"(14480.0, 17855.0]"
华信机械有限公司005038,9.135684296e+017,0,0,市级,4,2,2,-3434545,17060,"(14480.0, 17855.0]"
华泰装备集团有限公司005039,9.1326418e+017,0,0,市级,2,3,4,565656,24270,"(21364.0, 24660.0]"
中原生物有限责任公司005040,9.13960895387722e+017,1,,国家级,7,,3,-2323432,10470,"(7370.0, 10954.0]"
星河纺织集团有限公司005041,9.138977404e+017,0,1,市级,1,5,6,565656,14270,"(10954.0, 14480.0]"
华信生物有限责任公司005042,9.135143091286928e+017,1,0,省级,1,1,2,-2323432,25210,"(24660.0, 27972.0]"
瑞丰网络有限责任公司005043,9.136178826960269e+017,1,1,县级,3,6,7,676767,2300,"(49.999, 3780.0]"
创元装备集团有限公司005044,9.1370159890e+017,,0,县级,4,6,3,565,7900,"(7370.0, 10954.0]"
盛世食品集团有限公司005045,9.1389e+017,1,,省级,7,2,3,-3434545,27930,"(24660.0, 27972.0]"
星河医药有限公司005046,9.1354e+017,0,0,国家级,6,1,7,-3434545,19800,"(17855.0, 21364.0]"
远航能源集团有限公司005047,9.1367101951418481e+017,0,0,市级,2,2,3,565656,33890,"(31471.0, 35000.0]"
华泰装备有限公司005048,9.1366129879e+017,1,1,市级,3,4,7,-3434545,34560,"(31471.0, 35000.0]"
盛世纺织股份有限公司005049,9.131494680e+017,,1,市级,5,7,5,565656,13370,"(10954.0, 14480.0]"
汇通生物集团有限公司005050,9.13884866e+017,0,0,省级,1,1,2,-3434545,8340,"(7370.0, 10954.0]"
瑞丰贸易有限责任公司005051,9.1310566e+017,1,0,县级,6,3,7,565656,33560,"(31471.0, 35000.0]"
博雅建设有限责任公司005052,9.13854222425e+017,,0,县级,4,1,1,676767,29000,"(27972.0, 31471.0]"
华信能源股份有限公司005053,9.13950305105e+017,0,1,市级,,4,,-2323432,12670,"(10954.0, 14480.0]"
宏达信息集团有限公司005054,9.1332041459102748e+017,1,1,县级,2,5,5,5656,25320,"(24660.0, 27972.0]"
中原信息集团有限公司005055,9.13309e+017,1,1,县级,5,2,,6767,24370,"(21364.0, 24660.0]"
博雅医药股份有限公司005056,9.13394342120625e+017,1,0,,2,,1,343434,19390,"(17855.0, 21364.0]"
瑞丰机械有限公司005057,9.13137983e+017,1,1,国家级,,,3,676767,28810,"(27972.0, 31471.0]"
中原建设股份有限公司005058,9.136625561e+017,0,1,省级,7,1,3,-2323432,17440,"(14480.0, 17855.0]"
启明能源集团有限公司005059,9.13602e+017,1,1,,3,7,5,343434,19570,"(17855.0, 21364.0]"
远航医药集团有限公司005060,9.1354346740e+017,0,0,县级,1,4,7,6767,6930,"(3780.0, 7370.0]"
瑞丰纺织股份有限公司005061,9.1399013747932e+017,1,1,省级,1,2,,5656,20780,"(17855.0, 21364.0]"
瑞丰纺织有限责任公司005062,9.1328506360683e+017,0,1,,2,5,4,-3434545,7880,"(7370.0, 10954.0]"
联创食品有限责任公司005063,9.1387334929138941e+017,1,,县级,7,4,4,-3434545,420,"(49.999, 3780.0]"
鼎盛材料有限责任公司005064,9.13045038724754e+017,0,1,省级,3,5,4,-3434545,2650,"(49.999, 3780.0]"
盛世信息有限责任公司005065,9.136463717e+017,0,1,县级,7,,3,5656,3500,"(49.999, 3780.0]"
宏达能源有限公司005066,9.1362747685e+017,1,0,国家级,7,7,1,6767,190,"(49.999, 3780.0]"
永泰能源有限责任公司005067,9.13825030337e+017,0,1,,,,7,-2323432,9800,"(7370.0, 10954.0]"
汇通能源股份有限公司005068,9.1380e+017,1,0,国家级,2,2,,-2323432,27630,"(24660.0, 27972.0]"
宏达电子有限公司005069,9.139197459185e+017,1,1,省级,1,3,7,343434,17290,"(14480.0, 17855.0]"
瑞丰材料集团有限公司005070,9.1380427e+017,0,0,国家级,3,3,7,343434,20630,"(17855.0, 21364.0]"
鼎盛医药股份有限公司005071,9.13351536e+017,0,0,省级,6,,4,-2323432,4280,"(3780.0, 7370.0]"
汇通环保有限责任公司005072,9.13309478e+017,1,0,市级,6,6,3,-3434545,21140,"(17855.0, 21364.0]"
华信电子有限公司005073,9.13715e+017,0,1,县级,5,2,4,676767,20970,"(17855.0, 21364.0]"
宏达机械有限公司005074,9.131873e+017,1,,省级,4,6,7,343434,14260,"(10954.0, 14480.0]"
天成医药集团有限公司005075,9.1314532158081483e+017,,1,市级,4,7,,-2323432,11760,"(10954.0, 14480.0]"
天成纺织股份有限公司005076,9.130164936e+017,0,0,县级,,,7,-3434545,8080,"(7370.0, 10954.0]"
华泰能源有限公司005077,9.13280727168350e+017,0,,,6,2,,565,22340,"(21364.0, 24660.0]"
天成建设有限责任公司005078,9.1317056406e+017,0,1,,6,3,3,5656,28600,"(27972.0, 31471.0]"
宏达建设股份有限公司005079,9.13678874e+017,0,0,省级,2,6,3,676767,3980,"(3780.0, 7370.0]"
汇通物流股份有限公司005080,9.130816779e+017,,0,市级,3,4,5,-3434545,22600,"(21364.0, 24660.0]"
博雅材料集团有限公司005081,9.1319981385255e+017,0,1,国家级,2,6,2,5656,28780,"(27972.0, 31471.0]"
启明贸易有限公司005082,9.135164920104912e+017,,1,省级,3,4,2,-2323432,16270,"(14480.0, 17855.0]"
远航网络股份有限公司005083,9.13050e+017,0,1,国家级,3,5,2,-3434545,31010,"(27972.0, 31471.0]"
永泰材料股份有限公司005084,9.1325404e+017,0,1,国家级,4,2,3,676767,27050,"(24660.0, 27972.0]"
宏达机械有限公司005085,9.1377918543e+017,0,1,县级,5,,,6767,10420,"(7370.0, 10954.0]"
天成网络集团有限公司005086,9.1396304763e+017,0,1,,1,1,6,-3434545,17270,"(14480.0, 17855.0]"
永泰装备有限责任公司005087,9.1326003e+017,1,0,国家级,4,1,7,6767,33850,"(31471.0, 35000.0]"
中原化工有限公司005088,9.138502887033736e+017,0,0,市级,,7,3,565,22290,"(21364.0, 24660.0]"
瑞丰环保有限责任公司005089,9.13403684192343e+017,1,0,国家级,4,,2,565656,33080,"(31471.0, 35000.0]"
联创食品有限责任公司005090,9.135033666538e+017,1,1,省级,3,2,6,-3434545,20420,"(17855.0, 21364.0]"
启明装备有限公司005091,9.13702e+017,0,0,,3,5,1,-3434545,20720,"(17855.0, 21364.0]"
华泰智能集团有限公司005092,9.138096807593e+017,0,1,,2,1,4,676767,6460,"(3780.0, 7370.0]"
宏达信息有限公司005093,9.1349852e+017,0,0,市级,5,5,4,565656,24840,"(24660.0, 27972.0]"
创元智能有限责任公司005094,9.1309458e+017,,1,市级,,,4,-3434545,33870,"(31471.0, 35000.0]"
嘉禾电子股份有限公司005095,9.134993688376e+017,0,1,国家级,2,3,5,5656,4460,"(3780.0, 7370.0]"
永泰环保集团有限公司005096,9.13094854541e+017,1,0,县级,3,5,7,676767,31370,"(27972.0, 31471.0]"
嘉禾医药有限公司005097,9.1329273029457e+017,1,0,市级,1,3,3,343434,14200,"(10954.0, 14480.0]"
宏达建设有限公司005098,9.1381e+017,0,1,县级,6,5,3,565656,31160,"(27972.0, 31471.0]"
瑞丰网络集团有限公司005099,9.13759e+017,0,0,市级,1,6,4,343434,6650,"(3780.0, 7370.0]"
永泰纺织集团有限公司005100,9.13263773430354e+017,1,1,县级,2,7,6,-3434545,30440,"(27972.0, 31471.0]"
鼎盛贸易有限责任公司005101,9.139596114e+017,1,,,6,7,6,-2323432,750,"(49.999, 3780.0]"
金鼎医药集团有限公司005102,9.137705645296e+017,1,0,市级,,5,7,565,16890,"(14480.0, 17855.0]"
星河纺织股份有限公司005103,9.1345130e+017,0,0,国家级,5,1,,-3434545,21770,"(21364.0, 24660.0]"
联创网络股份有限公司005104,9.1346849533005e+017,0,0,国家级,5,5,6,-3434545,24620,"(21364.0, 24660.0]"
华泰科技股份有限公司005105,9.1336018728e+017,0,1,市级,5,7,4,5656,20510,"(17855.0, 21364.0]"
天成贸易股份有限公司005106,9.135038944991e+017,0,0,,,6,4,565,9280,"(7370.0, 10954.0]"
华泰材料有限责任公司005107,9.1318619571414794e+017,1,0,省级,5,3,3,6767,5770,"(3780.0, 7370.0]"
宏达贸易集团有限公司005108,9.13468120952059e+017,0,1,市级,,,4,565,4830,"(3780.0, 7370.0]"
嘉禾机械股份有限公司005109,9.13336e+017,0,,市级,5,4,3,5656,15390,"(14480.0, 17855.0]"
中原材料有限公司005110,9.1373866932e+017,1,0,国家级,,3,1,6767,27020,"(24660.0, 27972.0]"
远航信息有限责任公司005111,9.13053536e+017,0,1,县级,,5,7,676767,28590,"(27972.0, 31471.0]"
鼎盛电子有限责任公司005112,9.13133e+017,1,0,县级,5,5,7,-3434545,27570,"(24660.0, 27972.0]"
星河生物有限公司005113,9.1386403563e+017,0,1,省级,4,,1,565,25990,"(24660.0, 27972.0]"
盛世医药股份有限公司005114,9.133063153921019e+017,1,1,市级,7,4,3,565,31090,"(27972.0, 31471.0]"
盛世能源股份有限公司005115,9.133280525722385e+017,0,0,市级,7,6,6,676767,5900,"(3780.0, 7370.0]"
华信智能股份有限公司005116,9.13723232167877e+017,1,0,国家级,7,5,2,565656,18980,"(17855.0, 21364.0]"
天成物流股份有限公司005117,9.134637290992016e+017,1,0,国家级,3,3,1,-2323432,23150,"(21364.0, 24660.0]"
金鼎纺织集团有限公司005118,9.1384758e+017,1,0,省级,3,4,7,6767,10090,"(7370.0, 10954.0]"
华信科技有限公司005119,9.1383104423859314e+017,,1,国家级,6,3,2,565,25800,"(24660.0, 27972.0]"
远航生物股份有限公司005120,9.1301714385971e+017,1,1,市级,3,4,,565,7300,"(3780.0, 7370.0]"
嘉禾建设集团有限公司005121,9.13588552373e+017,1,0,市级,6,,1,6767,3640,"(49.999, 3780.0]"
博雅物流有限公司005122,9.1311399e+017,1,1,省级,5,,4,-3434545,34200,"(31471.0, 35000.0]"
远航材料股份有限公司005123,9.137302122922e+017,1,1,市级,1,,2,6767,29750,"(27972.0, 31471.0]"
盛世贸易有限公司005124,9.136376796941e+017,0,0,省级,1,5,7,676767,14300,"(10954.0, 14480.0]"
永泰网络有限公司005125,9.1353e+017,,1,省级,,7,4,343434,11230,"(10954.0, 14480.0]"
联创环保股份有限公司005126,9.133473646257e+017,1,0,省级,1,1,6,-2323432,1270,"(49.999, 3780.0]"
中原贸易集团有限公司005127,9.1381324697e+017,1,1,市级,4,7,2,676767,29020,"(27972.0, 31471.0]"
创元食品股份有限公司005128,9.137313354e+017,0,0,省级,5,4,,676767,23890,"(21364.0, 24660.0]"
远航科技有限责任公司005129,9.13912343357961e+017,0,,市级,4,5,5,565,2950,"(49.999, 3780.0]"
汇通贸易有限责任公司005130,9.1397e+017,1,0,市级,7,3,,676767,15440,"(14480.0, 17855.0]"
中原网络有限公司005131,9.1399833608e+017,1,0,国家级,7,,3,5656,2650,"(49.999, 3780.0]"
汇通装备集团有限公司005132,9.137371239130431e+017,0,0,国家级,4,2,1,-3434545,16350,"(14480.0, 17855.0]"
华信科技集团有限公司005133,9.13771831640e+017,1,1,县级,3,5,4,565656,14720,"(14480.0, 17855.0]"
嘉禾环保股份有限公司005134,9.13336e+017,1,0,国家级,1,,2,-2323432,29300,"(27972.0, 31471.0]"
启明医药集团有限公司005135,9.137023692e+017,0,1,国家级,7,2,3,6767,7350,"(3780.0, 7370.0]"
天成化工集团有限公司005136,9.1327211131448e+017,0,0,市级,5,5,3,343434,18860,"(17855.0, 21364.0]"
宏达能源有限责任公司005137,9.1361912898919648e+017,0,,省级,3,1,7,676767,20600,"(17855.0, 21364.0]"
盛世智能集团有限公司005138,9.1314082e+017,,0,县级,,,5,5656,32550,"(31471.0, 35000.0]"
永泰信息有限责任公司005139,9.131628615112251e+017,0,1,市级,6,,5,676767,15210,"(14480.0, 17855.0]"
天成纺织有限责任公司005140,9.131997e+017,0,1,国家级,2,7,,-3434545,15430,"(14480.0, 17855.0]"
华信信息有限公司005141,9.1378895300814636e+017,1,,,2,1,5,5656,1050,"(49.999, 3780.0]"
宏达机械有限责任公司005142,9.1385438e+017,0,1,省级,4,5,2,-3434545,9560,"(7370.0, 10954.0]"
瑞丰环保有限公司005143,9.130682405912581e+017,0,0,县级,4,4,3,-3434545,8720,"(7370.0, 10954.0]"
金鼎装备股份有限公司005144,9.139912153421519e+017,1,1,省级,6,2,7,6767,1310,"(49.999, 3780.0]"
天成建设有限公司005145,9.136111e+017,0,1,国家级,4,7,3,5656,10130,"(7370.0, 10954.0]"
鼎盛生物集团有限公司005146,9.13060364836685e+017,1,0,,4,7,,-3434545,8220,"(7370.0, 10954.0]"
中原建设有限责任公司005147,9.136722924e+017,1,1,省级,3,5,4,-2323432,23450,"(21364.0, 24660.0]"
嘉禾建设集团有限公司005148,9.13366154007601e+017,0,0,县级,,1,,676767,32530,"(31471.0, 35000.0]"
金鼎网络集团有限公司005149,9.139405832152845e+017,1,1,国家级,4,2,4,6767,17110,"(14480.0, 17855.0]"
宏达贸易股份有限公司005150,9.1345812e+017,1,0,,,4,6,565656,24980,"(24660.0, 27972.0]"
汇通环保有限责任公司005151,9.132857044217e+017,0,1,市级,3,1,1,5656,25890,"(24660.0, 27972.0]"
永泰环保有限公司005152,9.13522441e+017,1,1,市级,1,7,,5656,30490,"(27972.0, 31471.0]"
华泰化工股份有限公司005153,9.1360059468e+017,0,1,国家级,3,1,3,565,29400,"(27972.0, 31471.0]"
联创智能股份有限公司005154,9.130741e+017,0,,省级,4,3,5,565656,20360,"(17855.0, 21364.0]"
汇通生物股份有限公司005155,9.1378e+017,,0,国家级,6,1,,343434,27180,"(24660.0, 27972.0]"
博雅材料股份有限公司005156,9.13377e+017,1,0,国家级,3,3,5,-2323432,21930,"(21364.0, 24660.0]"
嘉禾物流有限公司005157,9.1369218732e+017,0,0,国家级,2,2,3,-3434545,30280,"(27972.0, 31471.0]"
中原智能有限责任公司005158,9.138144185e+017,0,0,省级,6,6,2,6767,24680,"(24660.0, 27972.0]"
永泰机械有限公司005159,9.13554051e+017,0,0,国家级,5,1,,565656,24780,"(24660.0, 27972.0]"
汇通食品有限公司005160,9.134886476957295e+017,0,0,,7,6,,5656,8160,"(7370.0, 10954.0]"
博雅贸易有限公司005161,9.13250849857e+017,0,1,国家级,,4,4,565656,22690,"(21364.0, 24660.0]"
创元建设股份有限公司005162,9.1391e+017,0,0,国家级,4,4,7,-2323432,18780,"(17855.0, 21364.0]"
瑞丰纺织有限公司005163,9.1335002e+017,1,1,市级,7,,3,565656,19830,"(17855.0, 21364.0]"
永泰医药股份有限公司005164,9.1363154e+017,,0,县级,2,2,5,-3434545,18330,"(17855.0, 21364.0]"
创元建设集团有限公司005165,9.1320255878650324e+017,1,1,省级,6,4,,565656,34390,"(31471.0, 35000.0]"
天成电子有限责任公司005166,9.135924768428e+017,0,1,国家级,4,4,4,6767,13470,"(10954.0, 14480.0]"
远航能源股份有限公司005167,9.13337785333437e+017,0,0,,2,5,,565,2700,"(49.999, 3780.0]"
嘉禾装备有限公司005168,9.139096776363e+017,1,0,国家级,6,5,,5656,21300,"(17855.0, 21364.0]"
博雅纺织集团有限公司005169,9.132062e+017,1,1,县级,,,3,-3434545,23810,"(21364.0, 24660.0]"
宏达机械集团有限公司005170,9.1347676728739447e+017,0,1,省级,7,,,565656,4390,"(3780.0, 7370.0]"
远航科技有限责任公司005171,9.13432986212e+017,0,,,2,2,5,-2323432,4220,"(3780.0, 7370.0]"
永泰能源集团有限公司005172,9.134222162910e+017,,0,国家级,7,3,6,-3434545,10860,"(7370.0, 10954.0]"
宏达环保有限责任公司005173,9.1382903e+017,0,1,县级,4,,7,6767,29610,"(27972.0, 31471.0]"
宏达食品有限责任公司005174,9.1323981821807e+017,,0,国家级,6,7,2,6767,32010,"(31471.0, 35000.0]"
盛世装备集团有限公司005175,9.13708276e+017,1,0,,3,5,5,-2323432,910,"(49.999, 3780.0]"
天成科技有限责任公司005176,9.13967414571e+017,0,,县级,7,6,2,-2323432,34050,"(31471.0, 35000.0]"
天成建设集团有限公司005177,9.1364790e+017,,1,,2,7,5,6767,20880,"(17855.0, 21364.0]"
嘉禾科技有限公司005178,9.13828e+017,1,,,7,1,,565656,5840,"(3780.0, 7370.0]"
天成纺织有限公司005179,9.133756e+017,,0,省级,7,2,,-3434545,1260,"(49.999, 3780.0]"
中原科技有限责任公司005180,9.13164434749415e+017,1,1,县级,1,7,5,676767,31550,"(31471.0, 35000.0]"
瑞丰生物有限责任公司005181,9.13469e+017,1,0,市级,2,2,1,5656,7580,"(7370.0, 10954.0]"
瑞丰能源集团有限公司005182,9.1332e+017,0,1,省级,6,7,7,343434,24250,"(21364.0, 24660.0]"
华泰智能集团有限公司005183,9.1396724460040e+017,1,1,国家级,4,2,3,343434,6240,"(3780.0, 7370.0]"
盛世环保股份有限公司005184,9.1321611751633073e+017,1,0,省级,7,1,3,6767,4770,"(3780.0, 7370.0]"
中原食品股份有限公司005185,9.13848363000591e+017,1,0,县级,,4,7,5656,13250,"(10954.0, 14480.0]"
盛世物流有限责任公司005186,9.13643554764e+017,0,0,国家级,5,,4,676767,28020,"(27972.0, 31471.0]"
华信材料有限责任公司005187,9.1301e+017,0,0,市级,3,1,7,-2323432,9690,"(7370.0, 10954.0]"
瑞丰机械集团有限公司005188,9.137526119103e+017,,0,县级,7,1,7,565656,12880,"(10954.0, 14480.0]"
星河能源有限公司005189,9.131825296446418e+017,1,1,省级,3,5,2,6767,10200,"(7370.0, 10954.0]"
瑞丰装备有限公司005190,9.13225788e+017,0,0,省级,,3,5,343434,34010,"(31471.0, 35000.0]"
鼎盛纺织有限责任公司005191,9.1344756e+017,0,0,县级,6,,7,5656,17300,"(14480.0, 17855.0]"
宏达信息集团有限公司005192,9.13039283681404e+017,0,0,,7,7,3,676767,28870,"(27972.0, 31471.0]"
创元纺织股份有限公司005193,9.1348678e+017,0,0,县级,7,3,3,565,14790,"(14480.0, 17855.0]"
永泰建设集团有限公司005194,9.13915439115e+017,0,1,国家级,3,,1,676767,2850,"(49.999, 3780.0]"
华信能源股份有限公司005195,9.1302212405e+017,1,1,省级,3,7,,565,18800,"(17855.0, 21364.0]"
永泰材料有限公司005196,9.132145186563520e+017,1,1,省级,5,6,4,5656,33150,"(31471.0, 35000.0]"
启明机械集团有限公司005197,9.13579288862e+017,0,1,县级,3,,7,565,12350,"(10954.0, 14480.0]"
永泰环保有限公司005198,9.1377e+017,1,0,省级,1,6,4,-3434545,5010,"(3780.0, 7370.0]"
创元智能集团有限公司005199,9.134046314754367e+017,0,0,,,6,2,343434,14360,"(10954.0, 14480.0]"
启明装备有限责任公司005200,9.139584e+017,0,1,县级,7,1,,343434,22910,"(21364.0, 24660.0]"
博雅机械有限公司005201,9.13845043949e+017,0,0,国家级,4,1,,5656,14730,"(14480.0, 17855.0]"
博雅信息有限责任公司005202,9.1395e+017,1,1,国家级,4,,3,5656,12140,"(10954.0, 14480.0]"
汇通建设股份有限公司005203,9.1352e+017,1,0,,,5,6,6767,29830,"(27972.0, 31471.0]"
华泰建设有限责任公司005204,9.13817313236082e+017,0,0,国家级,6,4,4,6767,8600,"(7370.0, 10954.0]"
鼎盛医药有限公司005205,9.131982e+017,,1,县级,,4,4,-2323432,22030,"(21364.0, 24660.0]"
鼎盛能源股份有限公司005206,9.1305296877017e+017,0,1,县级,,7,3,6767,27460,"(24660.0, 27972.0]"
华泰信息集团有限公司005207,9.1364635479093e+017,0,0,,1,4,3,676767,29320,"(27972.0, 31471.0]"
中原纺织有限公司005208,9.13969e+017,1,1,市级,4,4,3,-3434545,580,"(49.999, 3780.0]"
中原机械有限责任公司005209,9.13997625292018e+017,0,0,,4,2,1,6767,18720,"(17855.0, 21364.0]"
盛世科技有限公司005210,9.134830e+017,0,0,省级,1,6,4,6767,6140,"(3780.0, 7370.0]"
创元电子有限责任公司005211,9.135127486e+017,0,0,国家级,7,3,3,5656,29530,"(27972.0, 31471.0]"
宏达物流有限责任公司005212,9.13841454e+017,0,1,市级,4,1,6,-3434545,1760,"(49.999, 3780.0]"
启明贸易股份有限公司005213,9.1387e+017,0,1,省级,1,7,7,-2323432,10890,"(7370.0, 10954.0]"
鼎盛建设有限责任公司005214,9.1392e+017,1,1,省级,,3,1,676767,19360,"(17855.0, 21364.0]"
天成机械有限责任公司005215,9.133565e+017,1,1,市级,3,5,2,565,9140,"(7370.0, 10954.0]"
中原生物股份有限公司005216,9.13689254292e+017,1,1,,2,5,5,565,27840,"(24660.0, 27972.0]"
华信装备有限责任公司005217,9.1377356681780e+017,0,1,市级,4,2,2,676767,12400,"(10954.0, 14480.0]"
汇通建设有限公司005218,9.13484449931896e+017,,,国家级,6,,1,565,30300,"(27972.0, 31471.0]"
远航纺织有限公司005219,9.1379607050188023e+017,0,1,县级,4,4,7,-3434545,18580,"(17855.0, 21364.0]"
博雅纺织集团有限公司005220,9.134804e+017,0,1,县级,3,4,,565,28130,"(27972.0, 31471.0]"
瑞丰化工集团有限公司005221,9.131813025547e+017,1,1,省级,6,3,6,6767,18070,"(17855.0, 21364.0]"
金鼎医药股份有限公司005222,9.1354005e+017,1,1,省级,6,5,1,6767,7140,"(3780.0, 7370.0]"
远航装备有限责任公司005223,9.131630908387843e+017,0,1,,5,5,1,-2323432,11350,"(10954.0, 14480.0]"
宏达信息股份有限公司005224,9.130241962130631e+017,1,0,,5,6,6,-3434545,23150,"(21364.0, 24660.0]"
金鼎环保股份有限公司005225,9.132290469953e+017,1,0,国家级,7,,3,565,18640,"(17855.0, 21364.0]"
中原物流集团有限公司005226,9.13542e+017,0,1,国家级,6,2,1,343434,12650,"(10954.0, 14480.0]"
永泰材料集团有限公司005227,9.135110349e+017,1,0,,2,3,,6767,29280,"(27972.0, 31471.0]"
鼎盛信息有限公司005228,9.1324526e+017,0,1,省级,1,1,5,565656,23810,"(21364.0, 24660.0]"
鼎盛贸易集团有限公司005229,9.1343e+017,1,0,国家级,2,5,1,5656,14930,"(14480.0, 17855.0]"
宏达化工有限责任公司005230,9.1377819474e+017,1,0,省级,6,,1,565656,5210,"(3780.0, 7370.0]"
瑞丰建设有限责任公司005231,9.1322616111376e+017,0,0,市级,,5,3,-2323432,23280,"(21364.0, 24660.0]"
永泰网络股份有限公司005232,9.1328085e+017,1,1,国家级,7,,6,343434,21230,"(17855.0, 21364.0]"
华泰食品股份有限公司005233,9.1329477e+017,0,1,省级,4,6,3,565,3570,"(49.999, 3780.0]"
鼎盛生物有限公司005234,9.133549086993e+017,0,1,国家级,3,2,5,6767,23620,"(21364.0, 24660.0]"
鼎盛信息集团有限公司005235,9.1338398350555e+017,0,0,省级,1,2,,6767,32280,"(31471.0, 35000.0]"
天成科技股份有限公司005236,9.13264e+017,,0,,7,2,3,676767,22340,"(21364.0, 24660.0]"
中原物流有限责任公司005237,9.1387345262210e+017,1,0,国家级,3,3,5,-3434545,14720,"(14480.0, 17855.0]"
远航纺织股份有限公司005238,9.1387475672696890e+017,0,0,县级,3,4,2,565,11070,"(10954.0, 14480.0]"
永泰生物有限公司005239,9.1319778e+017,1,1,县级,5,4,,343434,2400,"(49.999, 3780.0]"
中原物流有限责任公司005240,9.13046604551481e+017,1,1,省级,2,4,4,5656,30350,"(27972.0, 31471.0]"
天成贸易集团有限公司005241,9.139286e+017,0,0,市级,5,4,,5656,22080,"(21364.0, 24660.0]"
华信化工集团有限公司005242,9.13074958358e+017,0,1,国家级,2,3,4,676767,7930,"(7370.0, 10954.0]"
盛世电子有限责任公司005243,9.1352e+017,0,0,县级,7,1,4,565,17480,"(14480.0, 17855.0]"
华信能源有限责任公司005244,9.13838424e+017,1,1,,,2,1,343434,13620,"(10954.0, 14480.0]"
中原信息股份有限公司005245,9.13409e+017,1,1,国家级,1,1,7,676767,22250,"(21364.0, 24660.0]"
永泰科技有限责任公司005246,9.136255292626e+017,0,1,县级,6,3,,-3434545,2490,"(49.999, 3780.0]"
中原食品集团有限公司005247,9.13022606728e+017,0,0,市级,5,6,,6767,18640,"(17855.0, 21364.0]"
嘉禾智能集团有限公司005248,9.1358130750407e+017,0,0,县级,2,2,4,565,1410,"(49.999, 3780.0]"
中原食品有限公司005249,9.13900023738578e+017,0,0,省级,,5,7,343434,28980,"(27972.0, 31471.0]"
嘉禾科技股份有限公司005250,9.13378237801618e+017,0,,市级,2,7,5,565656,20950,"(17855.0, 21364.0]"
启明材料有限公司005251,9.13636511e+017,0,1,,7,,3,565,20970,"(17855.0, 21364.0]"
鼎盛智能有限责任公司005252,9.13026681031e+017,1,1,县级,7,,7,-3434545,2380,"(49.999, 3780.0]"
博雅贸易集团有限公司005253,9.1383143921e+017,1,0,市级,4,,3,565656,5470,"(3780.0, 7370.0]"
永泰物流股份有限公司005254,9.137332351e+017,0,0,县级,4,1,5,565656,15430,"(14480.0, 17855.0]"
创元环保有限责任公司005255,9.13882983448e+017,0,1,国家级,7,,,-3434545,32470,"(31471.0, 35000.0]"
联创网络有限责任公司005256,9.137047471248e+017,0,1,,4,4,4,-3434545,4720,"(3780.0, 7370.0]"
星河食品集团有限公司005257,9.130758e+017,1,1,市级,2,4,1,676767,25530,"(24660.0, 27972.0]"
远航化工集团有限公司005258,9.1355e+017,1,0,省级,6,3,3,565656,6510,"(3780.0, 7370.0]"
盛世环保有限责任公司005259,9.134456e+017,0,1,国家级,4,7,4,565,4120,"(3780.0, 7370.0]"
瑞丰装备有限公司005260,9.1334639981e+017,0,0,国家级,5,,7,6767,30190,"(27972.0, 31471.0]"
永泰化工有限责任公司005261,9.130350496929528e+017,1,1,国家级,,4,,676767,11360,"(10954.0, 14480.0]"
宏达生物集团有限公司005262,9.130456653311912e+017,0,0,国家级,4,4,6,6767,27860,"(24660.0, 27972.0]"
华信生物有限公司005263,9.13512101e+017,,1,国家级,1,7,2,-3434545,13440,"(10954.0, 14480.0]"
天成装备集团有限公司005264,9.137912310039636e+017,,0,,3,,5,5656,31730,"(31471.0, 35000.0]"
创元能源股份有限公司005265,9.13856e+017,1,,国家级,4,3,4,676767,8730,"(7370.0, 10954.0]"
金鼎食品有限责任公司005266,9.138085e+017,0,1,市级,3,4,2,676767,14240,"(10954.0, 14480.0]"
星河信息集团有限公司005267,9.135790310e+017,1,1,省级,2,,7,565,21080,"(17855.0, 21364.0]"
金鼎网络股份有限公司005268,9.130968339787e+017,1,1,省级,1,3,7,343434,5620,"(3780.0, 7370.0]"
鼎盛食品有限责任公司005269,9.139601706309e+017,0,1,国家级,6,4,7,-2323432,11940,"(10954.0, 14480.0]"
联创贸易有限责任公司005270,9.13051230335251e+017,0,1,市级,,6,6,-3434545,12010,"(10954.0, 14480.0]"
远航信息有限责任公司005271,9.1340014185e+017,,,国家级,1,5,6,343434,12320,"(10954.0, 14480.0]"
创元纺织股份有限公司005272,9.132331e+017,0,1,省级,,5,1,565,30600,"(27972.0, 31471.0]"
永泰建设有限责任公司005273,9.130041467010e+017,0,1,省级,4,6,5,-3434545,14830,"(14480.0, 17855.0]"
瑞丰医药有限公司005274,9.13884672e+017,1,,国家级,1,2,4,6767,2600,"(49.999, 3780.0]"
华泰智能有限责任公司005275,9.135628e+017,1,1,县级,,6,2,-3434545,23710,"(21364.0, 24660.0]"
华泰建设有限责任公司005276,9.135435115879e+017,0,1,市级,3,6,1,-2323432,3420,"(49.999, 3780.0]"
创元物流有限责任公司005277,9.1376726326199e+017,,0,市级,3,6,3,5656,14960,"(14480.0, 17855.0]"
嘉禾建设集团有限公司005278,9.13018552e+017,1,1,国家级,,7,1,565656,22690,"(21364.0, 24660.0]"
金鼎生物有限责任公司005279,9.13107980431454e+017,1,,,6,5,4,-3434545,8720,"(7370.0, 10954.0]"
华泰物流集团有限公司005280,9.1337e+017,1,1,国家级,4,5,7,565656,13640,"(10954.0, 14480.0]"
瑞丰智能有限责任公司005281,9.1366e+017,0,1,国家级,5,2,2,-2323432,19230,"(17855.0, 21364.0]"
瑞丰建设有限公司005282,9.13765834136349e+017,0,1,市级,5,,3,6767,28150,"(27972.0, 31471.0]"
汇通物流有限责任公司005283,9.134384e+017,1,1,省级,3,1,3,676767,21180,"(17855.0, 21364.0]"
博雅医药股份有限公司005284,9.13428e+017,1,1,国家级,4,,,-2323432,6460,"(3780.0, 7370.0]"
天成信息有限责任公司005285,9.13121016e+017,0,1,市级,,6,2,565656,13730,"(10954.0, 14480.0]"
盛世食品有限责任公司005286,9.13995439218e+017,,0,市级,7,1,3,6767,33580,"(31471.0, 35000.0]"
宏达贸易有限公司005287,9.130113279e+017,0,,,6,3,,6767,11550,"(10954.0, 14480.0]"
瑞丰智能有限责任公司005288,9.137151617148e+017,0,0,省级,5,6,3,-2323432,33160,"(31471.0, 35000.0]"
创元能源有限公司005289,9.1365904e+017,1,1,市级,3,4,3,6767,12990,"(10954.0, 14480.0]"
联创纺织集团有限公司005290,9.13689841e+017,1,1,县级,6,1,,6767,34800,"(31471.0, 35000.0]"
联创纺织有限责任公司005291,9.1310265720e+017,1,0,县级,6,,,-2323432,26270,"(24660.0, 27972.0]"
华信机械有限公司005292,9.1395608e+017,1,0,,6,,4,565656,23820,"(21364.0, 24660.0]"
华信装备集团有限公司005293,9.13762395e+017,1,0,,1,7,,343434,19100,"(17855.0, 21364.0]"
鼎盛食品集团有限公司005294,9.138714186266e+017,0,1,省级,6,5,2,-2323432,20390,"(17855.0, 21364.0]"
鼎盛纺织有限责任公司005295,9.1379715e+017,0,0,国家级,1,3,2,565656,8310,"(7370.0, 10954.0]"
嘉禾电子集团有限公司005296,9.1377956354664044e+017,0,1,省级,4,7,2,-3434545,17620,"(14480.0, 17855.0]"
鼎盛物流有限责任公司005297,9.13815190e+017,0,1,市级,4,3,,6767,33990,"(31471.0, 35000.0]"
中原智能有限责任公司005298,9.13392978779391e+017,0,0,省级,1,4,1,343434,33170,"(31471.0, 35000.0]"
联创生物股份有限公司005299,9.13500e+017,0,1,省级,3,7,7,-3434545,23010,"(21364.0, 24660.0]"
星河食品股份有限公司005300,9.1371975e+017,1,1,县级,3,,7,-2323432,24140,"(21364.0, 24660.0]"
华泰物流集团有限公司005301,9.133458994e+017,1,1,省级,5,7,,6767,30350,"(27972.0, 31471.0]"
鼎盛智能有限公司005302,9.1310466379916505e+017,,0,,7,3,1,676767,31580,"(31471.0, 35000.0]"
星河机械股份有限公司005303,9.1348220275e+017,0,1,,2,5,,565656,2540,"(49.999, 3780.0]"
汇通网络有限公司005304,9.137379090e+017,1,0,国家级,5,3,5,676767,6250,"(3780.0, 7370.0]"
宏达食品有限责任公司005305,9.13489170675e+017,1,0,县级,,3,6,676767,19010,"(17855.0, 21364.0]"
博雅装备集团有限公司005306,9.13799019297e+017,,1,县级,,1,4,-3434545,2420,"(49.999, 3780.0]"
中原贸易集团有限公司005307,9.136078132877576e+017,0,1,县级,1,3,3,-2323432,28690,"(27972.0, 31471.0]"
鼎盛食品集团有限公司005308,9.136865186381873e+017,0,,县级,3,1,4,565,29740,"(27972.0, 31471.0]"
中原纺织集团有限公司005309,9.139650e+017,1,1,县级,3,4,2,565,21370,"(21364.0, 24660.0]"
瑞丰机械有限责任公司005310,9.13571408e+017,0,1,,,1,,343434,14610,"(14480.0, 17855.0]"
金鼎智能有限责任公司005311,9.1314763419082682e+017,0,0,国家级,1,3,3,6767,33760,"(31471.0, 35000.0]"
华信环保有限公司005312,9.13433287531896e+017,1,,市级,3,,7,343434,27270,"(24660.0, 27972.0]"
金鼎信息有限公司005313,9.13142515324424e+017,1,0,省级,5,6,4,565656,22620,"(21364.0, 24660.0]"
宏达建设有限责任公司005314,9.1352135e+017,1,0,县级,,5,3,6767,1750,"(49.999, 3780.0]"
启明能源有限责任公司005315,9.1361401782e+017,1,0,市级,7,2,7,343434,21150,"(17855.0, 21364.0]"
联创机械有限公司005316,9.133081113241e+017,0,1,省级,2,,6,565656,29180,"(27972.0, 31471.0]"
盛世材料有限公司005317,9.1384162063e+017,1,0,,7,5,,343434,26500,"(24660.0, 27972.0]"
华信贸易股份有限公司005318,9.13402194e+017,1,1,,4,2,1,-3434545,33700,"(31471.0, 35000.0]"
华泰贸易有限责任公司005319,9.134232114324307e+017,0,0,,1,,1,343434,8290,"(7370.0, 10954.0]"
嘉禾医药有限公司005320,9.1331e+017,1,0,国家级,7,1,6,5656,34250,"(31471.0, 35000.0]"
华信机械有限公司005321,9.1305611e+017,1,0,国家级,1,2,7,-2323432,17840,"(14480.0, 17855.0]"
瑞丰物流股份有限公司005322,9.1391165407e+017,1,1,省级,7,1,6,-2323432,23330,"(21364.0, 24660.0]"
华信装备有限责任公司005323,9.134070e+017,0,0,国家级,2,,,-3434545,15180,"(14480.0, 17855.0]"
华信智能集团有限公司005324,9.130446054e+017,1,1,市级,7,,3,-3434545,24230,"(21364.0, 24660.0]"
华信智能有限责任公司005325,9.130213959900e+017,1,1,,4,2,5,676767,5360,"(3780.0, 7370.0]"
联创智能集团有限公司005326,9.1330e+017,0,0,,3,6,3,565656,2860,"(49.999, 3780.0]"
瑞丰化工股份有限公司005327,9.13913801148e+017,0,0,县级,,7,7,676767,16950,"(14480.0, 17855.0]"
金鼎信息集团有限公司005328,9.1317932776282e+017,1,1,,4,6,3,-2323432,28250,"(27972.0, 31471.0]"
金鼎机械股份有限公司005329,9.13706662583393e+017,0,1,市级,6,3,6,-3434545,7930,"(7370.0, 10954.0]"
鼎盛网络股份有限公司005330,9.139408812514338e+017,,,国家级,2,4,,565656,10200,"(7370.0, 10954.0]"
华信信息有限公司005331,9.13642508051e+017,,0,县级,,2,,-2323432,2390,"(49.999, 3780.0]"
启明环保有限公司005332,9.13862232946766e+017,1,1,国家级,2,1,3,565,14630,"(14480.0, 17855.0]"
天成医药有限公司005333,9.130803e+017,0,0,省级,1,3,2,676767,22580,"(21364.0, 24660.0]"
远航信息有限公司005334,9.1363e+017,1,0,省级,1,4,1,565,31580,"(31471.0, 35000.0]"
中原环保有限公司005335,9.1304874e+017,0,0,县级,5,5,,5656,2980,"(49.999, 3780.0]"
汇通机械有限公司005336,9.1301e+017,0,0,国家级,4,2,3,-2323432,23010,"(21364.0, 24660.0]"
启明物流集团有限公司005337,9.13624340458e+017,0,1,,,6,3,6767,28990,"(27972.0, 31471.0]"
嘉禾科技有限公司005338,9.1312808160034e+017,1,1,省级,6,5,4,-2323432,9340,"(7370.0, 10954.0]"
启明电子有限公司005339,9.1321621e+017,1,1,国家级,2,3,4,676767,31230,"(27972.0, 31471.0]"
博雅装备有限责任公司005340,9.13871048560646e+017,1,0,国家级,,2,,6767,25420,"(24660.0, 27972.0]"
创元电子有限责任公司005341,9.1324441e+017,0,1,市级,4,2,1,676767,14150,"(10954.0, 14480.0]"
华信机械集团有限公司005342,9.130611847107e+017,0,1,省级,,,,-2323432,16090,"(14480.0, 17855.0]"
宏达智能股份有限公司005343,9.133171715e+017,0,0,县级,2,6,6,565,31980,"(31471.0, 35000.0]"
嘉禾化工有限责任公司005344,9.13715399e+017,1,1,省级,2,6,,343434,2100,"(49.999, 3780.0]"
创元机械股份有限公司005345,9.13712123e+017,0,1,国家级,4,4,1,343434,11290,"(10954.0, 14480.0]"
宏达科技有限公司005346,9.1389762748e+017,,,省级,7,1,5,343434,8850,"(7370.0, 10954.0]"
博雅化工有限公司005347,9.1313767317933495e+017,0,1,市级,4,,7,-3434545,28080,"(27972.0, 31471.0]"
华信食品股份有限公司005348,9.13223e+017,0,1,县级,6,1,5,6767,7370,"(3780.0, 7370.0]"
博雅智能有限公司005349,9.1391711063e+017,0,0,县级,1,,,-3434545,12440,"(10954.0, 14480.0]"
华信生物股份有限公司005350,9.130435714e+017,0,0,国家级,5,5,2,676767,12130,"(10954.0, 14480.0]"
创元网络有限责任公司005351,9.13016741e+017,0,1,县级,1,,3,676767,32620,"(31471.0, 35000.0]"
远航装备股份有限公司005352,9.1345573e+017,1,0,国家级,5,,3,-3434545,2240,"(49.999, 3780.0]"
鼎盛装备集团有限公司005353,9.13498063937964e+017,1,1,,,3,5,676767,33150,"(31471.0, 35000.0]"
华泰建设集团有限公司005354,9.13483711e+017,1,1,国家级,5,,5,6767,21150,"(17855.0, 21364.0]"
华信机械股份有限公司005355,9.1394595594084e+017,0,0,国家级,7,,2,-2323432,3110,"(49.999, 3780.0]"
瑞丰能源有限公司005356,9.132115686838590e+017,0,0,县级,1,2,1,-2323432,11790,"(10954.0, 14480.0]"
博雅智能有限公司005357,9.13467045444084e+017,1,1,省级,4,4,6,676767,22570,"(21364.0, 24660.0]"
华泰能源有限责任公司005358,9.1306597288e+017,1,1,省级,3,1,2,676767,1190,"(49.999, 3780.0]"
汇通智能有限责任公司005359,9.137700e+017,0,,县级,3,6,5,6767,7130,"(3780.0, 7370.0]"
瑞丰贸易股份有限公司005360,9.1349424225887e+017,0,1,,3,7,1,5656,14910,"(14480.0, 17855.0]"
嘉禾建设股份有限公司005361,9.133848e+017,0,0,国家级,1,5,1,-2323432,25010,"(24660.0, 27972.0]"
汇通医药有限责任公司005362,9.13906e+017,,1,国家级,5,3,7,565656,23060,"(21364.0, 24660.0]"
鼎盛电子有限公司005363,9.1392085140701502e+017,0,,,,6,5,565656,20250,"(17855.0, 21364.0]"
嘉禾装备集团有限公司005364,9.131997747e+017,0,0,省级,2,6,5,6767,24390,"(21364.0, 24660.0]"
宏达机械股份有限公司005365,9.13308386142900e+017,0,1,,7,7,6,565,6400,"(3780.0, 7370.0]"
瑞丰智能有限责任公司005366,9.131759745538e+017,0,0,县级,3,3,2,565656,6910,"(3780.0, 7370.0]"
星河机械集团有限公司005367,9.13974307e+017,1,1,市级,6,1,2,565,11330,"(10954.0, 14480.0]"
金鼎环保股份有限公司005368,9.13151e+017,1,,省级,7,5,3,-2323432,24200,"(21364.0, 24660.0]"
天成环保集团有限公司005369,9.13109e+017,0,0,省级,5,4,7,565,21200,"(17855.0, 21364.0]"
鼎盛环保有限责任公司005370,9.1336325280949823e+017,1,0,县级,4,1,7,6767,27540,"(24660.0, 27972.0]"
中原信息有限责任公司005371,9.137148703488e+017,1,1,,,4,4,676767,6910,"(3780.0, 7370.0]"
金鼎电子股份有限公司005372,9.133377674767273e+017,1,1,国家级,,3,6,565,20530,"(17855.0, 21364.0]"
金鼎智能有限责任公司005373,9.13861465e+017,0,0,国家级,,6,2,343434,25480,"(24660.0, 27972.0]"
创元装备股份有限公司005374,9.1316336552683e+017,0,1,省级,6,5,4,5656,10400,"(7370.0, 10954.0]"
联创食品有限责任公司005375,9.1326456001526465e+017,0,,省级,3,1,2,565,21990,"(21364.0, 24660.0]"
瑞丰智能股份有限公司005376,9.1320e+017,1,1,国家级,5,7,7,676767,10380,"(7370.0, 10954.0]"
鼎盛环保股份有限公司005377,9.13080936e+017,1,0,市级,1,6,4,5656,4110,"(3780.0, 7370.0]"
金鼎生物股份有限公司005378,9.13538811e+017,0,1,县级,2,,1,6767,33490,"(31471.0, 35000.0]"
瑞丰物流集团有限公司005379,9.136022996139712e+017,0,1,省级,5,4,4,343434,33390,"(31471.0, 35000.0]"
远航生物集团有限公司005380,9.1326933e+017,0,1,国家级,,3,2,565,20780,"(17855.0, 21364.0]"
金鼎科技股份有限公司005381,9.13477822201127e+017,0,1,县级,5,,3,-2323432,34890,"(31471.0, 35000.0]"
盛世化工有限责任公司005382,9.13037438e+017,0,1,,4,4,6,6767,3190,"(49.999, 3780.0]"
天成医药股份有限公司005383,9.1344566e+017,0,,国家级,4,,4,-2323432,21920,"(21364.0, 24660.0]"
创元化工股份有限公司005384,9.13215609071084e+017,1,0,县级,4,5,5,-2323432,2290,"(49.999, 3780.0]"
永泰化工有限责任公司005385,9.130959148938383e+017,0,1,县级,6,6,4,6767,19520,"(17855.0, 21364.0]"
联创装备股份有限公司005386,9.1320285325813e+017,1,0,,,4,3,-2323432,15890,"(14480.0, 17855.0]"
汇通信息集团有限公司005387,9.13850879782e+017,0,1,,7,1,1,-2323432,320,"(49.999, 3780.0]"
嘉禾建设股份有限公司005388,9.13758741123e+017,0,1,县级,2,6,2,565656,30160,"(27972.0, 31471.0]"
天成电子有限公司005389,9.1382830415e+017,0,0,省级,4,5,7,6767,32610,"(31471.0, 35000.0]"
金鼎化工股份有限公司005390,9.1349395215518e+017,0,0,市级,4,,7,5656,10170,"(7370.0, 10954.0]"
汇通纺织有限公司005391,9.1366802424280386e+017,0,1,,2,4,1,5656,12450,"(10954.0, 14480.0]"
中原纺织有限公司005392,9.136792e+017,1,1,县级,,4,3,5656,22110,"(21364.0, 24660.0]"
宏达信息集团有限公司005393,9.13524209862296e+017,,1,国家级,2,3,,5656,3910,"(3780.0, 7370.0]"
天成材料股份有限公司005394,9.1382259e+017,1,1,县级,5,4,7,676767,1270,"(49.999, 3780.0]"
博雅纺织集团有限公司005395,9.1354e+017,,0,市级,5,3,1,676767,31160,"(27972.0, 31471.0]"
盛世信息集团有限公司005396,9.13129063072280e+017,1,0,,3,,2,-2323432,13670,"(10954.0, 14480.0]"
星河建设股份有限公司005397,9.131181103e+017,0,0,省级,6,3,,676767,30460,"(27972.0, 31471.0]"
永泰智能有限公司005398,9.1329362459e+017,0,0,国家级,6,7,2,343434,3650,"(49.999, 3780.0]"
鼎盛物流集团有限公司005399,9.13857329488e+017,1,1,市级,4,3,6,676767,3580,"(49.999, 3780.0]"
启明建设有限公司005400,9.1340020960e+017,,,县级,6,2,,565,34730,"(31471.0, 35000.0]"
嘉禾智能集团有限公司005401,9.135556e+017,0,,市级,3,1,3,565,14060,"(10954.0, 14480.0]"
创元建设集团有限公司005402,9.134821191600470e+017,1,1,县级,3,,2,343434,9440,"(7370.0, 10954.0]"
远航化工集团有限公司005403,9.1376534473639180e+017,1,1,县级,,5,6,565656,410,"(49.999, 3780.0]"
创元纺织集团有限公司005404,9.13114936487794e+017,1,0,市级,5,7,1,5656,18020,"(17855.0, 21364.0]"
联创能源有限责任公司005405,9.131816250430909e+017,1,0,省级,1,5,,5656,8600,"(7370.0, 10954.0]"
天成科技集团有限公司005406,9.130216e+017,0,1,县级,,7,,565656,26630,"(24660.0, 27972.0]"
天成机械有限责任公司005407,9.13229970128558e+017,0,1,省级,2,4,6,5656,28490,"(27972.0, 31471.0]"
嘉禾生物集团有限公司005408,9.1352680e+017,1,0,省级,2,6,5,565,21740,"(21364.0, 24660.0]"
盛世生物集团有限公司005409,9.13023360e+017,1,0,县级,6,4,5,-3434545,26500,"(24660.0, 27972.0]"
盛世机械股份有限公司005410,9.1307424e+017,0,1,市级,6,6,2,343434,27850,"(24660.0, 27972.0]"
创元贸易有限公司005411,9.131140430e+017,,0,省级,,1,5,6767,11420,"(10954.0, 14480.0]"
华泰信息有限责任公司005412,9.1348952862203504e+017,0,1,省级,,2,2,565656,19240,"(17855.0, 21364.0]"
汇通智能有限责任公司005413,9.1365188237937e+017,0,1,国家级,7,4,,565656,24460,"(21364.0, 24660.0]"
瑞丰食品股份有限公司005414,9.1319526132531837e+017,0,1,国家级,5,7,1,343434,8510,"(7370.0, 10954.0]"
博雅环保有限责任公司005415,9.1307e+017,0,1,国家级,6,2,6,565656,34970,"(31471.0, 35000.0]"
启明装备有限公司005416,9.1352e+017,,1,,2,1,2,565656,7040,"(3780.0, 7370.0]"
永泰网络股份有限公司005417,9.13056627714e+017,1,1,国家级,,5,,5656,32850,"(31471.0, 35000.0]"
中原医药有限公司005418,9.1353079693215e+017,,1,市级,4,2,6,-3434545,26900,"(24660.0, 27972.0]"
瑞丰信息股份有限公司005419,9.1360e+017,1,0,市级,5,1,5,676767,30320,"(27972.0, 31471.0]"
鼎盛装备股份有限公司005420,9.135501619669e+017,,0,国家级,1,6,5,676767,20400,"(17855.0, 21364.0]"
中原机械有限公司005421,9.13758064e+017,0,0,国家级,5,7,7,6767,7910,"(7370.0, 10954.0]"
星河材料有限责任公司005422,9.13732626406249e+017,1,0,市级,2,3,2,343434,18600,"(17855.0, 21364.0]"
永泰装备股份有限公司005423,9.13047437626895e+017,1,0,省级,7,,,-3434545,11050,"(10954.0, 14480.0]"
星河建设有限责任公司005424,9.1344522414395e+017,1,0,,2,5,7,565,2200,"(49.999, 3780.0]"
宏达电子有限公司005425,9.138464311019e+017,1,0,国家级,7,,2,6767,26120,"(24660.0, 27972.0]"
星河生物股份有限公司005426,9.1324721450617479e+017,1,0,国家级,7,6,2,6767,10030,"(7370.0, 10954.0]"
鼎盛生物集团有限公司005427,9.137837995837e+017,0,0,省级,5,1,,6767,10040,"(7370.0, 10954.0]"
星河材料股份有限公司005428,9.1327765702e+017,1,0,省级,,1,7,343434,17620,"(14480.0, 17855.0]"
远航能源有限责任公司005429,9.13277634716e+017,1,0,,3,2,3,6767,25570,"(24660.0, 27972.0]"
嘉禾电子有限公司005430,9.1339542509e+017,0,0,国家级,4,4,2,676767,10250,"(7370.0, 10954.0]"
启明建设集团有限公司005431,9.1381e+017,1,1,省级,5,,,-3434545,34680,"(31471.0, 35000.0]"
永泰纺织股份有限公司005432,9.1376786518519e+017,0,0,县级,3,6,1,565,670,"(49.999, 3780.0]"
鼎盛装备股份有限公司005433,9.13887560e+017,0,1,,1,2,7,343434,21500,"(21364.0, 24660.0]"
远航生物股份有限公司005434,9.13093e+017,,1,县级,4,3,,-3434545,18940,"(17855.0, 21364.0]"
启明科技有限责任公司005435,9.1384381100e+017,1,1,,,,1,-3434545,9780,"(7370.0, 10954.0]"
华泰装备有限责任公司005436,9.138530962097e+017,0,0,,4,4,3,-2323432,21540,"(21364.0, 24660.0]"
金鼎食品有限公司005437,9.131493631258e+017,1,,县级,3,,6,676767,21430,"(21364.0, 24660.0]"
博雅贸易集团有限公司005438,9.13442709e+017,1,1,省级,3,,5,565656,19370,"(17855.0, 21364.0]"
天成化工股份有限公司005439,9.139349e+017,,0,省级,7,,4,676767,3930,"(3780.0, 7370.0]"
启明智能集团有限公司005440,9.136378435487e+017,1,1,市级,4,,3,343434,3750,"(49.999, 3780.0]"
联创网络股份有限公司005441,9.13072116228788e+017,0,0,,6,1,5,676767,12350,"(10954.0, 14480.0]"
盛世食品有限公司005442,9.13274e+017,0,1,县级,4,,2,-3434545,16730,"(14480.0, 17855.0]"
鼎盛纺织股份有限公司005443,9.134114374815337e+017,1,1,省级,5,6,3,5656,31560,"(31471.0, 35000.0]"
金鼎建设集团有限公司005444,9.1312e+017,0,,市级,5,3,5,-2323432,11830,"(10954.0, 14480.0]"
华信电子股份有限公司005445,9.135736503e+017,1,0,县级,7,7,3,676767,2480,"(49.999, 3780.0]"
盛世环保股份有限公司005446,9.13307e+017,1,0,省级,5,,3,-2323432,7750,"(7370.0, 10954.0]"
盛世能源股份有限公司005447,9.13123763e+017,1,0,省级,3,,3,-3434545,25540,"(24660.0, 27972.0]"
博雅机械股份有限公司005448,9.130973e+017,0,1,市级,3,5,5,6767,11360,"(10954.0, 14480.0]"
华信化工集团有限公司005449,9.1350188e+017,0,,市级,7,3,2,-2323432,27270,"(24660.0, 27972.0]"
中原信息股份有限公司005450,9.132747584876112e+017,1,1,市级,3,2,2,565,33700,"(31471.0, 35000.0]"
永泰机械有限责任公司005451,9.133871760279e+017,0,0,国家级,,5,1,343434,33370,"(31471.0, 35000.0]"
盛世物流有限责任公司005452,9.13632914636213e+017,0,1,县级,7,,,565656,13600,"(10954.0, 14480.0]"
华信科技股份有限公司005453,9.131497e+017,1,1,省级,3,4,1,5656,9470,"(7370.0, 10954.0]"
星河生物有限责任公司005454,9.13967398526643e+017,0,1,国家级,1,4,1,-3434545,6720,"(3780.0, 7370.0]"
盛世信息有限公司005455,9.13712360985813e+017,0,1,省级,5,5,2,-2323432,22350,"(21364.0, 24660.0]"
天成电子股份有限公司005456,9.133822136119980e+017,0,1,国家级,,1,5,-2323432,23670,"(21364.0, 24660.0]"
永泰生物集团有限公司005457,9.1376136e+017,1,,省级,7,7,5,343434,31430,"(27972.0, 31471.0]"
盛世装备股份有限公司005458,9.13875585e+017,0,0,县级,3,1,4,343434,9060,"(7370.0, 10954.0]"
嘉禾信息股份有限公司005459,9.13124216551162e+017,0,0,市级,3,,2,565656,6040,"(3780.0, 7370.0]"
宏达机械股份有限公司005460,9.1355131210008e+017,,1,,,3,3,565656,4070,"(3780.0, 7370.0]"
华信装备有限责任公司005461,9.13894751977e+017,0,0,国家级,6,,4,343434,15320,"(14480.0, 17855.0]"
汇通化工有限责任公司005462,9.13273e+017,0,1,国家级,7,,3,676767,33100,"(31471.0, 35000.0]"
鼎盛贸易有限责任公司005463,9.13107691549e+017,0,0,市级,6,5,7,5656,1210,"(49.999, 3780.0]"
星河环保有限责任公司005464,9.1352950310965172e+017,1,0,县级,5,1,2,565,10730,"(7370.0, 10954.0]"
远航建设集团有限公司005465,9.13737583e+017,1,1,国家级,5,4,3,6767,7110,"(3780.0, 7370.0]"
星河材料有限公司005466,9.137241877e+017,1,0,县级,,,5,676767,31600,"(31471.0, 35000.0]"
嘉禾能源有限责任公司005467,9.1372090028224051e+017,1,1,县级,3,7,6,6767,4600,"(3780.0, 7370.0]"
联创科技有限责任公司005468,9.13717568787799e+017,0,,市级,6,2,2,6767,590,"(49.999, 3780.0]"
盛世建设有限责任公司005469,9.1391315397929e+017,1,0,省级,,,2,565656,19420,"(17855.0, 21364.0]"
汇通化工集团有限公司005470,9.13113454480e+017,1,0,国家级,3,2,,565656,21850,"(21364.0, 24660.0]"
宏达贸易股份有限公司005471,9.1325251e+017,0,0,,4,7,1,343434,33680,"(31471.0, 35000.0]"
瑞丰能源集团有限公司005472,9.13303e+017,1,0,国家级,5,6,,-3434545,19890,"(17855.0, 21364.0]"
启明纺织有限责任公司005473,9.1370452607505e+017,0,1,省级,7,1,4,343434,13650,"(10954.0, 14480.0]"
鼎盛网络有限责任公司005474,9.130000746546832e+017,1,0,县级,6,4,,-3434545,2790,"(49.999, 3780.0]"
天成化工有限责任公司005475,9.134367e+017,1,1,县级,4,5,1,-2323432,21470,"(21364.0, 24660.0]"
永泰纺织集团有限公司005476,9.139190266e+017,0,1,县级,1,,7,6767,7630,"(7370.0, 10954.0]"
启明环保集团有限公司005477,9.1399676226257e+017,1,0,市级,5,3,4,343434,1590,"(49.999, 3780.0]"
宏达机械有限责任公司005478,9.138191531e+017,1,,市级,7,3,4,565,1380,"(49.999, 3780.0]"
宏达能源有限责任公司005479,9.1375e+017,1,1,,4,4,1,-3434545,32760,"(31471.0, 35000.0]"
博雅信息有限公司005480,9.1345e+017,0,0,省级,1,2,4,565,21260,"(17855.0, 21364.0]"
瑞丰机械有限公司005481,9.1347299672374106e+017,0,0,,,6,,676767,6540,"(3780.0, 7370.0]"
华信环保有限责任公司005482,9.1303085009691780e+017,,0,市级,3,6,,-2323432,33840,"(31471.0, 35000.0]"
联创食品有限责任公司005483,9.13570e+017,,1,县级,4,7,2,-3434545,16370,"(14480.0, 17855.0]"
博雅科技股份有限公司005484,9.13927344729326e+017,1,0,市级,6,,2,-3434545,17520,"(14480.0, 17855.0]"
金鼎科技有限责任公司005485,9.1367038706882985e+017,1,1,市级,6,6,2,-2323432,30620,"(27972.0, 31471.0]"
鼎盛食品有限公司005486,9.1393631742507129e+017,0,1,县级,,3,6,676767,23810,"(21364.0, 24660.0]"
星河物流有限公司005487,9.1349247693097900e+017,1,0,县级,2,1,3,6767,34280,"(31471.0, 35000.0]"
汇通纺织集团有限公司005488,9.1319406990e+017,1,0,县级,2,6,1,-3434545,12470,"(10954.0, 14480.0]"
嘉禾食品集团有限公司005489,9.131204897687547e+017,0,0,市级,7,3,3,565,19000,"(17855.0, 21364.0]"
联创科技有限公司005490,9.131894e+017,0,1,,,1,1,565,17240,"(14480.0, 17855.0]"
宏达机械有限责任公司005491,9.13294975930036e+017,0,0,县级,7,4,1,5656,15240,"(14480.0, 17855.0]"
联创化工有限责任公司005492,9.134656537108742e+017,1,1,市级,,2,1,-3434545,11220,"(10954.0, 14480.0]"
创元材料有限公司005493,9.135393166111e+017,,0,县级,,5,2,-2323432,20690,"(17855.0, 21364.0]"
盛世物流有限公司005494,9.13017e+017,1,1,省级,4,,7,-2323432,3690,"(49.999, 3780.0]"
鼎盛网络股份有限公司005495,9.13854e+017,,0,县级,2,5,5,343434,19290,"(17855.0, 21364.0]"
联创物流股份有限公司005496,9.1385292e+017,1,1,,4,5,7,565656,18590,"(17855.0, 21364.0]"
博雅能源股份有限公司005497,9.1345061258810669e+017,0,,省级,3,,1,6767,34860,"(31471.0, 35000.0]"
华泰纺织集团有限公司005498,9.1394508936989883e+017,1,0,县级,7,7,1,343434,31470,"(27972.0, 31471.0]"
永泰机械集团有限公司005499,9.138581019147796e+017,0,0,市级,2,3,5,676767,20420,"(17855.0, 21364.0]"
中原能源有限责任公司005500,9.13756e+017,0,0,省级,2,,3,565,8030,"(7370.0, 10954.0]"
天成物流有限责任公司005501,9.13410e+017,0,0,,,6,5,565656,25350,"(24660.0, 27972.0]"
远航机械有限责任公司005502,9.1370e+017,0,1,国家级,5,7,3,-3434545,23200,"(21364.0, 24660.0]"
启明建设有限公司005503,9.136085534083597e+017,1,1,市级,3,3,5,565,9400,"(7370.0, 10954.0]"
创元食品有限责任公司005504,9.132343992544931e+017,1,0,省级,,2,6,6767,20280,"(17855.0, 21364.0]"
瑞丰智能股份有限公司005505,9.1391925155828155e+017,1,,县级,,4,4,-2323432,33870,"(31471.0, 35000.0]"
瑞丰装备集团有限公司005506,9.135129940114e+017,1,1,市级,4,2,,565,7010,"(3780.0, 7370.0]"
创元化工股份有限公司005507,9.131933273100e+017,0,1,国家级,7,7,1,5656,14270,"(10954.0, 14480.0]"
启明生物股份有限公司005508,9.1332052685e+017,0,0,市级,5,2,7,565656,10290,"(7370.0, 10954.0]"
嘉禾网络集团有限公司005509,9.1341e+017,1,0,市级,3,,,-2323432,6870,"(3780.0, 7370.0]"
博雅生物有限责任公司005510,9.1362e+017,1,0,县级,,5,4,6767,4280,"(3780.0, 7370.0]"
天成电子有限公司005511,9.1348444835345407e+017,0,,,3,2,6,565656,16780,"(14480.0, 17855.0]"
联创生物有限公司005512,9.13588157997e+017,1,0,,4,2,5,-2323432,20860,"(17855.0, 21364.0]"
盛世生物有限责任公司005513,9.1325518931318417e+017,0,,县级,3,4,4,343434,20940,"(17855.0, 21364.0]"
嘉禾材料有限责任公司005514,9.135470912848e+017,1,1,国家级,1,,1,343434,28400,"(27972.0, 31471.0]"
华泰材料有限责任公司005515,9.13110592e+017,1,1,国家级,1,3,7,6767,19190,"(17855.0, 21364.0]"
博雅医药有限责任公司005516,9.137674e+017,0,0,县级,4,6,6,6767,31510,"(31471.0, 35000.0]"
博雅纺织有限责任公司005517,9.139467267e+017,1,1,县级,6,4,,-2323432,24940,"(24660.0, 27972.0]"
启明建设股份有限公司005518,9.138418174e+017,0,1,省级,4,5,3,565,3670,"(49.999, 3780.0]"
联创材料股份有限公司005519,9.1352e+017,0,0,,7,3,3,-2323432,22020,"(21364.0, 24660.0]"
华泰环保集团有限公司005520,9.1353402742e+017,0,1,省级,7,7,1,6767,27970,"(24660.0, 27972.0]"
金鼎医药股份有限公司005521,9.132887951343e+017,1,0,县级,1,7,2,565656,810,"(49.999, 3780.0]"
天成食品有限公司005522,9.1325014e+017,,0,省级,6,4,4,565656,21980,"(21364.0, 24660.0]"
创元生物集团有限公司005523,9.13433330700e+017,1,0,县级,1,2,5,6767,28310,"(27972.0, 31471.0]"
启明贸易股份有限公司005524,9.1386431e+017,1,0,省级,1,5,,343434,6030,"(3780.0, 7370.0]"
启明化工集团有限公司005525,9.1327815256792e+017,1,1,县级,4,2,2,343434,22920,"(21364.0, 24660.0]"
天成网络有限公司005526,9.1301064935e+017,1,0,县级,3,5,7,565656,400,"(49.999, 3780.0]"
宏达材料股份有限公司005527,9.1384e+017,0,1,县级,5,,2,5656,18020,"(17855.0, 21364.0]"
启明医药有限责任公司005528,9.1359e+017,1,1,,7,3,5,-2323432,31890,"(31471.0, 35000.0]"
嘉禾电子集团有限公司005529,9.13206957011e+017,0,0,市级,5,2,6,565,31680,"(31471.0, 35000.0]"
启明材料股份有限公司005530,9.1376325e+017,1,1,,7,6,3,-2323432,33990,"(31471.0, 35000.0]"
华信纺织有限责任公司005531,9.13819692705666e+017,1,0,县级,4,3,3,-3434545,6650,"(3780.0, 7370.0]"
联创装备股份有限公司005532,9.1360781413572e+017,0,1,省级,7,1,1,565656,29800,"(27972.0, 31471.0]"
瑞丰装备股份有限公司005533,9.137938381077e+017,0,0,市级,5,4,6,-2323432,6100,"(3780.0, 7370.0]"
永泰电子有限责任公司005534,9.1301e+017,1,1,县级,4,4,7,-3434545,1900,"(49.999, 3780.0]"
汇通化工有限公司005535,9.13190367e+017,0,0,省级,4,4,7,-3434545,33010,"(31471.0, 35000.0]"
汇通能源股份有限公司005536,9.130450905e+017,0,0,市级,3,7,,343434,7890,"(7370.0, 10954.0]"
金鼎建设股份有限公司005537,9.130029e+017,1,0,县级,5,,2,565,1140,"(49.999, 3780.0]"
瑞丰贸易有限责任公司005538,9.133526902355e+017,1,,,,6,1,-2323432,20890,"(17855.0, 21364.0]"
金鼎材料有限责任公司005539,9.1344294e+017,,0,省级,4,4,3,-3434545,9860,"(7370.0, 10954.0]"
中原贸易有限责任公司005540,9.1318587743600e+017,0,1,县级,7,7,6,676767,21680,"(21364.0, 24660.0]"
联创科技股份有限公司005541,9.13657249395e+017,1,1,,7,3,3,676767,11090,"(10954.0, 14480.0]"
博雅科技股份有限公司005542,9.1323486614473814e+017,1,0,市级,7,4,6,565,4820,"(3780.0, 7370.0]"
天成纺织集团有限公司005543,9.137482282e+017,0,1,,,2,,676767,21520,"(21364.0, 24660.0]"
星河物流有限责任公司005544,9.138381539346618e+017,,1,县级,1,6,,565656,24640,"(21364.0, 24660.0]"
宏达信息有限责任公司005545,9.1341e+017,0,1,,7,7,2,-2323432,2840,"(49.999, 3780.0]"
瑞丰环保有限责任公司005546,9.130601656e+017,0,0,,1,,,-3434545,5190,"(3780.0, 7370.0]"
永泰智能有限责任公司005547,9.136984050e+017,1,1,省级,3,5,5,565656,9100,"(7370.0, 10954.0]"
华信化工有限责任公司005548,9.1367082882e+017,,,县级,2,3,7,-2323432,29240,"(27972.0, 31471.0]"
创元装备股份有限公司005549,9.13081521150e+017,1,0,市级,7,5,4,565656,31960,"(31471.0, 35000.0]"
鼎盛科技有限公司005550,9.139033e+017,0,1,县级,7,,3,565,5360,"(3780.0, 7370.0]"
盛世智能有限责任公司005551,9.139774570853e+017,0,0,市级,5,1,,-3434545,10060,"(7370.0, 10954.0]"
博雅医药有限公司005552,9.1398e+017,1,1,县级,5,5,5,-2323432,19990,"(17855.0, 21364.0]"
金鼎医药集团有限公司005553,9.1337514531371442e+017,1,0,县级,2,3,7,6767,31790,"(31471.0, 35000.0]"
鼎盛食品有限公司005554,9.1317523e+017,1,1,省级,7,7,,6767,32000,"(31471.0, 35000.0]"
天成电子有限责任公司005555,9.1352189272107e+017,0,1,市级,2,2,1,5656,21890,"(21364.0, 24660.0]"
博雅环保股份有限公司005556,9.1349900074930e+017,0,0,县级,5,5,,676767,7670,"(7370.0, 10954.0]"
汇通医药集团有限公司005557,9.131571861096e+017,0,,县级,3,6,1,343434,22680,"(21364.0, 24660.0]"
联创能源集团有限公司005558,9.13769633795e+017,0,1,国家级,2,4,7,565,23900,"(21364.0, 24660.0]"
创元科技集团有限公司005559,9.1387e+017,1,0,,,,5,6767,31430,"(27972.0, 31471.0]"
永泰装备有限责任公司005560,9.1347e+017,1,0,市级,6,7,,5656,32410,"(31471.0, 35000.0]"
华泰贸易有限责任公司005561,9.1321624483e+017,1,1,国家级,3,,2,565,14630,"(14480.0, 17855.0]"
鼎盛电子有限公司005562,9.1300578e+017,1,,市级,3,,7,565656,9050,"(7370.0, 10954.0]"
汇通科技有限责任公司005563,9.133094680e+017,0,0,市级,1,,,343434,32400,"(31471.0, 35000.0]"
启明化工有限责任公司005564,9.130344536e+017,1,0,县级,7,1,7,5656,19510,"(17855.0, 21364.0]"
中原智能股份有限公司005565,9.135405848981e+017,1,0,县级,2,3,7,-3434545,18410,"(17855.0, 21364.0]"
创元贸易有限公司005566,9.1345987359114600e+017,0,0,,,6,6,676767,33360,"(31471.0, 35000.0]"
星河化工集团有限公司005567,9.13126e+017,1,0,市级,6,3,,-2323432,10660,"(7370.0, 10954.0]"
联创物流股份有限公司005568,9.134281e+017,0,1,市级,4,,2,5656,18380,"(17855.0, 21364.0]"
宏达纺织集团有限公司005569,9.13132785e+017,0,1,国家级,1,7,2,5656,22300,"(21364.0, 24660.0]"
星河纺织有限责任公司005570,9.13423779676e+017,1,1,县级,6,2,3,676767,2980,"(49.999, 3780.0]"
远航纺织有限责任公司005571,9.134126227617e+017,,1,县级,,2,4,565,9850,"(7370.0, 10954.0]"
联创食品有限公司005572,9.1374891102368086e+017,1,1,国家级,5,,,565656,14150,"(10954.0, 14480.0]"
汇通环保有限公司005573,9.135210450674582e+017,1,1,市级,3,7,3,6767,12730,"(10954.0, 14480.0]"
博雅建设集团有限公司005574,9.13100635e+017,0,0,县级,7,5,3,565656,30580,"(27972.0, 31471.0]"
宏达纺织有限责任公司005575,9.13517694170e+017,0,0,县级,,3,7,565,22990,"(21364.0, 24660.0]"
盛世医药集团有限公司005576,9.1393418470e+017,1,1,市级,4,3,3,343434,22680,"(21364.0, 24660.0]"
星河纺织集团有限公司005577,9.1395242411e+017,0,0,省级,7,5,,676767,27130,"(24660.0, 27972.0]"
盛世贸易有限公司005578,9.1334694e+017,0,1,县级,4,7,1,-2323432,17940,"(17855.0, 21364.0]"
汇通科技集团有限公司005579,9.1303749400821e+017,1,0,县级,,1,2,-3434545,33010,"(31471.0, 35000.0]"
嘉禾机械有限责任公司005580,9.139058292e+017,,1,县级,2,3,4,565,9730,"(7370.0, 10954.0]"
金鼎医药有限责任公司005581,9.138631506266e+017,1,0,,2,7,7,6767,4820,"(3780.0, 7370.0]"
宏达物流有限公司005582,9.1301126e+017,0,,省级,6,,5,565656,26450,"(24660.0, 27972.0]"
天成食品有限责任公司005583,9.13759231961076e+017,0,0,市级,6,6,2,6767,2230,"(49.999, 3780.0]"
华泰纺织有限公司005584,9.13577e+017,0,0,,,,4,565,32320,"(31471.0, 35000.0]"
汇通科技有限责任公司005585,9.1317177181643588e+017,0,0,国家级,7,5,5,565656,17620,"(14480.0, 17855.0]"
星河科技有限公司005586,9.13832999434e+017,1,0,省级,3,3,5,565656,6160,"(3780.0, 7370.0]"
瑞丰纺织股份有限公司005587,9.137710375169e+017,1,0,国家级,2,2,4,676767,3770,"(49.999, 3780.0]"
启明科技股份有限公司005588,9.134348092e+017,0,1,县级,4,4,2,6767,19860,"(17855.0, 21364.0]"
金鼎网络有限公司005589,9.136309906576e+017,0,1,市级,3,6,6,5656,33320,"(31471.0, 35000.0]"
天成生物集团有限公司005590,9.138677297e+017,0,0,市级,4,5,3,343434,19690,"(17855.0, 21364.0]"
汇通信息有限责任公司005591,9.13054691e+017,0,0,省级,4,1,5,565656,30880,"(27972.0, 31471.0]"
中原科技有限责任公司005592,9.13753272587957e+017,,1,省级,3,3,1,565656,21330,"(17855.0, 21364.0]"
远航智能股份有限公司005593,9.1342521454e+017,0,1,县级,7,5,5,6767,11280,"(10954.0, 14480.0]"
华泰科技股份有限公司005594,9.1386382e+017,1,0,县级,5,2,1,565,10270,"(7370.0, 10954.0]"
宏达物流集团有限公司005595,9.1338437e+017,1,1,县级,5,4,4,565,34100,"(31471.0, 35000.0]"
天成装备股份有限公司005596,9.1393372e+017,1,1,省级,5,2,1,-3434545,3520,"(49.999, 3780.0]"
宏达环保股份有限公司005597,9.1302959275e+017,0,0,县级,5,,3,-2323432,24580,"(21364.0, 24660.0]"
盛世机械有限公司005598,9.138956e+017,1,1,国家级,7,,,6767,24020,"(21364.0, 24660.0]"
鼎盛网络有限责任公司005599,9.1376050e+017,0,1,省级,4,5,4,5656,4690,"(3780.0, 7370.0]"
盛世机械集团有限公司005600,9.1304063725e+017,1,0,省级,5,4,7,-3434545,19320,"(17855.0, 21364.0]"
宏达食品股份有限公司005601,9.133528360784e+017,0,1,市级,2,2,5,343434,28750,"(27972.0, 31471.0]"
金鼎贸易股份有限公司005602,9.134711769e+017,1,,国家级,3,6,7,-3434545,27980,"(27972.0, 31471.0]"
创元智能股份有限公司005603,9.13081858351397e+017,1,1,县级,,2,5,6767,15920,"(14480.0, 17855.0]"
联创网络集团有限公司005604,9.132198376946e+017,0,0,市级,4,6,6,-2323432,25960,"(24660.0, 27972.0]"
联创机械集团有限公司005605,9.134979e+017,0,0,省级,5,4,4,565656,2410,"(49.999, 3780.0]"
宏达纺织有限责任公司005606,9.1395192445561328e+017,1,0,市级,,2,3,5656,24910,"(24660.0, 27972.0]"
华泰贸易有限公司005607,9.134780387e+017,1,1,县级,1,6,1,565,6650,"(3780.0, 7370.0]"
永泰材料有限公司005608,9.13150252191474e+017,0,0,省级,,6,4,343434,3000,"(49.999, 3780.0]"
盛世电子股份有限公司005609,9.1365305e+017,1,0,市级,5,4,3,5656,1490,"(49.999, 3780.0]"
启明建设集团有限公司005610,9.13612585e+017,1,0,县级,6,4,5,565,5220,"(3780.0, 7370.0]"
天成能源股份有限公司005611,9.137965408515556e+017,1,0,国家级,3,2,3,5656,33840,"(31471.0, 35000.0]"
联创物流集团有限公司005612,9.130808238340e+017,1,0,市级,5,5,7,676767,17340,"(14480.0, 17855.0]"
永泰纺织股份有限公司005613,9.13743e+017,1,1,市级,1,1,5,-3434545,32650,"(31471.0, 35000.0]"
盛世装备股份有限公司005614,9.1391115796235013e+017,0,0,县级,2,6,5,5656,12270,"(10954.0, 14480.0]"
宏达物流集团有限公司005615,9.1344614078672670e+017,1,0,,2,3,2,565,18230,"(17855.0, 21364.0]"
星河医药有限责任公司005616,9.1305729400e+017,0,1,省级,1,1,1,-3434545,23330,"(21364.0, 24660.0]"
瑞丰医药集团有限公司005617,9.1347994375e+017,0,0,国家级,,4,1,5656,18570,"(17855.0, 21364.0]"
远航物流集团有限公司005618,9.133049660e+017,,1,市级,7,,4,565,5770,"(3780.0, 7370.0]"
博雅生物集团有限公司005619,9.134092975e+017,0,,省级,6,,1,565,34700,"(31471.0, 35000.0]"
星河建设股份有限公司005620,9.13077463e+017,1,1,县级,5,4,,-3434545,19650,"(17855.0, 21364.0]"
金鼎装备股份有限公司005621,9.13375121761658e+017,1,,县级,1,4,2,-2323432,8660,"(7370.0, 10954.0]"
联创物流集团有限公司005622,9.1310e+017,0,1,省级,6,3,3,343434,14870,"(14480.0, 17855.0]"
启明科技有限责任公司005623,9.1331811065686e+017,0,1,市级,5,4,4,6767,4960,"(3780.0, 7370.0]"
汇通能源集团有限公司005624,9.1314391372e+017,1,1,市级,3,,6,565,17540,"(14480.0, 17855.0]"
远航智能有限责任公司005625,9.1386541785614e+017,1,1,省级,,1,7,343434,23360,"(21364.0, 24660.0]"
瑞丰能源有限责任公司005626,9.1309607e+017,0,1,国家级,2,5,6,-3434545,630,"(49.999, 3780.0]"
宏达智能有限公司005627,9.13069880009017e+017,0,0,县级,2,5,5,343434,1050,"(49.999, 3780.0]"
华泰化工有限公司005628,9.1371934002923425e+017,0,1,省级,1,6,4,565656,15730,"(14480.0, 17855.0]"
金鼎材料有限责任公司005629,9.138992593087e+017,0,1,,4,4,6,565656,19780,"(17855.0, 21364.0]"
星河装备股份有限公司005630,9.1350775502e+017,0,,国家级,4,4,1,565656,1450,"(49.999, 3780.0]"
创元电子有限公司005631,9.137676618056e+017,0,1,,5,5,,5656,18600,"(17855.0, 21364.0]"
联创科技集团有限公司005632,9.13142652765215e+017,0,0,县级,2,3,6,5656,23400,"(21364.0, 24660.0]"
远航电子集团有限公司005633,9.1316532613905666e+017,1,0,,7,4,1,-3434545,15720,"(14480.0, 17855.0]"
启明装备有限公司005634,9.13937151251e+017,0,,市级,2,5,2,343434,9640,"(7370.0, 10954.0]"
星河电子集团有限公司005635,9.138359e+017,1,1,市级,5,1,6,565,5820,"(3780.0, 7370.0]"
嘉禾材料股份有限公司005636,9.132077188202753e+017,1,1,,1,2,5,5656,31670,"(31471.0, 35000.0]"
汇通建设集团有限公司005637,9.1309959e+017,0,0,县级,5,,4,565656,29610,"(27972.0, 31471.0]"
远航机械股份有限公司005638,9.134126354436194e+017,0,,县级,5,1,,6767,32460,"(31471.0, 35000.0]"
中原科技股份有限公司005639,9.1326466e+017,1,0,市级,1,,5,-3434545,22990,"(21364.0, 24660.0]"
博雅网络有限公司005640,9.135331e+017,0,1,县级,2,5,6,-3434545,25530,"(24660.0, 27972.0]"
鼎盛建设集团有限公司005641,9.13314800734e+017,1,1,省级,4,1,3,-3434545,32360,"(31471.0, 35000.0]"
永泰物流股份有限公司005642,9.1376335225046996e+017,1,1,省级,7,,4,565,18860,"(17855.0, 21364.0]"
永泰建设股份有限公司005643,9.137692172e+017,1,,市级,3,3,5,5656,26650,"(24660.0, 27972.0]"
嘉禾贸易集团有限公司005644,9.13433805395611e+017,0,0,国家级,2,6,6,-3434545,18480,"(17855.0, 21364.0]"
星河材料集团有限公司005645,9.13695e+017,1,0,县级,7,6,7,565656,30110,"(27972.0, 31471.0]"
启明纺织集团有限公司005646,9.1388782283219766e+017,1,0,国家级,7,2,1,565656,20520,"(17855.0, 21364.0]"
天成食品集团有限公司005647,9.137336e+017,0,1,国家级,3,2,,-3434545,11220,"(10954.0, 14480.0]"
华泰装备有限责任公司005648,9.1311620463497e+017,,1,国家级,7,3,3,-3434545,26280,"(24660.0, 27972.0]"
天成食品有限责任公司005649,9.13005070202252e+017,1,0,,1,,5,6767,24660,"(21364.0, 24660.0]"
汇通智能集团有限公司005650,9.139489150219e+017,0,0,县级,3,5,2,-2323432,24750,"(24660.0, 27972.0]"
宏达科技股份有限公司005651,9.1394385618e+017,0,0,县级,6,1,6,676767,28020,"(27972.0, 31471.0]"
华泰贸易有限责任公司005652,9.13223e+017,0,1,国家级,,6,1,676767,540,"(49.999, 3780.0]"
嘉禾纺织集团有限公司005653,9.1311e+017,,0,市级,7,7,5,565656,13420,"(10954.0, 14480.0]"
创元生物有限公司005654,9.13155646147558e+017,1,0,县级,6,3,,6767,15580,"(14480.0, 17855.0]"
嘉禾科技有限公司005655,9.1393e+017,1,0,,7,,6,343434,24950,"(24660.0, 27972.0]"
瑞丰能源股份有限公司005656,9.138948e+017,,0,省级,7,1,2,-2323432,16740,"(14480.0, 17855.0]"
瑞丰化工有限公司005657,9.13257953351708e+017,1,1,市级,2,2,3,565,13620,"(10954.0, 14480.0]"
联创贸易有限公司005658,9.13211e+017,0,0,县级,2,1,4,343434,18170,"(17855.0, 21364.0]"
瑞丰网络有限责任公司005659,9.137251589e+017,0,0,,3,1,6,5656,12620,"(10954.0, 14480.0]"
汇通纺织有限责任公司005660,9.132160505516003e+017,1,0,省级,5,3,1,5656,2140,"(49.999, 3780.0]"
联创网络有限公司005661,9.136628717e+017,0,0,省级,2,1,6,565656,16990,"(14480.0, 17855.0]"
联创信息有限公司005662,9.137747239e+017,0,1,,5,2,3,565656,13670,"(10954.0, 14480.0]"
博雅食品股份有限公司005663,9.13393926498e+017,1,0,县级,5,,5,565,27630,"(24660.0, 27972.0]"
天成贸易集团有限公司005664,9.1330013e+017,1,0,市级,7,,3,676767,9020,"(7370.0, 10954.0]"
星河智能集团有限公司005665,9.139378251841e+017,,1,省级,7,,2,6767,13600,"(10954.0, 14480.0]"
中原智能有限责任公司005666,9.1383925824148e+017,,,市级,6,1,6,343434,15840,"(14480.0, 17855.0]"
联创医药有限责任公司005667,9.1305971675e+017,0,1,市级,7,4,3,565,24080,"(21364.0, 24660.0]"
宏达机械有限责任公司005668,9.1331413962916e+017,,0,,3,6,3,343434,7420,"(7370.0, 10954.0]"
永泰纺织有限责任公司005669,9.1311e+017,,,国家级,5,,5,-2323432,25260,"(24660.0, 27972.0]"
博雅装备股份有限公司005670,9.1304899895130e+017,0,1,县级,4,7,1,6767,9680,"(7370.0, 10954.0]"
嘉禾能源有限公司005671,9.136506537587084e+017,1,,国家级,,,2,565656,7460,"(7370.0, 10954.0]"
天成生物有限公司005672,9.138561078953185e+017,1,1,市级,2,3,2,565656,8050,"(7370.0, 10954.0]"
联创科技有限公司005673,9.137574159091199e+017,0,1,国家级,6,7,6,565,15080,"(14480.0, 17855.0]"
汇通智能有限责任公司005674,9.1303417e+017,0,0,国家级,7,5,6,676767,190,"(49.999, 3780.0]"
永泰机械有限责任公司005675,9.13564677492231e+017,0,0,,7,2,2,565656,26000,"(24660.0, 27972.0]"
瑞丰网络有限公司005676,9.1373328e+017,,1,省级,6,7,6,565656,26150,"(24660.0, 27972.0]"
汇通网络股份有限公司005677,9.1365474e+017,1,1,国家级,1,3,3,6767,11500,"(10954.0, 14480.0]"
中原网络有限公司005678,9.138801901e+017,0,,县级,1,7,3,343434,8820,"(7370.0, 10954.0]"
宏达装备集团有限公司005679,9.1349285111710912e+017,0,0,,6,3,6,5656,14310,"(10954.0, 14480.0]"
博雅物流有限责任公司005680,9.135990498395454e+017,0,0,省级,,4,7,6767,22880,"(21364.0, 24660.0]"
瑞丰科技有限责任公司005681,9.131789639763e+017,0,1,省级,3,4,6,-2323432,31400,"(27972.0, 31471.0]"
汇通贸易有限责任公司005682,9.13021416625e+017,1,1,市级,1,4,,565656,33020,"(31471.0, 35000.0]"
永泰网络有限公司005683,9.13571e+017,1,0,,6,,4,676767,9510,"(7370.0, 10954.0]"
联创材料有限责任公司005684,9.1363116089e+017,1,1,省级,,2,,-3434545,20680,"(17855.0, 21364.0]"
金鼎建设有限责任公司005685,9.13464e+017,0,,,4,7,4,-3434545,21280,"(17855.0, 21364.0]"
汇通科技集团有限公司005686,9.13483e+017,,0,省级,5,,1,6767,31370,"(27972.0, 31471.0]"
天成装备有限责任公司005687,9.13760242823032e+017,1,1,省级,5,1,5,676767,26730,"(24660.0, 27972.0]"
永泰医药股份有限公司005688,9.1378051725605195e+017,1,0,,2,1,1,676767,19630,"(17855.0, 21364.0]"
汇通装备有限公司005689,9.1353981e+017,1,1,县级,,3,6,5656,6750,"(3780.0, 7370.0]"
启明科技有限公司005690,9.1337144e+017,1,0,县级,7,7,2,6767,24310,"(21364.0, 24660.0]"
创元电子集团有限公司005691,9.13232881e+017,1,0,县级,5,6,4,565,28480,"(27972.0, 31471.0]"
启明化工有限公司005692,9.1354449755530e+017,1,0,县级,1,7,5,-3434545,10790,"(7370.0, 10954.0]"
华信贸易集团有限公司005693,9.13144511404835e+017,1,0,市级,5,,6,343434,23420,"(21364.0, 24660.0]"
盛世科技有限责任公司005694,9.138229250055276e+017,,1,省级,,3,6,343434,4060,"(3780.0, 7370.0]"
嘉禾科技集团有限公司005695,9.1394996e+017,1,1,市级,3,1,6,5656,27990,"(27972.0, 31471.0]"
博雅智能有限公司005696,9.13223e+017,0,0,,7,7,6,565,25470,"(24660.0, 27972.0]"
启明环保有限责任公司005697,9.1380510663309019e+017,0,0,国家级,5,7,,6767,15800,"(14480.0, 17855.0]"
宏达食品集团有限公司005698,9.1347959e+017,1,0,国家级,3,,1,5656,21300,"(17855.0, 21364.0]"
华泰电子股份有限公司005699,9.1344804e+017,1,1,省级,3,2,4,565656,31820,"(31471.0, 35000.0]"
远航电子有限公司005700,9.1378e+017,0,1,县级,,1,6,-2323432,17470,"(14480.0, 17855.0]"
盛世装备股份有限公司005701,9.1339e+017,1,1,县级,2,,,565,33320,"(31471.0, 35000.0]"
宏达智能有限公司005702,9.138157085e+017,0,,省级,4,,6,565,18500,"(17855.0, 21364.0]"
创元机械集团有限公司005703,9.13042689337e+017,0,1,,7,6,3,6767,22210,"(21364.0, 24660.0]"
中原电子集团有限公司005704,9.13010927417925e+017,0,1,县级,,5,6,-2323432,3920,"(3780.0, 7370.0]"
金鼎建设集团有限公司005705,9.13312e+017,,0,市级,5,5,4,343434,29550,"(27972.0, 31471.0]"
瑞丰贸易股份有限公司005706,9.1330351744401654e+017,0,0,,6,5,7,-2323432,31870,"(31471.0, 35000.0]"
华泰食品集团有限公司005707,9.1370504585692e+017,0,0,省级,6,6,7,-2323432,10510,"(7370.0, 10954.0]"
启明智能股份有限公司005708,9.1375232554e+017,1,1,国家级,3,,7,565,20260,"(17855.0, 21364.0]"
创元科技有限公司005709,9.1399138674716e+017,1,0,国家级,1,5,1,565,21900,"(21364.0, 24660.0]"
联创材料有限公司005710,9.1318607138520477e+017,0,1,县级,1,3,4,5656,16770,"(14480.0, 17855.0]"
嘉禾能源有限责任公司005711,9.1341913392e+017,1,1,县级,2,3,6,565,28840,"(27972.0, 31471.0]"
华信电子集团有限公司005712,9.1348095451565843e+017,,1,国家级,,6,5,565656,25130,"(24660.0, 27972.0]"
金鼎智能股份有限公司005713,9.1324e+017,1,0,省级,6,7,3,676767,14690,"(14480.0, 17855.0]"
盛世材料有限公司005714,9.13617796800e+017,0,0,省级,3,1,,565,11090,"(10954.0, 14480.0]"
创元机械股份有限公司005715,9.139645600e+017,0,1,市级,7,5,7,-2323432,23310,"(21364.0, 24660.0]"
鼎盛贸易股份有限公司005716,9.13829513349168e+017,1,0,国家级,1,1,5,343434,27540,"(24660.0, 27972.0]"
宏达纺织股份有限公司005717,9.1367235e+017,,,,,4,6,-2323432,21890,"(21364.0, 24660.0]"
宏达电子集团有限公司005718,9.134846023824522e+017,0,1,国家级,4,1,,-3434545,2830,"(49.999, 3780.0]"
远航信息股份有限公司005719,9.1393056882168e+017,0,0,市级,6,3,6,-3434545,25590,"(24660.0, 27972.0]"
博雅智能集团有限公司005720,9.1397373674366512e+017,0,1,市级,7,,6,565656,22460,"(21364.0, 24660.0]"
华信医药股份有限公司005721,9.13170183666e+017,1,1,省级,2,3,6,-2323432,6840,"(3780.0, 7370.0]"
嘉禾信息集团有限公司005722,9.1303203743539e+017,1,1,县级,,6,,565656,29050,"(27972.0, 31471.0]"
嘉禾医药有限责任公司005723,9.135439e+017,1,0,,,2,4,6767,4930,"(3780.0, 7370.0]"
金鼎电子有限责任公司005724,9.131723537e+017,0,1,省级,5,,6,676767,26880,"(24660.0, 27972.0]"
宏达生物有限责任公司005725,9.137438245250705e+017,1,0,国家级,6,5,6,6767,20220,"(17855.0, 21364.0]"
盛世食品有限公司005726,9.139591840e+017,1,,市级,1,2,2,565,3100,"(49.999, 3780.0]"
远航医药有限公司005727,9.13758389e+017,0,1,省级,5,5,2,565656,1170,"(49.999, 3780.0]"
宏达生物有限公司005728,9.13654237779e+017,0,0,县级,7,4,4,6767,2020,"(49.999, 3780.0]"
瑞丰生物集团有限公司005729,9.135181599444952e+017,0,1,县级,7,,2,-3434545,6710,"(3780.0, 7370.0]"
金鼎环保股份有限公司005730,9.13826e+017,1,1,国家级,7,1,,-3434545,10540,"(7370.0, 10954.0]"
华泰贸易有限责任公司005731,9.13043252602335e+017,0,1,国家级,,4,7,-3434545,11820,"(10954.0, 14480.0]"
永泰能源有限公司005732,9.13901666969576e+017,1,0,省级,2,6,3,-2323432,540,"(49.999, 3780.0]"
创元能源集团有限公司005733,9.139455131e+017,0,1,,3,2,3,5656,34420,"(31471.0, 35000.0]"
嘉禾食品股份有限公司005734,9.1312120967632304e+017,,1,县级,2,7,,565656,32210,"(31471.0, 35000.0]"
宏达物流股份有限公司005735,9.131832669955e+017,1,,省级,6,6,1,5656,4720,"(3780.0, 7370.0]"
远航科技股份有限公司005736,9.1394542e+017,1,1,县级,6,,2,565656,22800,"(21364.0, 24660.0]"
华泰食品有限责任公司005737,9.138151961e+017,0,1,省级,5,5,7,-3434545,29190,"(27972.0, 31471.0]"
鼎盛能源有限责任公司005738,9.13746e+017,0,1,县级,2,,3,-2323432,24410,"(21364.0, 24660.0]"
中原物流有限责任公司005739,9.13014e+017,1,0,,2,2,6,6767,26060,"(24660.0, 27972.0]"
中原科技有限公司005740,9.13373679e+017,0,0,国家级,4,3,4,343434,9960,"(7370.0, 10954.0]"
启明信息有限责任公司005741,9.13796296906e+017,1,1,国家级,7,6,6,-3434545,28740,"(27972.0, 31471.0]"
博雅科技有限责任公司005742,9.13607998374e+017,1,1,省级,7,4,2,676767,8360,"(7370.0, 10954.0]"
汇通建设有限公司005743,9.132474141e+017,,0,省级,7,5,2,565,410,"(49.999, 3780.0]"
盛世食品有限公司005744,9.13153639849e+017,0,0,市级,1,,5,565656,9080,"(7370.0, 10954.0]"
星河机械有限公司005745,9.1352e+017,1,1,市级,5,2,6,565656,1680,"(49.999, 3780.0]"
联创环保有限责任公司005746,9.137980983689209e+017,1,1,县级,3,2,6,565,18750,"(17855.0, 21364.0]"
华泰能源股份有限公司005747,9.1327474e+017,1,,国家级,3,1,2,-2323432,14650,"(14480.0, 17855.0]"
博雅信息有限公司005748,9.1334549e+017,0,0,市级,5,4,5,565656,1990,"(49.999, 3780.0]"
宏达化工集团有限公司005749,9.1360e+017,,0,省级,7,,3,343434,33910,"(31471.0, 35000.0]"
汇通能源股份有限公司005750,9.1381e+017,0,1,,2,1,6,5656,3210,"(49.999, 3780.0]"
天成医药有限公司005751,9.135528405e+017,,1,省级,6,4,6,565656,33120,"(31471.0, 35000.0]"
启明物流有限公司005752,9.13803e+017,0,0,省级,6,2,6,5656,12390,"(10954.0, 14480.0]"
华信信息有限责任公司005753,9.1399233e+017,1,0,市级,1,7,2,565656,23490,"(21364.0, 24660.0]"
华信能源有限责任公司005754,9.1384864e+017,,0,省级,3,2,2,676767,1600,"(49.999, 3780.0]"
星河食品有限责任公司005755,9.1384436008237333e+017,,0,县级,3,,,343434,32880,"(31471.0, 35000.0]"
永泰智能集团有限公司005756,9.133634952234993e+017,1,0,市级,4,6,3,5656,17540,"(14480.0, 17855.0]"
博雅机械集团有限公司005757,9.136692481821103e+017,0,1,,5,6,6,6767,14260,"(10954.0, 14480.0]"
中原能源有限公司005758,9.135908e+017,0,0,县级,1,5,1,5656,28300,"(27972.0, 31471.0]"
博雅纺织集团有限公司005759,9.13921112e+017,0,1,国家级,4,1,6,565,21770,"(21364.0, 24660.0]"
华泰智能股份有限公司005760,9.134739e+017,1,0,县级,,1,7,343434,1150,"(49.999, 3780.0]"
嘉禾化工股份有限公司005761,9.1337521e+017,0,0,国家级,2,7,,676767,18580,"(17855.0, 21364.0]"
华泰生物有限公司005762,9.136238785047e+017,0,,县级,6,5,5,5656,23250,"(21364.0, 24660.0]"
金鼎建设集团有限公司005763,9.1341198162503e+017,1,0,国家级,2,5,4,676767,16650,"(14480.0, 17855.0]"
嘉禾机械集团有限公司005764,9.1378040410e+017,0,,省级,7,1,1,565656,31770,"(31471.0, 35000.0]"
永泰食品有限公司005765,9.1365278298510e+017,0,1,县级,,7,7,343434,32550,"(31471.0, 35000.0]"
启明科技有限责任公司005766,9.13211e+017,1,1,省级,4,2,6,-3434545,3780,"(49.999, 3780.0]"
汇通贸易集团有限公司005767,9.138868319833e+017,0,0,县级,4,7,2,676767,22190,"(21364.0, 24660.0]"
金鼎能源股份有限公司005768,9.1304954286e+017,,,国家级,4,2,6,-2323432,24020,"(21364.0, 24660.0]"
远航化工有限公司005769,9.1395673727535125e+017,1,,,5,3,5,5656,29510,"(27972.0, 31471.0]"
远航信息有限公司005770,9.13913593e+017,1,1,市级,,7,5,343434,27960,"(24660.0, 27972.0]"
永泰智能有限公司005771,9.13113437757165e+017,1,1,省级,7,4,3,-3434545,8710,"(7370.0, 10954.0]"
金鼎装备有限公司005772,9.1311702731e+017,1,1,省级,6,7,4,343434,8960,"(7370.0, 10954.0]"
华泰机械股份有限公司005773,9.1319213175301612e+017,0,0,县级,5,3,6,-2323432,9280,"(7370.0, 10954.0]"
嘉禾信息股份有限公司005774,9.131283989185812e+017,1,1,市级,5,1,7,-2323432,26290,"(24660.0, 27972.0]"
宏达科技股份有限公司005775,9.135085058449585e+017,1,1,,2,3,6,-2323432,31770,"(31471.0, 35000.0]"
中原化工股份有限公司005776,9.136301068382125e+017,1,0,市级,4,1,6,565656,29530,"(27972.0, 31471.0]"
天成科技有限责任公司005777,9.1323013555597e+017,1,1,市级,1,,7,6767,6440,"(3780.0, 7370.0]"
创元物流有限责任公司005778,9.1392215457e+017,1,,市级,1,3,,-2323432,16110,"(14480.0, 17855.0]"
启明科技集团有限公司005779,9.1391942278782e+017,,0,县级,,,,343434,16250,"(14480.0, 17855.0]"
启明材料有限公司005780,9.13777783426036e+017,1,0,省级,3,6,6,676767,4600,"(3780.0, 7370.0]"
天成物流股份有限公司005781,9.1326623515e+017,0,1,县级,4,7,2,676767,8510,"(7370.0, 10954.0]"
盛世电子有限责任公司005782,9.1316507778162337e+017,1,0,,6,2,4,-3434545,26730,"(24660.0, 27972.0]"
嘉禾智能有限公司005783,9.13275652272e+017,0,0,,5,2,7,565656,7860,"(7370.0, 10954.0]"
盛世网络股份有限公司005784,9.1379e+017,0,0,县级,4,6,,565656,6020,"(3780.0, 7370.0]"
永泰机械有限公司005785,9.1306929851e+017,1,1,省级,,,,565656,24880,"(24660.0, 27972.0]"
金鼎食品有限责任公司005786,9.138657e+017,1,0,,4,1,4,343434,18460,"(17855.0, 21364.0]"
启明化工有限责任公司005787,9.1322e+017,0,0,,6,5,,676767,16460,"(14480.0, 17855.0]"
汇通网络有限责任公司005788,9.1358654711e+017,1,1,县级,,5,7,-3434545,30080,"(27972.0, 31471.0]"
汇通网络股份有限公司005789,9.13228e+017,0,0,县级,1,7,6,-3434545,19330,"(17855.0, 21364.0]"
联创建设集团有限公司005790,9.13474418164e+017,0,0,省级,1,1,2,6767,1670,"(49.999, 3780.0]"
鼎盛生物有限公司005791,9.1303211e+017,0,,,5,5,6,565,10310,"(7370.0, 10954.0]"
天成物流有限公司005792,9.13780e+017,1,1,县级,4,6,6,343434,4980,"(3780.0, 7370.0]"
金鼎电子集团有限公司005793,9.13419678e+017,0,1,国家级,2,5,3,5656,4260,"(3780.0, 7370.0]"
盛世网络有限责任公司005794,9.13040e+017,0,0,省级,6,7,6,6767,17940,"(17855.0, 21364.0]"
华泰材料有限责任公司005795,9.13643943e+017,1,0,县级,4,2,3,676767,4660,"(3780.0, 7370.0]"
嘉禾环保有限公司005796,9.1359843770e+017,1,0,,,4,5,676767,33510,"(31471.0, 35000.0]"
汇通材料集团有限公司005797,9.138734710645e+017,0,,省级,1,2,5,-2323432,30670,"(27972.0, 31471.0]"
宏达机械集团有限公司005798,9.138301e+017,1,,县级,5,3,2,-2323432,10220,"(7370.0, 10954.0]"
汇通机械有限责任公司005799,9.1345402740798101e+017,0,1,国家级,2,3,6,676767,23650,"(21364.0, 24660.0]"
华泰贸易有限责任公司005800,9.13633387180158e+017,,1,省级,5,1,6,-2323432,30990,"(27972.0, 31471.0]"
联创装备有限责任公司005801,9.133181757530898e+017,0,0,县级,2,,5,-3434545,1100,"(49.999, 3780.0]"
华泰贸易股份有限公司005802,9.138309226e+017,0,0,,2,4,6,-2323432,21880,"(21364.0, 24660.0]"
天成化工有限责任公司005803,9.13607e+017,0,0,省级,7,7,6,5656,13080,"(10954.0, 14480.0]"
远航机械有限公司005804,9.133078e+017,1,0,市级,4,7,2,-3434545,1500,"(49.999, 3780.0]"
鼎盛电子股份有限公司005805,9.135496273187212e+017,0,0,县级,3,,5,5656,32540,"(31471.0, 35000.0]"
天成电子有限责任公司005806,9.131373448563e+017,1,0,国家级,7,2,5,-3434545,4930,"(3780.0, 7370.0]"
嘉禾能源股份有限公司005807,9.13784431599e+017,1,1,县级,4,,1,-2323432,15350,"(14480.0, 17855.0]"
博雅物流有限公司005808,9.1365070e+017,1,0,县级,7,6,1,5656,31770,"(31471.0, 35000.0]"
华信机械有限责任公司005809,9.13792844993971e+017,0,1,县级,6,,1,343434,5720,"(3780.0, 7370.0]"
永泰能源集团有限公司005810,9.13448771022e+017,0,0,省级,4,7,4,676767,21390,"(21364.0, 24660.0]"
华泰能源集团有限公司005811,9.1307202e+017,0,0,市级,2,6,4,565656,22500,"(21364.0, 24660.0]"
创元物流有限责任公司005812,9.137881e+017,1,1,,,5,6,343434,26160,"(24660.0, 27972.0]"
鼎盛纺织有限公司005813,9.1329432839506350e+017,0,1,市级,7,7,4,676767,29600,"(27972.0, 31471.0]"
宏达信息有限责任公司005814,9.135553e+017,1,1,省级,7,,2,-2323432,21320,"(17855.0, 21364.0]"
宏达网络股份有限公司005815,9.13832034271e+017,1,1,省级,7,7,3,-2323432,7320,"(3780.0, 7370.0]"
宏达化工有限责任公司005816,9.13682e+017,1,0,市级,,7,,565656,31220,"(27972.0, 31471.0]"
启明智能股份有限公司005817,9.137187310883e+017,1,1,县级,2,7,4,6767,8810,"(7370.0, 10954.0]"
金鼎纺织有限责任公司005818,9.1395210109672914e+017,0,0,市级,,7,6,676767,30340,"(27972.0, 31471.0]"
创元科技有限公司005819,9.1322723084051080e+017,1,0,省级,5,1,7,-3434545,18840,"(17855.0, 21364.0]"
鼎盛电子有限责任公司005820,9.13000520577e+017,0,1,县级,3,7,6,5656,16380,"(14480.0, 17855.0]"
中原建设有限责任公司005821,9.13549e+017,,1,县级,6,5,5,343434,1640,"(49.999, 3780.0]"
远航物流集团有限公司005822,9.1344270802147e+017,0,0,市级,6,1,5,565,5760,"(3780.0, 7370.0]"
华信建设有限公司005823,9.1368215e+017,1,1,省级,1,4,7,343434,14610,"(14480.0, 17855.0]"
宏达环保集团有限公司005824,9.133243e+017,1,0,县级,4,,2,565,32830,"(31471.0, 35000.0]"
中原食品集团有限公司005825,9.1333648e+017,1,0,市级,1,3,5,-3434545,34890,"(31471.0, 35000.0]"
盛世化工有限公司005826,9.1314587349514e+017,1,0,国家级,5,6,4,343434,6600,"(3780.0, 7370.0]"
星河智能集团有限公司005827,9.139514104048e+017,1,0,国家级,5,3,6,565656,26090,"(24660.0, 27972.0]"
联创智能有限公司005828,9.13363862699195e+017,1,0,市级,,4,6,565656,17830,"(14480.0, 17855.0]"
华信建设股份有限公司005829,9.136322e+017,1,1,,4,,4,676767,3790,"(3780.0, 7370.0]"
盛世智能有限公司005830,9.139037481685e+017,1,1,县级,3,2,3,676767,10040,"(7370.0, 10954.0]"
鼎盛医药股份有限公司005831,9.13537932e+017,1,0,,5,6,5,6767,20330,"(17855.0, 21364.0]"
鼎盛食品股份有限公司005832,9.1399945175509e+017,0,1,国家级,5,4,1,-2323432,11320,"(10954.0, 14480.0]"
永泰装备集团有限公司005833,9.138765038831552e+017,0,0,市级,5,4,,676767,24210,"(21364.0, 24660.0]"
宏达化工股份有限公司005834,9.131667e+017,0,0,,6,2,1,-3434545,6300,"(3780.0, 7370.0]"
联创装备集团有限公司005835,9.13998547234302e+017,0,,,1,6,3,-2323432,31080,"(27972.0, 31471.0]"
金鼎化工股份有限公司005836,9.13113641955e+017,1,,县级,5,4,,6767,24560,"(21364.0, 24660.0]"
启明智能有限公司005837,9.1347520291001e+017,0,1,省级,6,6,2,676767,19320,"(17855.0, 21364.0]"
华信能源有限责任公司005838,9.1369351685200564e+017,1,0,国家级,7,2,6,6767,32210,"(31471.0, 35000.0]"
宏达环保集团有限公司005839,9.1355296417134e+017,0,0,省级,4,1,6,-3434545,19380,"(17855.0, 21364.0]"
博雅能源有限责任公司005840,9.1315213e+017,1,0,国家级,6,1,2,5656,3920,"(3780.0, 7370.0]"
星河物流有限公司005841,9.1317182702125e+017,,,省级,2,6,,676767,9560,"(7370.0, 10954.0]"
嘉禾智能股份有限公司005842,9.1387426077548487e+017,0,0,市级,5,,,-3434545,9270,"(7370.0, 10954.0]"
华信信息股份有限公司005843,9.132873e+017,1,,省级,5,,1,6767,6630,"(3780.0, 7370.0]"
鼎盛食品集团有限公司005844,9.1329954823203e+017,0,0,省级,6,,,-3434545,2860,"(49.999, 3780.0]"
华泰食品股份有限公司005845,9.132546754e+017,1,1,市级,3,2,1,5656,2700,"(49.999, 3780.0]"
华信建设集团有限公司005846,9.13776992807907e+017,0,0,市级,3,4,7,676767,12960,"(10954.0, 14480.0]"
鼎盛材料股份有限公司005847,9.1327976081712e+017,0,1,县级,1,,2,5656,28880,"(27972.0, 31471.0]"
鼎盛电子集团有限公司005848,9.1326181022939847e+017,0,1,县级,4,3,5,676767,11840,"(10954.0, 14480.0]"
华泰生物有限责任公司005849,9.13661557e+017,0,1,省级,7,1,4,565,26480,"(24660.0, 27972.0]"
瑞丰化工有限责任公司005850,9.136392854e+017,,0,国家级,5,4,,565656,14370,"(10954.0, 14480.0]"
鼎盛科技股份有限公司005851,9.132418e+017,0,1,市级,5,6,5,5656,29520,"(27972.0, 31471.0]"
星河物流股份有限公司005852,9.1342343209e+017,1,1,省级,4,4,,343434,14570,"(14480.0, 17855.0]"
华信化工有限责任公司005853,9.134367316e+017,0,1,,,5,1,565656,2500,"(49.999, 3780.0]"
永泰能源有限公司005854,9.134683674e+017,1,1,市级,,1,2,-3434545,7300,"(3780.0, 7370.0]"
中原机械有限责任公司005855,9.13777603564e+017,0,1,市级,3,7,2,6767,6810,"(3780.0, 7370.0]"
盛世纺织股份有限公司005856,9.1373e+017,1,1,市级,4,5,1,-2323432,22870,"(21364.0, 24660.0]"
宏达电子集团有限公司005857,9.13797320981e+017,0,1,市级,6,6,3,565,20240,"(17855.0, 21364.0]"
联创智能有限公司005858,9.1396295106195614e+017,0,1,省级,4,,1,-2323432,24500,"(21364.0, 24660.0]"
金鼎生物集团有限公司005859,9.137787e+017,0,,国家级,3,3,5,343434,14090,"(10954.0, 14480.0]"
汇通贸易有限公司005860,9.1374420178827038e+017,1,1,,,,2,343434,21590,"(21364.0, 24660.0]"
汇通物流有限责任公司005861,9.1303035532088e+017,0,1,省级,3,4,5,565656,23480,"(21364.0, 24660.0]"
盛世生物集团有限公司005862,9.1320463806e+017,0,0,省级,2,4,,343434,4110,"(3780.0, 7370.0]"
瑞丰物流股份有限公司005863,9.136700288e+017,0,0,县级,,3,7,6767,9940,"(7370.0, 10954.0]"
宏达科技集团有限公司005864,9.13611762340e+017,0,1,市级,2,7,,343434,12520,"(10954.0, 14480.0]"
盛世纺织集团有限公司005865,9.13334911e+017,,1,市级,5,2,3,343434,8340,"(7370.0, 10954.0]"
创元能源有限责任公司005866,9.137348e+017,,1,市级,6,,4,5656,30270,"(27972.0, 31471.0]"
瑞丰电子有限责任公司005867,9.1351e+017,1,,省级,3,6,2,5656,31180,"(27972.0, 31471.0]"
宏达智能有限责任公司005868,9.134569792e+017,1,1,国家级,4,4,3,6767,34170,"(31471.0, 35000.0]"
联创建设集团有限公司005869,9.1303695220576e+017,1,0,市级,3,1,7,676767,13330,"(10954.0, 14480.0]"
华信生物集团有限公司005870,9.13340e+017,0,0,县级,,4,,5656,4260,"(3780.0, 7370.0]"
盛世医药股份有限公司005871,9.1382259635873011e+017,,1,,5,3,5,-3434545,5390,"(3780.0, 7370.0]"
创元生物集团有限公司005872,9.1311175e+017,1,0,国家级,,4,1,6767,8400,"(7370.0, 10954.0]"
华信纺织集团有限公司005873,9.1307e+017,0,0,国家级,3,6,3,676767,30930,"(27972.0, 31471.0]"
华信网络有限责任公司005874,9.1310213959074e+017,0,0,国家级,5,4,1,565656,20460,"(17855.0, 21364.0]"
华泰信息股份有限公司005875,9.13905e+017,0,1,县级,7,3,2,343434,16970,"(14480.0, 17855.0]"
联创材料集团有限公司005876,9.136453e+017,0,0,国家级,7,,2,5656,4690,"(3780.0, 7370.0]"
金鼎机械有限公司005877,9.1375151509e+017,0,1,,7,2,1,-2323432,11570,"(10954.0, 14480.0]"
博雅信息集团有限公司005878,9.135673e+017,0,,县级,7,7,3,6767,4380,"(3780.0, 7370.0]"
华泰环保有限公司005879,9.1390813477352e+017,0,1,县级,1,1,,676767,25560,"(24660.0, 27972.0]"
华信纺织有限公司005880,9.133003e+017,0,0,市级,,,,565,15090,"(14480.0, 17855.0]"
瑞丰科技有限公司005881,9.1320673530e+017,0,1,省级,5,6,,343434,19380,"(17855.0, 21364.0]"
启明机械股份有限公司005882,9.13838018884e+017,0,1,国家级,6,1,7,6767,23440,"(21364.0, 24660.0]"
远航智能股份有限公司005883,9.135342722e+017,1,0,,3,5,7,343434,23270,"(21364.0, 24660.0]"
华信食品有限公司005884,9.13901737894985e+017,0,0,,,1,4,565,22280,"(21364.0, 24660.0]"
鼎盛纺织有限公司005885,9.13276883e+017,0,0,省级,,7,6,676767,14560,"(14480.0, 17855.0]"
瑞丰智能集团有限公司005886,9.1339288534118e+017,0,0,市级,,5,,-2323432,10300,"(7370.0, 10954.0]"
金鼎信息有限责任公司005887,9.130260324470e+017,1,0,县级,7,1,6,676767,4440,"(3780.0, 7370.0]"
天成装备有限责任公司005888,9.1399036042632413e+017,1,1,省级,2,5,,5656,20450,"(17855.0, 21364.0]"
华信物流有限公司005889,9.135353394e+017,1,1,县级,6,,3,-2323432,21500,"(21364.0, 24660.0]"
星河能源股份有限公司005890,9.138538297822918e+017,0,1,省级,3,4,2,565,10260,"(7370.0, 10954.0]"
瑞丰信息有限公司005891,9.137935990e+017,1,0,国家级,4,7,2,343434,28020,"(27972.0, 31471.0]"
启明能源股份有限公司005892,9.135979530333714e+017,1,0,市级,4,3,2,5656,12470,"(10954.0, 14480.0]"
联创电子股份有限公司005893,9.13448e+017,1,1,省级,,5,1,-2323432,27970,"(24660.0, 27972.0]"
星河能源有限责任公司005894,9.13541886e+017,0,1,县级,5,,,565,20470,"(17855.0, 21364.0]"
星河纺织股份有限公司005895,9.1388e+017,0,0,国家级,4,,7,676767,18920,"(17855.0, 21364.0]"
金鼎贸易集团有限公司005896,9.13239352072623e+017,1,0,市级,1,4,2,-3434545,9590,"(7370.0, 10954.0]"
启明生物有限公司005897,9.138585192e+017,0,0,,2,2,,676767,8940,"(7370.0, 10954.0]"
瑞丰贸易有限公司005898,9.13220115561e+017,1,1,省级,2,1,2,565656,10820,"(7370.0, 10954.0]"
鼎盛信息集团有限公司005899,9.1307e+017,0,0,省级,6,6,5,-2323432,26020,"(24660.0, 27972.0]"
华信贸易股份有限公司005900,9.13539575152e+017,0,1,市级,2,3,3,-3434545,1860,"(49.999, 3780.0]"
星河化工集团有限公司005901,9.1387886556717343e+017,0,0,,3,5,4,676767,31570,"(31471.0, 35000.0]"
汇通科技有限公司005902,9.1367678571844092e+017,1,1,,5,6,5,6767,26660,"(24660.0, 27972.0]"
瑞丰化工有限公司005903,9.132102178e+017,1,0,县级,4,6,1,676767,34090,"(31471.0, 35000.0]"
嘉禾物流有限责任公司005904,9.1366616961875e+017,1,1,市级,7,5,7,676767,19880,"(17855.0, 21364.0]"
宏达信息有限公司005905,9.13087434998581e+017,1,0,国家级,7,,2,-2323432,16840,"(14480.0, 17855.0]"
星河环保有限责任公司005906,9.1340239289e+017,0,0,县级,7,6,4,565656,9180,"(7370.0, 10954.0]"
嘉禾能源有限公司005907,9.132548e+017,1,1,市级,4,7,4,6767,9890,"(7370.0, 10954.0]"
启明物流有限责任公司005908,9.13159316388098e+017,0,,市级,6,1,6,5656,30240,"(27972.0, 31471.0]"
天成食品集团有限公司005909,9.1350491e+017,1,1,省级,2,,5,343434,24760,"(24660.0, 27972.0]"
盛世装备集团有限公司005910,9.131286329719808e+017,,0,县级,7,,3,565656,7560,"(7370.0, 10954.0]"
中原医药股份有限公司005911,9.139093002e+017,0,0,省级,4,2,6,676767,26560,"(24660.0, 27972.0]"
中原食品有限公司005912,9.13494065583e+017,0,1,省级,6,6,7,565656,22280,"(21364.0, 24660.0]"
星河医药股份有限公司005913,9.1340144362356414e+017,1,1,县级,2,4,6,5656,24600,"(21364.0, 24660.0]"
天成能源有限责任公司005914,9.1378867446e+017,1,1,,,5,,565656,18870,"(17855.0, 21364.0]"
启明机械股份有限公司005915,9.135361733e+017,0,0,市级,6,7,2,-3434545,14660,"(14480.0, 17855.0]"
嘉禾环保有限责任公司005916,9.13021675e+017,0,1,市级,2,7,1,676767,14150,"(10954.0, 14480.0]"
华信贸易有限公司005917,9.130888515493e+017,1,0,国家级,7,7,6,343434,9020,"(7370.0, 10954.0]"
中原网络集团有限公司005918,9.138776858e+017,1,0,国家级,1,5,2,-3434545,13320,"(10954.0, 14480.0]"
星河装备有限公司005919,9.131161e+017,0,1,省级,6,2,2,343434,30650,"(27972.0, 31471.0]"
汇通纺织股份有限公司005920,9.13555155106760e+017,1,0,国家级,5,5,7,676767,23640,"(21364.0, 24660.0]"
瑞丰化工股份有限公司005921,9.13740724488e+017,0,,县级,4,,4,565656,17870,"(17855.0, 21364.0]"
永泰能源有限公司005922,9.1317610e+017,0,0,省级,1,5,1,6767,11080,"(10954.0, 14480.0]"
创元化工股份有限公司005923,9.1346145e+017,0,0,市级,2,6,5,565656,28890,"(27972.0, 31471.0]"
星河化工股份有限公司005924,9.13719e+017,0,1,,3,4,3,565656,14380,"(10954.0, 14480.0]"
天成电子集团有限公司005925,9.13229e+017,1,0,国家级,1,1,1,5656,33270,"(31471.0, 35000.0]"
天成贸易集团有限公司005926,9.133531134076e+017,0,1,省级,2,2,6,565656,24450,"(21364.0, 24660.0]"
瑞丰医药有限责任公司005927,9.1330205e+017,1,1,县级,7,,4,565,10080,"(7370.0, 10954.0]"
博雅纺织有限责任公司005928,9.1397280814033441e+017,,1,县级,7,,,5656,17170,"(14480.0, 17855.0]"
创元智能有限责任公司005929,9.13230351203745e+017,0,0,国家级,6,2,2,676767,6910,"(3780.0, 7370.0]"
瑞丰科技股份有限公司005930,9.135722299e+017,1,0,市级,7,6,1,565656,30040,"(27972.0, 31471.0]"
永泰科技集团有限公司005931,9.1318751636708394e+017,1,1,市级,1,6,6,565,28410,"(27972.0, 31471.0]"
远航智能有限公司005932,9.133334356e+017,0,1,国家级,5,1,4,-2323432,490,"(49.999, 3780.0]"
启明科技有限公司005933,9.1374635026219e+017,1,0,县级,4,1,7,-2323432,21500,"(21364.0, 24660.0]"
瑞丰智能股份有限公司005934,9.1358253021466e+017,,0,县级,1,7,2,5656,10980,"(10954.0, 14480.0]"
永泰贸易有限公司005935,9.1314109e+017,0,1,市级,7,,3,343434,32150,"(31471.0, 35000.0]"
鼎盛纺织集团有限公司005936,9.13429311101e+017,1,1,国家级,6,1,6,-2323432,11890,"(10954.0, 14480.0]"
鼎盛网络有限责任公司005937,9.1393e+017,1,1,省级,1,1,4,565,11750,"(10954.0, 14480.0]"
创元材料有限公司005938,9.1356376265086e+017,0,0,省级,6,7,1,343434,10780,"(7370.0, 10954.0]"
博雅网络股份有限公司005939,9.133974624e+017,1,0,,5,,1,5656,34580,"(31471.0, 35000.0]"
嘉禾医药股份有限公司005940,9.1361722e+017,1,0,国家级,4,6,4,565656,11320,"(10954.0, 14480.0]"
金鼎贸易集团有限公司005941,9.1378e+017,0,0,市级,,,7,-2323432,24550,"(21364.0, 24660.0]"
华信贸易有限责任公司005942,9.1372492640927628e+017,1,0,市级,2,6,7,676767,29860,"(27972.0, 31471.0]"
天成智能有限责任公司005943,9.13203375141e+017,,0,省级,7,,5,6767,8480,"(7370.0, 10954.0]"
远航装备股份有限公司005944,9.13657035889522e+017,,,县级,1,1,1,-2323432,28640,"(27972.0, 31471.0]"
鼎盛机械集团有限公司005945,9.13306e+017,0,1,县级,2,2,5,-3434545,34880,"(31471.0, 35000.0]"
鼎盛科技集团有限公司005946,9.13298756e+017,1,0,县级,2,1,1,676767,12950,"(10954.0, 14480.0]"
创元生物股份有限公司005947,9.13842253318e+017,1,1,县级,7,4,6,-2323432,5720,"(3780.0, 7370.0]"
华泰网络股份有限公司005948,9.135982e+017,1,1,省级,,3,,6767,5870,"(3780.0, 7370.0]"
天成电子股份有限公司005949,9.136077e+017,1,0,县级,1,7,2,565656,7540,"(7370.0, 10954.0]"
博雅纺织有限责任公司005950,9.134035e+017,,1,市级,7,1,3,5656,22970,"(21364.0, 24660.0]"
远航生物有限责任公司005951,9.133122766e+017,1,1,,5,5,,-3434545,4070,"(3780.0, 7370.0]"
华泰信息有限公司005952,9.1350268597369e+017,1,1,市级,4,,5,5656,15190,"(14480.0, 17855.0]"
金鼎信息有限责任公司005953,9.137300e+017,0,0,县级,3,2,6,565656,22520,"(21364.0, 24660.0]"
金鼎机械有限公司005954,9.13640457e+017,0,0,国家级,2,,1,565656,19550,"(17855.0, 21364.0]"
鼎盛物流股份有限公司005955,9.13425e+017,1,1,省级,5,1,,6767,28650,"(27972.0, 31471.0]"
金鼎化工股份有限公司005956,9.1384515e+017,0,1,省级,7,2,4,-2323432,21790,"(21364.0, 24660.0]"
远航网络有限责任公司005957,9.1313684771e+017,1,0,国家级,6,2,6,6767,10790,"(7370.0, 10954.0]"
华信机械股份有限公司005958,9.13374214730e+017,0,1,省级,2,,4,6767,29020,"(27972.0, 31471.0]"
永泰科技股份有限公司005959,9.1359e+017,0,1,省级,6,6,5,6767,32820,"(31471.0, 35000.0]"
星河环保有限责任公司005960,9.13314e+017,1,1,国家级,,3,7,676767,15840,"(14480.0, 17855.0]"
汇通环保股份有限公司005961,9.135580e+017,0,0,县级,2,7,6,-2323432,13090,"(10954.0, 14480.0]"
创元科技有限责任公司005962,9.13779600271520e+017,0,1,市级,7,1,1,565656,12720,"(10954.0, 14480.0]"
宏达机械有限公司005963,9.13277e+017,1,1,,,6,5,565,26210,"(24660.0, 27972.0]"
金鼎环保股份有限公司005964,9.1363570286179316e+017,1,1,,6,,2,-2323432,19460,"(17855.0, 21364.0]"
华泰纺织股份有限公司005965,9.1306061457e+017,0,0,市级,7,,,343434,18180,"(17855.0, 21364.0]"
中原化工集团有限公司005966,9.134531699508e+017,0,,国家级,7,3,1,5656,5230,"(3780.0, 7370.0]"
联创信息集团有限公司005967,9.1338673952841e+017,1,1,县级,6,6,7,676767,2040,"(49.999, 3780.0]"
中原电子集团有限公司005968,9.13537617508e+017,0,1,省级,6,6,1,565,22740,"(21364.0, 24660.0]"
创元电子有限公司005969,9.1333e+017,1,0,,,3,4,565656,14760,"(14480.0, 17855.0]"
中原建设股份有限公司005970,9.13692e+017,0,1,省级,2,4,4,565656,5600,"(3780.0, 7370.0]"
鼎盛科技股份有限公司005971,9.1363922916e+017,1,1,国家级,5,4,6,-3434545,13080,"(10954.0, 14480.0]"
瑞丰医药股份有限公司005972,9.1381533813009568e+017,1,1,省级,7,4,3,6767,4510,"(3780.0, 7370.0]"
华信食品有限责任公司005973,9.13082e+017,,0,省级,,6,,5656,180,"(49.999, 3780.0]"
中原电子集团有限公司005974,9.1394594e+017,0,,国家级,1,4,7,5656,2590,"(49.999, 3780.0]"
中原装备集团有限公司005975,9.13725692671e+017,1,1,市级,6,3,5,565,23190,"(21364.0, 24660.0]"
鼎盛能源有限公司005976,9.13656e+017,0,1,县级,7,,5,6767,580,"(49.999, 3780.0]"
中原机械有限公司005977,9.137713525133e+017,1,0,省级,6,1,5,6767,33820,"(31471.0, 35000.0]"
远航网络有限责任公司005978,9.13221552235e+017,0,1,国家级,,4,,-3434545,11760,"(10954.0, 14480.0]"
远航智能有限责任公司005979,9.134857489312e+017,0,1,,7,2,,565656,18910,"(17855.0, 21364.0]"
宏达装备有限公司005980,9.1394417080235611e+017,1,1,市级,2,7,2,676767,29080,"(27972.0, 31471.0]"
宏达环保集团有限公司005981,9.1328361e+017,1,0,省级,,1,6,-3434545,31870,"(31471.0, 35000.0]"
天成智能集团有限公司005982,9.134910981049e+017,1,0,县级,,3,2,565,10220,"(7370.0, 10954.0]"
盛世装备有限公司005983,9.138872e+017,0,1,市级,7,7,1,6767,24710,"(24660.0, 27972.0]"
华信智能有限公司005984,9.135470752016e+017,0,1,,4,7,3,343434,5110,"(3780.0, 7370.0]"
中原材料集团有限公司005985,9.1382039663e+017,1,1,国家级,6,5,,676767,33830,"(31471.0, 35000.0]"
盛世生物集团有限公司005986,9.132897455435068e+017,0,1,省级,2,1,7,-3434545,13180,"(10954.0, 14480.0]"
天成电子有限公司005987,9.13831497091538e+017,0,0,省级,1,3,5,6767,27550,"(24660.0, 27972.0]"
华泰物流有限责任公司005988,9.1378816000240071e+017,1,0,省级,,,2,-2323432,8190,"(7370.0, 10954.0]"
星河环保集团有限公司005989,9.13741695852460e+017,1,0,国家级,7,6,1,343434,29180,"(27972.0, 31471.0]"
中原科技集团有限公司005990,9.13597e+017,0,1,国家级,,6,3,6767,20810,"(17855.0, 21364.0]"
联创环保有限责任公司005991,9.1310e+017,1,0,国家级,7,6,5,-3434545,19350,"(17855.0, 21364.0]"
宏达材料集团有限公司005992,9.13010480458e+017,1,1,省级,4,6,6,565,11660,"(10954.0, 14480.0]"
天成电子有限公司005993,9.13349987e+017,1,1,省级,2,4,5,343434,34180,"(31471.0, 35000.0]"
创元贸易有限公司005994,9.1321313865033e+017,1,1,县级,5,,7,676767,19110,"(17855.0, 21364.0]"
宏达能源有限责任公司005995,9.135859e+017,,0,国家级,5,5,1,565,25270,"(24660.0, 27972.0]"
博雅生物集团有限公司005996,9.13004970040039e+017,0,1,国家级,,,7,343434,3610,"(49.999, 3780.0]"
天成纺织股份有限公司005997,9.133801571e+017,1,,国家级,3,6,,565656,15210,"(14480.0, 17855.0]"
联创食品有限责任公司005998,9.1346531400e+017,1,1,国家级,7,7,3,343434,6980,"(3780.0, 7370.0]"
永泰网络股份有限公司005999,9.136549632793510e+017,0,0,县级,3,,,343434,14120,"(10954.0, 14480.0]"
鼎盛医药股份有限公司006000,9.13882e+017,0,0,国家级,5,2,,565656,33820,"(31471.0, 35000.0]"
创元化工有限公司006001,9.1380738e+017,1,0,国家级,6,4,2,676767,27960,"(24660.0, 27972.0]"
远航化工有限公司006002,9.1316394e+017,0,0,县级,3,6,1,-2323432,9290,"(7370.0, 10954.0]"
启明纺织集团有限公司006003,9.132887587955e+017,,1,省级,5,6,6,-2323432,28210,"(27972.0, 31471.0]"
盛世信息股份有限公司006004,9.13691e+017,0,0,市级,2,4,2,565,18840,"(17855.0, 21364.0]"
华信智能有限责任公司006005,9.132597e+017,1,0,市级,6,6,7,565656,25050,"(24660.0, 27972.0]"
宏达环保股份有限公司006006,9.1373899187667e+017,,1,市级,4,4,7,565,11190,"(10954.0, 14480.0]"
嘉禾医药股份有限公司006007,9.1344852900804e+017,1,0,省级,,2,3,-3434545,6750,"(3780.0, 7370.0]"
金鼎装备集团有限公司006008,9.1345973e+017,1,,国家级,7,4,2,565,26450,"(24660.0, 27972.0]"
远航建设有限责任公司006009,9.1300e+017,,1,国家级,,,1,565,20310,"(17855.0, 21364.0]"
中原装备集团有限公司006010,9.13216783233738e+017,,1,县级,7,,7,-3434545,4750,"(3780.0, 7370.0]"
天成科技有限责任公司006011,9.139957e+017,0,1,县级,6,,2,565656,17790,"(14480.0, 17855.0]"
创元物流股份有限公司006012,9.13062240073193e+017,1,1,县级,1,3,,343434,27420,"(24660.0, 27972.0]"
嘉禾化工集团有限公司006013,9.137915032862249e+017,1,0,省级,5,2,4,-3434545,11030,"(10954.0, 14480.0]"
华泰材料集团有限公司006014,9.13239105558e+017,1,0,国家级,7,4,,6767,26030,"(24660.0, 27972.0]"
创元材料股份有限公司006015,9.1351005842405e+017,0,1,市级,2,4,,5656,3960,"(3780.0, 7370.0]"
星河装备股份有限公司006016,9.1366262793392595e+017,0,1,县级,3,3,5,-2323432,34510,"(31471.0, 35000.0]"
瑞丰信息股份有限公司006017,9.131758626482e+017,,0,国家级,,5,,-2323432,25460,"(24660.0, 27972.0]"
博雅智能有限公司006018,9.13678e+017,,1,省级,3,4,6,676767,10020,"(7370.0, 10954.0]"
天成建设有限公司006019,9.1395e+017,1,0,国家级,3,6,3,-2323432,11550,"(10954.0, 14480.0]"
中原装备集团有限公司006020,9.1336e+017,1,,省级,7,5,2,-2323432,28040,"(27972.0, 31471.0]"
盛世智能集团有限公司006021,9.1399334189e+017,0,0,省级,,7,,6767,11180,"(10954.0, 14480.0]"
永泰网络有限责任公司006022,9.135564568942e+017,1,0,县级,3,3,4,-2323432,17110,"(14480.0, 17855.0]"
华信材料股份有限公司006023,9.13888239e+017,1,0,县级,5,6,3,565656,7470,"(7370.0, 10954.0]"
金鼎纺织股份有限公司006024,9.1342396423784163e+017,,1,省级,4,5,7,5656,5490,"(3780.0, 7370.0]"
汇通电子有限责任公司006025,9.135218646440e+017,,0,省级,3,5,2,-2323432,7400,"(7370.0, 10954.0]"
创元环保有限责任公司006026,9.1342415659e+017,1,,国家级,2,6,7,-2323432,8060,"(7370.0, 10954.0]"
瑞丰电子股份有限公司006027,9.1307e+017,0,0,国家级,1,,1,565,15930,"(14480.0, 17855.0]"
联创能源股份有限公司006028,9.13300298691916e+017,0,1,省级,7,6,3,5656,15920,"(14480.0, 17855.0]"
启明食品有限公司006029,9.13390e+017,0,1,县级,3,1,7,6767,32140,"(31471.0, 35000.0]"
启明电子有限责任公司006030,9.1313558012e+017,0,0,国家级,3,5,1,565,20010,"(17855.0, 21364.0]"
金鼎能源有限公司006031,9.1360302472145e+017,0,0,县级,6,4,6,-2323432,10100,"(7370.0, 10954.0]"
华泰信息集团有限公司006032,9.1326979e+017,1,0,省级,1,4,2,343434,5690,"(3780.0, 7370.0]"
盛世机械集团有限公司006033,9.13697418e+017,0,,国家级,,1,,565656,1010,"(49.999, 3780.0]"
天成能源有限责任公司006034,9.1372542714564681e+017,1,1,县级,,2,5,565656,29110,"(27972.0, 31471.0]"
永泰装备集团有限公司006035,9.137798857408e+017,1,0,省级,6,7,2,343434,8940,"(7370.0, 10954.0]"
嘉禾科技集团有限公司006036,9.13312e+017,1,1,国家级,,3,3,565,25170,"(24660.0, 27972.0]"
博雅纺织集团有限公司006037,9.13754288472763e+017,0,,市级,,2,5,676767,3870,"(3780.0, 7370.0]"
金鼎能源有限责任公司006038,9.1345e+017,0,1,,3,3,4,565656,31260,"(27972.0, 31471.0]"
永泰智能有限公司006039,9.13407764977895e+017,0,0,市级,1,,5,565,13950,"(10954.0, 14480.0]"
天成电子有限公司006040,9.13960714e+017,,,县级,6,7,3,-3434545,20730,"(17855.0, 21364.0]"
瑞丰食品有限公司006041,9.13969e+017,1,1,市级,5,5,,565656,8780,"(7370.0, 10954.0]"
华泰医药有限公司006042,9.1383406845027128e+017,1,,,1,7,,-3434545,18040,"(17855.0, 21364.0]"
鼎盛智能有限责任公司006043,9.138820e+017,0,0,,7,1,5,6767,25710,"(24660.0, 27972.0]"
联创生物集团有限公司006044,9.131874e+017,,0,省级,3,6,,-2323432,19850,"(17855.0, 21364.0]"
创元电子股份有限公司006045,9.1349532e+017,1,1,县级,2,4,2,565656,11160,"(10954.0, 14480.0]"
鼎盛电子有限责任公司006046,9.1382486707960222e+017,,1,省级,6,3,6,5656,33430,"(31471.0, 35000.0]"
宏达化工集团有限公司006047,9.13560273e+017,0,1,市级,7,,,6767,25870,"(24660.0, 27972.0]"
博雅生物股份有限公司006048,9.1324122746831e+017,0,,国家级,,4,2,-3434545,21870,"(21364.0, 24660.0]"
金鼎科技股份有限公司006049,9.13021557874361e+017,1,1,省级,7,6,3,-3434545,11240,"(10954.0, 14480.0]"
华信食品有限责任公司006050,9.13210000718666e+017,1,1,国家级,3,1,7,-3434545,22260,"(21364.0, 24660.0]"
联创物流集团有限公司006051,9.13898164e+017,0,0,县级,1,2,2,5656,30080,"(27972.0, 31471.0]"
永泰生物股份有限公司006052,9.1366e+017,1,1,市级,5,,,565,14520,"(14480.0, 17855.0]"
金鼎信息有限公司006053,9.1348124492e+017,,0,市级,1,2,1,565,17000,"(14480.0, 17855.0]"
中原生物股份有限公司006054,9.139165175e+017,,1,市级,3,3,3,5656,340,"(49.999, 3780.0]"
永泰能源有限责任公司006055,9.1310793184e+017,0,0,,2,1,6,-3434545,32400,"(31471.0, 35000.0]"
瑞丰食品有限责任公司006056,9.1324281345337262e+017,0,0,县级,1,1,5,-2323432,21080,"(17855.0, 21364.0]"
华泰智能集团有限公司006057,9.131939456272148e+017,0,0,省级,7,2,2,-2323432,4720,"(3780.0, 7370.0]"
博雅机械有限责任公司006058,9.1326011431023030e+017,0,1,县级,6,7,4,343434,25490,"(24660.0, 27972.0]"
联创信息股份有限公司006059,9.1350160414401e+017,1,0,县级,6,3,3,343434,3220,"(49.999, 3780.0]"
永泰环保集团有限公司006060,9.1318e+017,0,0,省级,2,2,2,-2323432,26240,"(24660.0, 27972.0]"
瑞丰信息有限公司006061,9.137079892237e+017,1,0,国家级,7,6,5,6767,32220,"(31471.0, 35000.0]"
鼎盛医药集团有限公司006062,9.131006478e+017,1,,,,2,4,565656,31670,"(31471.0, 35000.0]"
天成建设股份有限公司006063,9.13469661e+017,1,1,县级,1,5,2,-2323432,19690,"(17855.0, 21364.0]"
金鼎装备有限责任公司006064,9.1381794149e+017,0,1,县级,5,,5,-3434545,22710,"(21364.0, 24660.0]"
汇通贸易有限责任公司006065,9.13385551737e+017,0,0,省级,3,,7,6767,24580,"(21364.0, 24660.0]"
鼎盛纺织股份有限公司006066,9.1364465940870e+017,0,0,县级,1,6,7,5656,19500,"(17855.0, 21364.0]"
永泰装备有限责任公司006067,9.1337969675601e+017,1,0,市级,,1,2,565656,2420,"(49.999, 3780.0]"
金鼎装备集团有限公司006068,9.1306461391659530e+017,1,1,市级,4,5,5,5656,34860,"(31471.0, 35000.0]"
宏达物流集团有限公司006069,9.132136e+017,1,0,国家级,1,6,,676767,27750,"(24660.0, 27972.0]"
创元机械有限责任公司006070,9.1323940282698e+017,1,0,县级,5,2,,343434,25130,"(24660.0, 27972.0]"
嘉禾物流有限责任公司006071,9.13832565796284e+017,1,1,市级,4,3,4,565656,18950,"(17855.0, 21364.0]"
远航环保有限责任公司006072,9.13850215e+017,1,0,省级,4,,4,676767,4330,"(3780.0, 7370.0]"
汇通建设股份有限公司006073,9.13033157482801e+017,0,1,市级,2,6,,343434,15200,"(14480.0, 17855.0]"
天成化工有限公司006074,9.130091937256e+017,1,0,县级,4,3,3,6767,29540,"(27972.0, 31471.0]"
星河物流集团有限公司006075,9.1377772963716299e+017,1,0,县级,6,6,,-3434545,3790,"(3780.0, 7370.0]"
华泰装备集团有限公司006076,9.1367118460576357e+017,1,0,省级,6,1,3,5656,30500,"(27972.0, 31471.0]"
宏达建设有限公司006077,9.13214486608e+017,0,1,,3,4,2,343434,11330,"(10954.0, 14480.0]"
中原智能股份有限公司006078,9.13110766330161e+017,0,1,国家级,3,4,1,5656,22160,"(21364.0, 24660.0]"
启明材料有限公司006079,9.131889366847739e+017,,0,省级,,2,1,343434,29840,"(27972.0, 31471.0]"
联创贸易股份有限公司006080,9.13603e+017,0,0,国家级,7,6,1,565,9670,"(7370.0, 10954.0]"
启明智能有限责任公司006081,9.138327129586e+017,1,1,国家级,6,3,3,5656,9440,"(7370.0, 10954.0]"
远航医药有限公司006082,9.138514727630e+017,0,1,县级,4,1,5,5656,5970,"(3780.0, 7370.0]"
中原网络有限责任公司006083,9.130016879674e+017,1,1,市级,3,4,7,565656,7110,"(3780.0, 7370.0]"
联创网络有限责任公司006084,9.1329420408539761e+017,0,1,市级,,1,4,6767,8780,"(7370.0, 10954.0]"
博雅信息集团有限公司006085,9.1350953650e+017,0,0,县级,6,2,4,-2323432,28320,"(27972.0, 31471.0]"
嘉禾医药有限公司006086,9.1395e+017,1,0,县级,1,,6,-3434545,23060,"(21364.0, 24660.0]"
宏达环保股份有限公司006087,9.1379987855e+017,0,0,省级,6,,3,6767,14580,"(14480.0, 17855.0]"
天成物流集团有限公司006088,9.13976750241e+017,1,0,国家级,4,2,7,5656,13320,"(10954.0, 14480.0]"
博雅食品有限责任公司006089,9.13459169454e+017,0,0,省级,,6,1,676767,8400,"(7370.0, 10954.0]"
盛世贸易有限责任公司006090,9.136874868034508e+017,1,1,省级,,6,2,565656,15840,"(14480.0, 17855.0]"
远航科技集团有限公司006091,9.1307926015723398e+017,0,,国家级,4,6,2,6767,28220,"(27972.0, 31471.0]"
华泰装备有限公司006092,9.130640741e+017,1,1,市级,1,4,1,-3434545,12530,"(10954.0, 14480.0]"
华信建设有限公司006093,9.132524e+017,0,,市级,7,,1,-3434545,26370,"(24660.0, 27972.0]"
星河食品集团有限公司006094,9.13050957e+017,,0,省级,4,4,7,-3434545,34000,"(31471.0, 35000.0]"
宏达建设集团有限公司006095,9.13336424959238e+017,0,0,国家级,,5,5,676767,19040,"(17855.0, 21364.0]"
嘉禾机械有限公司006096,9.1317552e+017,0,1,国家级,3,2,3,565,19110,"(17855.0, 21364.0]"
联创贸易有限责任公司006097,9.1302448434571e+017,1,0,市级,1,,2,676767,500,"(49.999, 3780.0]"
永泰机械有限责任公司006098,9.135735884875073e+017,1,0,市级,5,1,7,565,19810,"(17855.0, 21364.0]"
金鼎医药有限责任公司006099,9.1369617173e+017,0,1,市级,6,7,4,565,30010,"(27972.0, 31471.0]"
天成纺织股份有限公司006100,9.13539768e+017,1,,国家级,2,7,2,343434,9700,"(7370.0, 10954.0]"
盛世纺织有限公司006101,9.139160561945795e+017,,1,市级,,3,5,-2323432,16400,"(14480.0, 17855.0]"
永泰信息有限公司006102,9.1312779215e+017,1,0,国家级,5,6,7,565656,14110,"(10954.0, 14480.0]"
创元生物股份有限公司006103,9.1374641e+017,1,0,市级,6,7,1,565,14220,"(10954.0, 14480.0]"
启明医药股份有限公司006104,9.135206843e+017,1,1,国家级,2,1,2,565656,30730,"(27972.0, 31471.0]"
永泰装备集团有限公司006105,9.131871116e+017,1,1,,7,3,6,-2323432,6510,"(3780.0, 7370.0]"
创元材料集团有限公司006106,9.1357e+017,,1,国家级,,7,,565,11420,"(10954.0, 14480.0]"
金鼎建设股份有限公司006107,9.139810746363e+017,0,1,国家级,2,4,2,565,16380,"(14480.0, 17855.0]"
永泰建设有限责任公司006108,9.1331866621444912e+017,1,1,县级,2,3,4,5656,5760,"(3780.0, 7370.0]"
盛世纺织股份有限公司006109,9.137865e+017,0,1,市级,2,5,2,5656,29800,"(27972.0, 31471.0]"
华泰科技股份有限公司006110,9.13298e+017,1,,国家级,1,,2,5656,23530,"(21364.0, 24660.0]"
远航贸易有限公司006111,9.1378601e+017,1,1,省级,7,7,4,5656,1700,"(49.999, 3780.0]"
永泰材料有限公司006112,9.13020e+017,1,1,市级,2,3,,5656,4420,"(3780.0, 7370.0]"
天成科技股份有限公司006113,9.134207781550e+017,1,0,国家级,,6,5,676767,15950,"(14480.0, 17855.0]"
远航医药集团有限公司006114,9.1390972e+017,1,0,县级,,1,7,565656,23320,"(21364.0, 24660.0]"
远航环保股份有限公司006115,9.13858e+017,1,1,,7,1,3,565,10340,"(7370.0, 10954.0]"
永泰食品有限责任公司006116,9.1345945e+017,0,1,国家级,4,4,6,5656,16420,"(14480.0, 17855.0]"
启明电子集团有限公司006117,9.1383e+017,1,0,市级,3,,4,5656,10450,"(7370.0, 10954.0]"
盛世能源集团有限公司006118,9.1303861154062e+017,1,1,省级,1,,4,6767,21940,"(21364.0, 24660.0]"
金鼎智能集团有限公司006119,9.13767090e+017,0,0,国家级,,,5,565,23180,"(21364.0, 24660.0]"
汇通贸易股份有限公司006120,9.1336e+017,,0,省级,1,7,,5656,16560,"(14480.0, 17855.0]"
华泰纺织有限公司006121,9.139861042558e+017,1,0,,2,2,2,565,26890,"(24660.0, 27972.0]"
华泰医药集团有限公司006122,9.1370691e+017,1,1,省级,2,4,4,5656,33560,"(31471.0, 35000.0]"
盛世生物有限责任公司006123,9.136571035493635e+017,1,1,县级,2,4,6,5656,2870,"(49.999, 3780.0]"
鼎盛医药有限责任公司006124,9.13550342e+017,1,0,国家级,6,7,5,343434,32030,"(31471.0, 35000.0]"
盛世生物有限责任公司006125,9.1319569727e+017,0,0,省级,2,2,3,565,8890,"(7370.0, 10954.0]"
启明能源有限公司006126,9.13037239981e+017,1,1,市级,4,1,3,-3434545,22530,"(21364.0, 24660.0]"
鼎盛电子集团有限公司006127,9.13605e+017,1,0,省级,,4,2,6767,23530,"(21364.0, 24660.0]"
永泰智能股份有限公司006128,9.1301866200e+017,0,1,省级,2,5,7,565,22780,"(21364.0, 24660.0]"
天成医药有限公司006129,9.13285398890e+017,1,,省级,4,4,,6767,25310,"(24660.0, 27972.0]"
启明装备股份有限公司006130,9.134047065e+017,1,1,省级,,5,,5656,7350,"(3780.0, 7370.0]"
宏达机械有限公司006131,9.13726835e+017,1,,县级,4,6,,565656,17070,"(14480.0, 17855.0]"
博雅材料集团有限公司006132,9.1371e+017,1,0,国家级,1,5,6,343434,3840,"(3780.0, 7370.0]"
联创网络股份有限公司006133,9.1336e+017,1,0,市级,5,7,,565,3370,"(49.999, 3780.0]"
瑞丰材料集团有限公司006134,9.1332e+017,1,1,国家级,4,3,3,-2323432,33120,"(31471.0, 35000.0]"
星河网络集团有限公司006135,9.131755159157e+017,1,0,县级,,5,7,343434,7310,"(3780.0, 7370.0]"
远航纺织股份有限公司006136,9.13146489e+017,1,1,国家级,1,5,4,6767,1860,"(49.999, 3780.0]"
天成纺织有限责任公司006137,9.1314679261e+017,1,0,市级,5,5,3,343434,23730,"(21364.0, 24660.0]"
星河医药股份有限公司006138,9.13212e+017,1,0,,5,6,7,343434,260,"(49.999, 3780.0]"
博雅生物有限公司006139,9.1351900204911e+017,1,1,县级,,2,6,565,19600,"(17855.0, 21364.0]"
博雅环保有限公司006140,9.1374e+017,1,1,,7,7,2,-2323432,3380,"(49.999, 3780.0]"
宏达纺织股份有限公司006141,9.1389162334418e+017,0,1,市级,5,1,6,676767,16070,"(14480.0, 17855.0]"
宏达贸易股份有限公司006142,9.134772590890e+017,,,国家级,,,2,676767,17020,"(14480.0, 17855.0]"
盛世建设有限责任公司006143,9.13691e+017,0,0,省级,6,4,,6767,33180,"(31471.0, 35000.0]"
宏达建设有限责任公司006144,9.13218800354437e+017,0,0,县级,,3,7,-2323432,30400,"(27972.0, 31471.0]"
华信能源股份有限公司006145,9.1333563534e+017,1,0,市级,7,6,6,-3434545,34840,"(31471.0, 35000.0]"
天成智能股份有限公司006146,9.1312868725355413e+017,0,0,国家级,1,1,4,676767,19170,"(17855.0, 21364.0]"
盛世科技有限公司006147,9.1388611912e+017,0,0,国家级,6,6,1,565,29760,"(27972.0, 31471.0]"
永泰装备集团有限公司006148,9.13051132634e+017,1,1,市级,5,2,5,565,19610,"(17855.0, 21364.0]"
永泰科技股份有限公司006149,9.13949e+017,0,1,市级,3,3,5,343434,15560,"(14480.0, 17855.0]"
天成信息有限责任公司006150,9.1372151e+017,0,1,国家级,3,1,2,343434,26420,"(24660.0, 27972.0]"
嘉禾电子股份有限公司006151,9.13798091620231e+017,0,0,市级,1,1,6,565,24280,"(21364.0, 24660.0]"
金鼎智能有限责任公司006152,9.13212032e+017,1,0,县级,,6,1,343434,28620,"(27972.0, 31471.0]"
中原网络集团有限公司006153,9.13198351e+017,0,,国家级,4,6,5,676767,13130,"(10954.0, 14480.0]"
远航装备有限责任公司006154,9.137146182418002e+017,0,0,市级,3,2,6,6767,31890,"(31471.0, 35000.0]"
创元贸易有限责任公司006155,9.131263765e+017,0,1,县级,6,,6,565,19040,"(17855.0, 21364.0]"
瑞丰纺织有限责任公司006156,9.1358081944757e+017,1,,国家级,2,5,2,565,7630,"(7370.0, 10954.0]"
嘉禾电子集团有限公司006157,9.1358412840981944e+017,1,1,省级,4,7,6,565,23600,"(21364.0, 24660.0]"
汇通医药集团有限公司006158,9.130327535e+017,0,,国家级,5,5,7,565,580,"(49.999, 3780.0]"
盛世食品有限责任公司006159,9.1355103807370247e+017,0,1,市级,1,7,6,5656,11310,"(10954.0, 14480.0]"
联创生物有限责任公司006160,9.13696730e+017,,0,国家级,4,4,2,565,11640,"(10954.0, 14480.0]"
博雅能源有限责任公司006161,9.13564605108453e+017,1,1,省级,6,,2,676767,34230,"(31471.0, 35000.0]"
永泰生物有限公司006162,9.1373328e+017,,0,县级,6,6,7,6767,16220,"(14480.0, 17855.0]"
金鼎电子集团有限公司006163,9.131695227e+017,1,,市级,1,,1,-2323432,21570,"(21364.0, 24660.0]"
宏达环保股份有限公司006164,9.139553171497669e+017,0,1,省级,5,5,,676767,20830,"(17855.0, 21364.0]"
永泰生物有限责任公司006165,9.137621378727e+017,1,0,省级,4,2,4,343434,18360,"(17855.0, 21364.0]"
天成网络有限公司006166,9.133692e+017,1,1,省级,,7,4,676767,12860,"(10954.0, 14480.0]"
天成能源有限公司006167,9.13180e+017,0,1,,3,7,,565,20540,"(17855.0, 21364.0]"
金鼎环保集团有限公司006168,9.13785e+017,0,,国家级,3,7,4,565,29120,"(27972.0, 31471.0]"
启明建设集团有限公司006169,9.1332051762927e+017,,1,国家级,6,3,5,5656,1240,"(49.999, 3780.0]"
星河网络集团有限公司006170,9.1360525788767602e+017,1,,国家级,3,7,6,565,25950,"(24660.0, 27972.0]"
瑞丰智能有限公司006171,9.1350219e+017,0,1,省级,6,3,3,565,27800,"(24660.0, 27972.0]"
金鼎智能股份有限公司006172,9.13870340e+017,1,0,国家级,7,,5,6767,8960,"(7370.0, 10954.0]"
星河生物股份有限公司006173,9.1387922348907e+017,0,0,国家级,5,1,1,-3434545,5320,"(3780.0, 7370.0]"
永泰装备有限责任公司006174,9.13247838868e+017,1,0,市级,1,,6,565656,1550,"(49.999, 3780.0]"
启明环保集团有限公司006175,9.1349283037495e+017,1,1,国家级,4,5,2,565656,32380,"(31471.0, 35000.0]"
博雅物流有限公司006176,9.13858507863e+017,0,1,省级,,,6,6767,900,"(49.999, 3780.0]"
华信机械集团有限公司006177,9.1350353011e+017,0,0,省级,,4,2,-2323432,23390,"(21364.0, 24660.0]"
星河装备股份有限公司006178,9.1355488e+017,0,0,省级,5,,,343434,30260,"(27972.0, 31471.0]"
创元智能集团有限公司006179,9.1326375483641e+017,1,0,市级,,2,1,343434,11430,"(10954.0, 14480.0]"
星河电子股份有限公司006180,9.13447e+017,0,0,市级,,1,4,565,24300,"(21364.0, 24660.0]"
汇通智能股份有限公司006181,9.13258969806687e+017,1,1,市级,1,1,1,343434,34610,"(31471.0, 35000.0]"
天成能源股份有限公司006182,9.13076e+017,0,1,市级,7,2,1,-2323432,7620,"(7370.0, 10954.0]"
博雅建设集团有限公司006183,9.139190897682427e+017,0,0,省级,,5,3,676767,34760,"(31471.0, 35000.0]"
华信物流有限公司006184,9.133911848559444e+017,0,0,市级,6,1,5,-2323432,26820,"(24660.0, 27972.0]"
汇通智能集团有限公司006185,9.13443e+017,1,0,省级,6,6,7,565656,33100,"(31471.0, 35000.0]"
汇通电子有限责任公司006186,9.1329876362e+017,1,0,县级,2,7,3,-3434545,18040,"(17855.0, 21364.0]"
盛世材料有限责任公司006187,9.13536e+017,,1,,6,7,4,5656,27200,"(24660.0, 27972.0]"
汇通生物股份有限公司006188,9.139132784e+017,1,0,,5,3,,676767,13060,"(10954.0, 14480.0]"
金鼎化工有限公司006189,9.134965066961981e+017,,0,市级,,,4,6767,10920,"(7370.0, 10954.0]"
中原贸易有限公司006190,9.133222915e+017,0,1,市级,1,2,3,343434,32140,"(31471.0, 35000.0]"
汇通电子集团有限公司006191,9.1363108e+017,0,0,县级,5,2,,343434,16230,"(14480.0, 17855.0]"
汇通物流有限责任公司006192,9.135150e+017,0,,国家级,6,4,7,676767,12260,"(10954.0, 14480.0]"
金鼎医药股份有限公司006193,9.1385511695122861e+017,0,0,市级,1,1,1,-2323432,2340,"(49.999, 3780.0]"
创元环保有限公司006194,9.1388749519e+017,0,0,省级,5,,1,5656,31130,"(27972.0, 31471.0]"
星河机械股份有限公司006195,9.1347418618913447e+017,0,1,,6,3,3,676767,12580,"(10954.0, 14480.0]"
创元能源股份有限公司006196,9.1364622866e+017,1,1,省级,1,5,,343434,20980,"(17855.0, 21364.0]"
星河贸易股份有限公司006197,9.1332e+017,1,1,市级,,7,,-2323432,12060,"(10954.0, 14480.0]"
华泰纺织股份有限公司006198,9.1365731e+017,1,0,县级,5,,1,343434,33160,"(31471.0, 35000.0]"
博雅生物股份有限公司006199,9.139337200e+017,1,1,省级,3,,3,-2323432,25390,"(24660.0, 27972.0]"
天成信息股份有限公司006200,9.1325006629945328e+017,1,1,省级,4,3,7,6767,31700,"(31471.0, 35000.0]"
瑞丰贸易有限公司006201,9.13813e+017,1,0,县级,2,,4,565,32640,"(31471.0, 35000.0]"
华泰建设股份有限公司006202,9.133756150132529e+017,1,1,县级,6,6,4,6767,7290,"(3780.0, 7370.0]"
联创机械集团有限公司006203,9.1384769855e+017,1,0,国家级,1,,1,5656,12730,"(10954.0, 14480.0]"
嘉禾能源有限公司006204,9.13683128e+017,,1,国家级,5,1,1,-3434545,9360,"(7370.0, 10954.0]"
鼎盛贸易股份有限公司006205,9.130453361229e+017,,0,,,2,3,565,25770,"(24660.0, 27972.0]"
中原智能股份有限公司006206,9.1315785028124e+017,1,0,县级,7,,,343434,8210,"(7370.0, 10954.0]"
永泰环保有限责任公司006207,9.134615506e+017,1,,县级,,6,6,676767,16050,"(14480.0, 17855.0]"
宏达化工有限公司006208,9.1363595e+017,1,0,县级,,,4,676767,470,"(49.999, 3780.0]"
华信化工集团有限公司006209,9.1386e+017,0,0,市级,6,3,6,5656,15440,"(14480.0, 17855.0]"
联创机械股份有限公司006210,9.137952e+017,0,1,县级,1,1,6,-3434545,17190,"(14480.0, 17855.0]"
宏达能源有限公司006211,9.1344268795726e+017,0,1,县级,,3,7,565,5100,"(3780.0, 7370.0]"
嘉禾智能有限公司006212,9.1385951122648018e+017,0,1,省级,5,1,6,676767,20990,"(17855.0, 21364.0]"
盛世化工有限责任公司006213,9.131732436871e+017,1,0,市级,7,7,5,6767,7620,"(7370.0, 10954.0]"
华信电子集团有限公司006214,9.136454917e+017,1,,省级,,6,5,565,30440,"(27972.0, 31471.0]"
鼎盛能源股份有限公司006215,9.13956529778570e+017,1,,市级,2,6,,5656,7720,"(7370.0, 10954.0]"
永泰纺织股份有限公司006216,9.130942942e+017,1,0,市级,,7,5,565656,10430,"(7370.0, 10954.0]"
汇通贸易集团有限公司006217,9.139447225e+017,0,1,县级,1,6,3,565656,25870,"(24660.0, 27972.0]"
联创贸易有限责任公司006218,9.1382856026286760e+017,0,1,县级,2,3,3,6767,16900,"(14480.0, 17855.0]"
天成环保集团有限公司006219,9.1355e+017,,1,国家级,6,,,6767,26530,"(24660.0, 27972.0]"
远航纺织有限责任公司006220,9.130824956e+017,0,1,国家级,5,7,3,565,10780,"(7370.0, 10954.0]"
联创食品股份有限公司006221,9.1326e+017,0,1,省级,4,4,2,-3434545,32490,"(31471.0, 35000.0]"
博雅能源集团有限公司006222,9.130937e+017,0,1,县级,,3,7,-3434545,8480,"(7370.0, 10954.0]"
天成网络股份有限公司006223,9.1340e+017,1,0,省级,4,5,4,-3434545,27380,"(24660.0, 27972.0]"
中原能源有限责任公司006224,9.131664220312800e+017,0,,国家级,6,3,3,6767,13350,"(10954.0, 14480.0]"
汇通纺织股份有限公司006225,9.13386962e+017,1,1,省级,6,7,4,-2323432,30450,"(27972.0, 31471.0]"
联创贸易有限公司006226,9.1384e+017,1,0,国家级,1,3,6,343434,31230,"(27972.0, 31471.0]"
启明医药股份有限公司006227,9.1334e+017,1,1,县级,3,7,6,565656,3090,"(49.999, 3780.0]"
华信化工集团有限公司006228,9.13037e+017,1,1,省级,7,6,,565656,22150,"(21364.0, 24660.0]"
远航建设股份有限公司006229,9.1339284906251958e+017,1,1,市级,1,5,7,565,34570,"(31471.0, 35000.0]"
嘉禾科技股份有限公司006230,9.1345e+017,1,1,县级,,7,1,676767,1670,"(49.999, 3780.0]"
中原装备集团有限公司006231,9.1337399935e+017,1,1,市级,4,,2,5656,20130,"(17855.0, 21364.0]"
远航能源集团有限公司006232,9.1353e+017,1,0,国家级,1,,3,-3434545,2310,"(49.999, 3780.0]"
星河材料有限公司006233,9.131558661401e+017,1,0,省级,5,,3,5656,18960,"(17855.0, 21364.0]"
金鼎科技有限公司006234,9.1338e+017,0,0,省级,,,5,-3434545,13660,"(10954.0, 14480.0]"
博雅生物有限公司006235,9.13164260625177e+017,1,,省级,1,5,5,5656,16340,"(14480.0, 17855.0]"
鼎盛环保股份有限公司006236,9.13762774e+017,0,0,省级,5,3,7,676767,10820,"(7370.0, 10954.0]"
华信装备股份有限公司006237,9.1300910602825e+017,0,0,县级,1,1,7,565,4950,"(3780.0, 7370.0]"
天成科技集团有限公司006238,9.13704315210e+017,,0,国家级,6,,7,565,28440,"(27972.0, 31471.0]"
启明生物集团有限公司006239,9.132461734909e+017,1,0,,,1,4,-2323432,3190,"(49.999, 3780.0]"
创元化工股份有限公司006240,9.13489378112218e+017,1,0,市级,,5,7,-2323432,16090,"(14480.0, 17855.0]"
创元环保股份有限公司006241,9.131864190e+017,,0,市级,3,5,2,676767,22650,"(21364.0, 24660.0]"
汇通智能有限责任公司006242,9.13876574178e+017,0,0,市级,4,4,6,565656,7080,"(3780.0, 7370.0]"
盛世信息股份有限公司006243,9.13761208e+017,1,0,国家级,4,7,1,676767,19300,"(17855.0, 21364.0]"
宏达信息股份有限公司006244,9.1381082580e+017,0,1,国家级,4,,6,-2323432,12510,"(10954.0, 14480.0]"
嘉禾科技股份有限公司006245,9.13262128815e+017,0,1,市级,7,2,4,6767,34580,"(31471.0, 35000.0]"
华信生物有限公司006246,9.13588684e+017,0,0,,7,7,2,-2323432,6030,"(3780.0, 7370.0]"
联创环保有限公司006247,9.1321581e+017,1,0,县级,4,,2,676767,16730,"(14480.0, 17855.0]"
创元材料股份有限公司006248,9.137186632944628e+017,1,0,省级,5,1,6,-2323432,9650,"(7370.0, 10954.0]"
汇通机械有限公司006249,9.13516888782126e+017,,1,市级,6,,1,676767,15150,"(14480.0, 17855.0]"
鼎盛机械有限公司006250,9.132163e+017,1,0,,5,7,,-2323432,24780,"(24660.0, 27972.0]"
远航纺织有限公司006251,9.1397069e+017,,1,省级,6,4,,-2323432,3590,"(49.999, 3780.0]"
华信能源集团有限公司006252,9.13346330613833e+017,1,0,国家级,7,7,7,565656,25310,"(24660.0, 27972.0]"
宏达智能有限公司006253,9.131510387868e+017,0,,国家级,4,5,,676767,5590,"(3780.0, 7370.0]"
天成贸易股份有限公司006254,9.1386494501979972e+017,1,0,县级,,3,4,565656,21280,"(17855.0, 21364.0]"
华泰建设集团有限公司006255,9.1327665642398e+017,1,1,市级,5,7,,565,9730,"(7370.0, 10954.0]"
星河医药集团有限公司006256,9.13787970782e+017,1,1,市级,7,,5,676767,12760,"(10954.0, 14480.0]"
星河能源集团有限公司006257,9.135860149963e+017,1,0,,,2,6,565656,14910,"(14480.0, 17855.0]"
瑞丰网络有限公司006258,9.1398152705247e+017,1,0,国家级,6,2,3,-3434545,3580,"(49.999, 3780.0]"
汇通环保有限公司006259,9.1359673113649e+017,1,0,县级,2,7,6,-2323432,25360,"(24660.0, 27972.0]"
嘉禾食品有限责任公司006260,9.134060736e+017,0,1,国家级,1,1,5,676767,17130,"(14480.0, 17855.0]"
启明环保有限公司006261,9.135442281e+017,0,1,市级,5,7,5,343434,9610,"(7370.0, 10954.0]"
创元物流集团有限公司006262,9.139120030398e+017,1,0,县级,,,1,676767,5700,"(3780.0, 7370.0]"
华信电子集团有限公司006263,9.1313864e+017,0,0,省级,6,7,1,565,3650,"(49.999, 3780.0]"
华信科技有限公司006264,9.137137088886e+017,,1,市级,5,7,7,5656,18150,"(17855.0, 21364.0]"
嘉禾食品股份有限公司006265,9.139965980854726e+017,1,1,县级,1,,7,-2323432,5730,"(3780.0, 7370.0]"
华信化工股份有限公司006266,9.1394107588433738e+017,0,0,,2,,7,-2323432,28050,"(27972.0, 31471.0]"
华信医药有限责任公司006267,9.132807364511e+017,1,1,县级,1,5,3,-3434545,28400,"(27972.0, 31471.0]"
创元网络有限公司006268,9.1320477266e+017,0,1,市级,1,3,7,-3434545,34180,"(31471.0, 35000.0]"
嘉禾贸易有限责任公司006269,9.13187e+017,1,,省级,4,1,3,676767,19550,"(17855.0, 21364.0]"
天成科技有限公司006270,9.1387266e+017,1,1,省级,3,6,2,565,6570,"(3780.0, 7370.0]"
汇通材料集团有限公司006271,9.1333167947e+017,1,0,省级,7,3,7,5656,30960,"(27972.0, 31471.0]"
博雅材料有限责任公司006272,9.13482862899e+017,0,0,,4,4,5,565656,6710,"(3780.0, 7370.0]"
华泰材料有限公司006273,9.137436442086e+017,1,1,市级,2,2,7,-2323432,3360,"(49.999, 3780.0]"
鼎盛智能有限责任公司006274,9.1300647150544e+017,,1,省级,6,,7,565,24710,"(24660.0, 27972.0]"
天成生物股份有限公司006275,9.136048626421142e+017,0,,省级,6,4,7,676767,34800,"(31471.0, 35000.0]"
鼎盛纺织股份有限公司006276,9.134534280e+017,0,0,市级,1,7,3,-3434545,8240,"(7370.0, 10954.0]"
金鼎能源股份有限公司006277,9.13924e+017,1,1,,4,5,,-2323432,5030,"(3780.0, 7370.0]"
汇通化工股份有限公司006278,9.1336e+017,0,0,县级,4,7,4,565656,4220,"(3780.0, 7370.0]"
华信医药有限责任公司006279,9.13944162e+017,0,0,,5,,3,-3434545,9170,"(7370.0, 10954.0]"
远航科技有限责任公司006280,9.1396e+017,1,0,省级,3,2,4,-3434545,27230,"(24660.0, 27972.0]"
永泰电子有限公司006281,9.132481604e+017,0,1,,2,6,3,5656,28600,"(27972.0, 31471.0]"
永泰医药有限责任公司006282,9.1382e+017,0,0,市级,1,,3,6767,32740,"(31471.0, 35000.0]"
盛世化工股份有限公司006283,9.1362e+017,1,1,县级,5,3,3,676767,700,"(49.999, 3780.0]"
华泰材料有限责任公司006284,9.136356230042e+017,0,0,县级,5,5,4,565656,16270,"(14480.0, 17855.0]"
汇通材料集团有限公司006285,9.13263136e+017,,0,县级,3,4,1,-3434545,31740,"(31471.0, 35000.0]"
华泰纺织股份有限公司006286,9.136348e+017,0,1,县级,3,5,2,-2323432,33060,"(31471.0, 35000.0]"
天成纺织有限公司006287,9.13638483e+017,0,1,国家级,3,4,7,343434,15130,"(14480.0, 17855.0]"
永泰智能有限责任公司006288,9.139138e+017,1,,县级,4,4,6,-2323432,17700,"(14480.0, 17855.0]"
远航材料集团有限公司006289,9.13267e+017,1,0,市级,5,7,7,676767,530,"(49.999, 3780.0]"
天成食品有限责任公司006290,9.1342249050960026e+017,,0,,,1,4,-2323432,8570,"(7370.0, 10954.0]"
启明生物有限公司006291,9.1366522e+017,0,1,县级,6,,4,6767,28270,"(27972.0, 31471.0]"
华泰物流有限公司006292,9.1387296033e+017,0,1,省级,6,6,,565656,24130,"(21364.0, 24660.0]"
汇通化工有限公司006293,9.13380e+017,1,1,,6,2,1,565656,410,"(49.999, 3780.0]"
天成机械集团有限公司006294,9.132859412270e+017,1,1,县级,,6,1,676767,24410,"(21364.0, 24660.0]"
瑞丰材料有限责任公司006295,9.13579e+017,1,0,县级,3,3,3,-3434545,28700,"(27972.0, 31471.0]"
盛世电子集团有限公司006296,9.1382217e+017,,0,县级,,3,1,565656,25380,"(24660.0, 27972.0]"
盛世环保有限公司006297,9.1348e+017,0,0,省级,6,4,2,565,28130,"(27972.0, 31471.0]"
华信环保有限责任公司006298,9.132030620025e+017,1,0,县级,6,3,1,5656,25230,"(24660.0, 27972.0]"
华泰建设有限责任公司006299,9.139916e+017,1,,市级,1,,2,-2323432,2890,"(49.999, 3780.0]"
金鼎食品有限公司006300,9.1317883749755e+017,0,1,县级,7,4,5,565656,12660,"(10954.0, 14480.0]"
联创材料有限公司006301,9.13345002e+017,0,1,国家级,5,4,6,565656,21150,"(17855.0, 21364.0]"
宏达科技有限公司006302,9.13294672215e+017,1,0,市级,6,2,5,-3434545,11400,"(10954.0, 14480.0]"
瑞丰信息有限公司006303,9.139665463e+017,1,0,省级,3,3,,-2323432,16910,"(14480.0, 17855.0]"
永泰科技集团有限公司006304,9.1372796589e+017,1,1,县级,7,5,3,676767,17710,"(14480.0, 17855.0]"
华信能源股份有限公司006305,9.137486e+017,1,1,省级,7,5,5,676767,14030,"(10954.0, 14480.0]"
博雅建设集团有限公司006306,9.13657267e+017,0,,,6,3,1,-3434545,3280,"(49.999, 3780.0]"
嘉禾纺织有限责任公司006307,9.133823301359744e+017,0,0,国家级,4,2,1,565656,28620,"(27972.0, 31471.0]"
汇通信息有限责任公司006308,9.132310236e+017,1,0,省级,7,7,7,-3434545,19970,"(17855.0, 21364.0]"
星河科技股份有限公司006309,9.131882e+017,,0,,,5,6,565,12370,"(10954.0, 14480.0]"
瑞丰科技有限公司006310,9.1366953e+017,0,0,市级,5,4,3,565656,31340,"(27972.0, 31471.0]"
华信贸易有限公司006311,9.133867460e+017,0,0,国家级,5,,1,-2323432,670,"(49.999, 3780.0]"
金鼎装备有限责任公司006312,9.138829678200993e+017,0,1,市级,4,6,4,-2323432,29720,"(27972.0, 31471.0]"
中原机械集团有限公司006313,9.1309475392423e+017,1,1,市级,6,6,6,-3434545,14900,"(14480.0, 17855.0]"
宏达生物股份有限公司006314,9.13252188e+017,0,0,省级,7,6,6,676767,16750,"(14480.0, 17855.0]"
中原材料股份有限公司006315,9.1363773e+017,1,0,,4,,3,-2323432,12330,"(10954.0, 14480.0]"
金鼎材料股份有限公司006316,9.138897665124093e+017,1,0,省级,7,2,4,565,2460,"(49.999, 3780.0]"
博雅建设有限责任公司006317,9.130833025486355e+017,1,0,国家级,5,5,,565,2880,"(49.999, 3780.0]"
启明环保有限责任公司006318,9.13897568811096e+017,0,0,县级,1,4,4,676767,32230,"(31471.0, 35000.0]"
博雅电子股份有限公司006319,9.131378e+017,0,0,市级,3,,3,-2323432,27030,"(24660.0, 27972.0]"
永泰智能有限责任公司006320,9.1334157517e+017,1,0,,,7,2,565656,17160,"(14480.0, 17855.0]"
中原生物有限责任公司006321,9.1384e+017,1,,县级,2,,4,-2323432,12580,"(10954.0, 14480.0]"
嘉禾贸易有限责任公司006322,9.138653e+017,0,0,省级,6,7,2,-3434545,5590,"(3780.0, 7370.0]"
永泰生物有限公司006323,9.13587810319836e+017,0,0,国家级,3,4,1,565,24280,"(21364.0, 24660.0]"
永泰纺织有限责任公司006324,9.1359603997476e+017,0,1,市级,3,2,5,6767,16630,"(14480.0, 17855.0]"
天成能源股份有限公司006325,9.13010e+017,0,1,省级,6,7,,565656,4710,"(3780.0, 7370.0]"
鼎盛科技股份有限公司006326,9.13738533137722e+017,1,0,省级,4,3,,-2323432,20710,"(17855.0, 21364.0]"
嘉禾贸易集团有限公司006327,9.134062451480682e+017,1,0,,4,2,5,676767,9450,"(7370.0, 10954.0]"
盛世装备有限公司006328,9.13009647e+017,1,1,国家级,3,,7,565656,8150,"(7370.0, 10954.0]"
盛世生物股份有限公司006329,9.1346567793876250e+017,,0,县级,7,7,7,565,12900,"(10954.0, 14480.0]"
启明智能集团有限公司006330,9.13235996775e+017,0,1,市级,7,4,,343434,26600,"(24660.0, 27972.0]"
金鼎建设集团有限公司006331,9.1300534906e+017,0,0,县级,1,4,5,676767,26830,"(24660.0, 27972.0]"
华信食品有限公司006332,9.139918212946163e+017,0,1,,1,4,2,-2323432,25720,"(24660.0, 27972.0]"
瑞丰信息有限责任公司006333,9.1315997340e+017,0,0,国家级,,5,4,676767,20270,"(17855.0, 21364.0]"
联创医药集团有限公司006334,9.13387e+017,1,,市级,6,5,6,6767,6420,"(3780.0, 7370.0]"
瑞丰信息集团有限公司006335,9.1317843837176471e+017,,1,,,7,2,565656,33580,"(31471.0, 35000.0]"
盛世网络有限责任公司006336,9.1367547e+017,1,1,市级,2,6,,343434,29660,"(27972.0, 31471.0]"
博雅食品有限责任公司006337,9.1352309014773779e+017,0,1,国家级,1,6,4,-2323432,2600,"(49.999, 3780.0]"
华泰环保股份有限公司006338,9.1311705759918e+017,0,1,省级,1,1,5,-2323432,12730,"(10954.0, 14480.0]"
华信装备有限责任公司006339,9.135528272566239e+017,0,0,省级,2,5,4,676767,23770,"(21364.0, 24660.0]"
华信科技有限公司006340,9.13520e+017,1,0,县级,7,2,4,-3434545,16780,"(14480.0, 17855.0]"
启明电子有限公司006341,9.13850417358764e+017,1,1,,,,7,343434,12930,"(10954.0, 14480.0]"
联创贸易有限责任公司006342,9.1307503e+017,1,1,国家级,3,3,5,6767,23150,"(21364.0, 24660.0]"
博雅纺织有限责任公司006343,9.13325234297e+017,0,1,国家级,6,5,5,5656,20430,"(17855.0, 21364.0]"
汇通建设有限公司006344,9.1364e+017,0,,市级,6,2,,-2323432,28710,"(27972.0, 31471.0]"
嘉禾生物有限公司006345,9.134493330195e+017,0,0,县级,1,6,7,6767,27810,"(24660.0, 27972.0]"
创元物流股份有限公司006346,9.136578344093e+017,0,0,国家级,3,2,3,343434,22160,"(21364.0, 24660.0]"
嘉禾生物有限公司006347,9.13394688859569e+017,0,1,省级,,2,6,6767,24920,"(24660.0, 27972.0]"
星河信息有限责任公司006348,9.134354128e+017,1,0,县级,3,,7,5656,33210,"(31471.0, 35000.0]"
金鼎化工有限公司006349,9.1399141847961986e+017,0,0,国家级,5,7,1,565656,13600,"(10954.0, 14480.0]"
创元网络集团有限公司006350,9.1312e+017,0,,省级,,6,4,565,6290,"(3780.0, 7370.0]"
汇通食品有限公司006351,9.13364e+017,0,,,3,7,6,565656,15470,"(14480.0, 17855.0]"
启明物流有限公司006352,9.13622e+017,0,0,国家级,2,6,1,676767,27920,"(24660.0, 27972.0]"
金鼎生物有限责任公司006353,9.13321664316e+017,1,1,国家级,7,1,5,-3434545,9690,"(7370.0, 10954.0]"
盛世机械有限责任公司006354,9.133700372275537e+017,0,0,市级,7,3,7,-2323432,19780,"(17855.0, 21364.0]"
博雅物流集团有限公司006355,9.1360e+017,0,1,,6,1,2,6767,28700,"(27972.0, 31471.0]"
金鼎物流有限责任公司006356,9.13805e+017,0,0,县级,1,5,6,343434,1630,"(49.999, 3780.0]"
金鼎材料有限责任公司006357,9.138990e+017,1,1,省级,,1,6,5656,8670,"(7370.0, 10954.0]"
嘉禾纺织有限责任公司006358,9.131436e+017,1,1,县级,,2,2,565656,10210,"(7370.0, 10954.0]"
华泰装备股份有限公司006359,9.1310904897883034e+017,1,0,国家级,3,4,2,343434,33210,"(31471.0, 35000.0]"
博雅材料股份有限公司006360,9.1323000e+017,0,0,国家级,5,3,6,343434,20410,"(17855.0, 21364.0]"
嘉禾电子股份有限公司006361,9.132329e+017,0,0,省级,,6,5,-3434545,390,"(49.999, 3780.0]"
永泰生物股份有限公司006362,9.132376661e+017,1,0,,2,6,4,343434,29730,"(27972.0, 31471.0]"
创元材料股份有限公司006363,9.132578408e+017,,0,,6,,6,5656,3570,"(49.999, 3780.0]"
天成网络有限责任公司006364,9.13852e+017,0,0,省级,6,5,5,-2323432,31540,"(31471.0, 35000.0]"
汇通建设有限责任公司006365,9.1358434883e+017,0,,市级,2,5,2,-3434545,25630,"(24660.0, 27972.0]"
博雅建设有限公司006366,9.130316442828310e+017,1,1,省级,7,3,5,676767,32120,"(31471.0, 35000.0]"
汇通材料股份有限公司006367,9.136598880e+017,1,,,6,6,5,6767,12410,"(10954.0, 14480.0]"
嘉禾材料股份有限公司006368,9.13135653e+017,0,0,市级,1,7,6,565656,32130,"(31471.0, 35000.0]"
瑞丰材料有限公司006369,9.1346132e+017,0,0,,1,2,7,-3434545,25050,"(24660.0, 27972.0]"
金鼎信息集团有限公司006370,9.130065834e+017,1,1,,3,,1,565,9560,"(7370.0, 10954.0]"
中原环保集团有限公司006371,9.1392540480205e+017,0,1,国家级,,4,4,565,8760,"(7370.0, 10954.0]"
永泰网络集团有限公司006372,9.13093342060e+017,0,0,,5,7,1,-3434545,2710,"(49.999, 3780.0]"
远航网络有限公司006373,9.13641221e+017,0,0,省级,7,6,7,-3434545,9000,"(7370.0, 10954.0]"
星河信息有限责任公司006374,9.131251991e+017,1,1,市级,3,5,2,5656,19860,"(17855.0, 21364.0]"
中原智能集团有限公司006375,9.138001521e+017,0,1,市级,1,4,7,5656,17920,"(17855.0, 21364.0]"
瑞丰物流有限责任公司006376,9.133003376929449e+017,1,1,市级,6,1,1,565656,21480,"(21364.0, 24660.0]"
永泰纺织有限公司006377,9.133003e+017,,0,县级,5,,,343434,23920,"(21364.0, 24660.0]"
中原信息股份有限公司006378,9.133904e+017,1,1,,6,1,5,343434,31040,"(27972.0, 31471.0]"
华信能源有限责任公司006379,9.132576105882e+017,0,1,,5,4,2,565,18880,"(17855.0, 21364.0]"
启明食品有限公司006380,9.13411e+017,1,0,,3,7,2,565,29570,"(27972.0, 31471.0]"
星河建设有限公司006381,9.1353911713300129e+017,0,1,,,4,3,565656,11900,"(10954.0, 14480.0]"
永泰信息集团有限公司006382,9.13655224295e+017,0,1,国家级,7,5,2,676767,18920,"(17855.0, 21364.0]"
永泰网络有限公司006383,9.139226691419927e+017,0,1,省级,7,2,4,676767,14080,"(10954.0, 14480.0]"
瑞丰网络集团有限公司006384,9.13202694e+017,1,,县级,3,3,1,-2323432,22750,"(21364.0, 24660.0]"
创元生物集团有限公司006385,9.13395e+017,0,1,省级,5,3,,5656,27880,"(24660.0, 27972.0]"
博雅化工有限公司006386,9.136652103054e+017,0,1,国家级,5,,2,565656,16610,"(14480.0, 17855.0]"
华泰贸易股份有限公司006387,9.133118293e+017,1,0,,2,,5,343434,21580,"(21364.0, 24660.0]"
天成智能集团有限公司006388,9.1340612838600e+017,1,1,县级,5,7,3,5656,20210,"(17855.0, 21364.0]"
远航机械有限公司006389,9.1384912890e+017,1,1,县级,7,5,5,343434,2110,"(49.999, 3780.0]"
博雅电子股份有限公司006390,9.132755646790e+017,1,,市级,,3,1,-2323432,2410,"(49.999, 3780.0]"
嘉禾能源股份有限公司006391,9.1353107151252087e+017,1,0,,,2,3,5656,28450,"(27972.0, 31471.0]"
星河信息股份有限公司006392,9.130118e+017,0,1,,1,2,5,-3434545,4500,"(3780.0, 7370.0]"
启明医药有限责任公司006393,9.130888e+017,1,1,县级,7,5,7,676767,15820,"(14480.0, 17855.0]"
远航机械有限责任公司006394,9.1310742471577191e+017,1,1,,6,5,2,-2323432,32340,"(31471.0, 35000.0]"
鼎盛科技集团有限公司006395,9.134188616e+017,0,1,省级,2,,3,6767,22290,"(21364.0, 24660.0]"
中原贸易有限责任公司006396,9.13887448e+017,0,1,省级,,7,1,343434,25480,"(24660.0, 27972.0]"
博雅纺织集团有限公司006397,9.13863814911255e+017,0,1,县级,6,6,5,676767,2570,"(49.999, 3780.0]"
星河智能有限公司006398,9.1395127923750e+017,1,,市级,3,6,1,676767,6740,"(3780.0, 7370.0]"
华信机械有限公司006399,9.13493258726655e+017,1,0,市级,3,4,,6767,31080,"(27972.0, 31471.0]"
联创信息有限公司006400,9.13590158278549e+017,0,1,省级,5,,7,6767,2640,"(49.999, 3780.0]"
鼎盛物流有限公司006401,9.13412508560383e+017,1,1,市级,3,,2,-2323432,860,"(49.999, 3780.0]"
创元智能股份有限公司006402,9.138447058035870e+017,1,0,国家级,,1,3,565656,2310,"(49.999, 3780.0]"
天成物流有限公司006403,9.130495913e+017,0,1,省级,5,3,6,565656,350,"(49.999, 3780.0]"
创元电子股份有限公司006404,9.136001e+017,0,1,省级,7,7,1,5656,20290,"(17855.0, 21364.0]"
远航网络有限公司006405,9.1326280978e+017,1,1,国家级,3,7,6,565,7170,"(3780.0, 7370.0]"
远航电子股份有限公司006406,9.135998520e+017,0,0,国家级,6,7,4,-3434545,6860,"(3780.0, 7370.0]"
瑞丰贸易有限公司006407,9.134167313291135e+017,0,1,国家级,1,,6,5656,26200,"(24660.0, 27972.0]"
中原信息有限公司006408,9.134998e+017,0,0,省级,,,7,565656,22150,"(21364.0, 24660.0]"
天成食品股份有限公司006409,9.1324e+017,0,0,国家级,2,7,3,-2323432,24360,"(21364.0, 24660.0]"
创元信息有限公司006410,9.1358346576830947e+017,1,0,市级,1,5,,-3434545,33000,"(31471.0, 35000.0]"
华信机械有限公司006411,9.1379283937334e+017,1,1,省级,3,7,2,-3434545,15240,"(14480.0, 17855.0]"
星河食品集团有限公司006412,9.13879550673207e+017,1,0,县级,2,2,7,565656,27170,"(24660.0, 27972.0]"
金鼎电子有限责任公司006413,9.1349e+017,0,0,国家级,3,7,3,565656,2400,"(49.999, 3780.0]"
博雅环保有限责任公司006414,9.1360455e+017,0,1,,,7,3,-2323432,24160,"(21364.0, 24660.0]"
华信能源集团有限公司006415,9.13676806e+017,0,1,市级,2,1,5,-2323432,2010,"(49.999, 3780.0]"
永泰纺织有限责任公司006416,9.1395500e+017,1,1,县级,4,7,1,6767,3710,"(49.999, 3780.0]"
汇通纺织有限公司006417,9.13349151664462e+017,0,1,省级,,,3,676767,27670,"(24660.0, 27972.0]"
华信机械有限责任公司006418,9.13241395175147e+017,,1,国家级,1,7,,-2323432,830,"(49.999, 3780.0]"
金鼎电子有限公司006419,9.13766872289e+017,0,0,,4,5,6,5656,19700,"(17855.0, 21364.0]"
金鼎能源集团有限公司006420,9.1368204052e+017,0,0,市级,4,5,2,-2323432,30230,"(27972.0, 31471.0]"
鼎盛信息集团有限公司006421,9.1334760e+017,1,0,省级,2,2,6,565656,21270,"(17855.0, 21364.0]"
汇通化工有限责任公司006422,9.13093830e+017,1,0,省级,5,4,,5656,4110,"(3780.0, 7370.0]"
瑞丰装备股份有限公司006423,9.137596804380411e+017,1,1,市级,5,2,6,565656,27710,"(24660.0, 27972.0]"
金鼎电子有限责任公司006424,9.1313e+017,0,1,国家级,4,3,5,565,12020,"(10954.0, 14480.0]"
金鼎能源有限责任公司006425,9.13335430883641e+017,1,0,省级,3,1,,676767,14290,"(10954.0, 14480.0]"
华泰医药集团有限公司006426,9.1360319717212831e+017,0,0,县级,7,1,,343434,10230,"(7370.0, 10954.0]"
华信生物有限责任公司006427,9.131177e+017,1,0,市级,4,7,3,565,1280,"(49.999, 3780.0]"
金鼎医药有限公司006428,9.132538202385e+017,0,,省级,2,6,4,343434,32340,"(31471.0, 35000.0]"
瑞丰食品集团有限公司006429,9.137912923e+017,1,1,,7,3,1,6767,4230,"(3780.0, 7370.0]"
联创建设有限责任公司006430,9.1354041094424e+017,1,0,省级,3,1,4,-3434545,23710,"(21364.0, 24660.0]"
创元医药有限公司006431,9.1304069685e+017,,0,国家级,5,,4,676767,4470,"(3780.0, 7370.0]"
华泰机械有限责任公司006432,9.1322864790562e+017,0,0,县级,7,2,4,5656,19600,"(17855.0, 21364.0]"
远航材料有限责任公司006433,9.1334647347e+017,1,0,县级,4,7,6,565656,33270,"(31471.0, 35000.0]"
盛世生物有限公司006434,9.132211e+017,0,0,市级,3,7,5,-2323432,32410,"(31471.0, 35000.0]"
永泰医药有限公司006435,9.138966672292e+017,1,0,省级,3,2,1,565,27670,"(24660.0, 27972.0]"
创元物流有限公司006436,9.1398515e+017,1,,,7,1,7,343434,18130,"(17855.0, 21364.0]"
博雅智能股份有限公司006437,9.1366161193e+017,1,1,国家级,7,6,,-2323432,28120,"(27972.0, 31471.0]"
创元环保有限责任公司006438,9.13780305032e+017,1,0,市级,2,3,6,5656,20360,"(17855.0, 21364.0]"
嘉禾科技有限公司006439,9.13673e+017,0,0,,2,1,6,565,26810,"(24660.0, 27972.0]"
远航网络有限责任公司006440,9.1318381438474096e+017,,1,国家级,5,6,2,676767,14300,"(10954.0, 14480.0]"
嘉禾智能股份有限公司006441,9.13994e+017,0,,国家级,4,3,,5656,30640,"(27972.0, 31471.0]"
星河医药集团有限公司006442,9.1325065e+017,0,0,省级,1,3,2,343434,22200,"(21364.0, 24660.0]"
启明能源有限公司006443,9.1392579972726e+017,0,0,市级,1,3,4,-2323432,17320,"(14480.0, 17855.0]"
永泰信息集团有限公司006444,9.13769897e+017,1,1,省级,6,5,,565656,9610,"(7370.0, 10954.0]"
远航建设有限责任公司006445,9.13503e+017,0,1,国家级,,,,-2323432,33250,"(31471.0, 35000.0]"
永泰电子有限公司006446,9.134535236057e+017,0,0,国家级,3,5,5,343434,32040,"(31471.0, 35000.0]"
启明机械集团有限公司006447,9.13618775246746e+017,1,0,市级,1,4,2,5656,21710,"(21364.0, 24660.0]"
启明建设有限公司006448,9.13265968490100e+017,1,0,市级,3,6,7,343434,13570,"(10954.0, 14480.0]"
永泰装备有限公司006449,9.13566195008115e+017,1,1,国家级,4,5,4,-3434545,23670,"(21364.0, 24660.0]"
联创材料股份有限公司006450,9.135041492876e+017,,1,县级,6,4,,-3434545,15420,"(14480.0, 17855.0]"
博雅环保有限公司006451,9.13023975265230e+017,1,0,,2,1,3,5656,18930,"(17855.0, 21364.0]"
华信医药有限责任公司006452,9.1373966e+017,1,0,县级,7,2,4,676767,28070,"(27972.0, 31471.0]"
启明材料股份有限公司006453,9.135534644e+017,1,0,省级,,1,3,6767,1550,"(49.999, 3780.0]"
创元物流集团有限公司006454,9.1337757399e+017,0,0,市级,2,5,7,6767,13010,"(10954.0, 14480.0]"
创元科技股份有限公司006455,9.1300e+017,0,0,国家级,2,5,1,5656,4410,"(3780.0, 7370.0]"
博雅装备股份有限公司006456,9.138521808e+017,0,1,县级,5,4,4,5656,34870,"(31471.0, 35000.0]"
启明医药有限公司006457,9.13636e+017,1,1,县级,2,5,4,565,3090,"(49.999, 3780.0]"
启明信息集团有限公司006458,9.1312569746e+017,1,0,市级,6,4,4,676767,14530,"(14480.0, 17855.0]"
天成化工有限责任公司006459,9.1379e+017,1,1,,3,4,,343434,29770,"(27972.0, 31471.0]"
华信信息有限公司006460,9.1384728e+017,0,1,市级,6,2,,676767,32860,"(31471.0, 35000.0]"
联创科技有限公司006461,9.1379922765998316e+017,0,0,市级,5,6,3,-3434545,27970,"(24660.0, 27972.0]"
启明装备集团有限公司006462,9.13884529550552e+017,1,1,县级,6,1,3,-3434545,21190,"(17855.0, 21364.0]"
嘉禾化工股份有限公司006463,9.13645981186761e+017,0,,,5,1,6,565,10250,"(7370.0, 10954.0]"
星河医药股份有限公司006464,9.1311e+017,1,1,省级,7,5,,6767,24020,"(21364.0, 24660.0]"
远航食品有限公司006465,9.13370e+017,0,1,市级,6,5,,5656,34230,"(31471.0, 35000.0]"
永泰生物股份有限公司006466,9.13945230e+017,1,,国家级,2,2,5,5656,1080,"(49.999, 3780.0]"
鼎盛贸易集团有限公司006467,9.13905070759e+017,0,1,国家级,4,6,,676767,30950,"(27972.0, 31471.0]"
华信机械有限责任公司006468,9.132829292882e+017,0,1,,,,4,6767,33240,"(31471.0, 35000.0]"
汇通科技有限责任公司006469,9.1341184656e+017,1,0,国家级,1,5,2,-3434545,31540,"(31471.0, 35000.0]"
天成环保股份有限公司006470,9.13118e+017,1,,市级,,2,5,-2323432,2050,"(49.999, 3780.0]"
创元电子股份有限公司006471,9.13830875e+017,1,1,国家级,6,5,6,565656,1350,"(49.999, 3780.0]"
创元网络有限责任公司006472,9.139110258e+017,1,0,国家级,4,4,5,676767,26480,"(24660.0, 27972.0]"
中原物流有限公司006473,9.131680601814676e+017,1,1,省级,3,2,5,676767,3380,"(49.999, 3780.0]"
启明医药集团有限公司006474,9.134577346e+017,1,0,,,1,2,565656,2170,"(49.999, 3780.0]"
华信食品集团有限公司006475,9.138495779067e+017,0,0,国家级,7,5,1,5656,440,"(49.999, 3780.0]"
金鼎装备有限公司006476,9.1385710090e+017,0,0,国家级,6,7,,565,7810,"(7370.0, 10954.0]"
瑞丰生物股份有限公司006477,9.1332541572e+017,0,0,省级,5,,7,565,5230,"(3780.0, 7370.0]"
瑞丰纺织集团有限公司006478,9.1380510e+017,1,0,县级,2,6,7,565,18870,"(17855.0, 21364.0]"
嘉禾物流股份有限公司006479,9.13310e+017,0,1,县级,4,7,2,5656,23800,"(21364.0, 24660.0]"
创元信息股份有限公司006480,9.1334379168e+017,0,0,国家级,1,3,2,5656,10880,"(7370.0, 10954.0]"
永泰环保有限公司006481,9.1372179863767208e+017,0,0,市级,,2,3,-3434545,21270,"(17855.0, 21364.0]"
嘉禾物流股份有限公司006482,9.1358055e+017,1,0,市级,1,6,3,343434,28390,"(27972.0, 31471.0]"
金鼎电子集团有限公司006483,9.132088192e+017,1,,,2,6,5,-2323432,16840,"(14480.0, 17855.0]"
启明电子有限责任公司006484,9.13376e+017,1,1,国家级,4,,3,565,6490,"(3780.0, 7370.0]"
鼎盛化工股份有限公司006485,9.135984198114838e+017,1,0,市级,7,3,4,565,3950,"(3780.0, 7370.0]"
鼎盛建设有限公司006486,9.13781730192383e+017,1,0,国家级,6,6,4,565,3090,"(49.999, 3780.0]"
宏达纺织有限公司006487,9.13455124963e+017,1,0,市级,7,7,,6767,1820,"(49.999, 3780.0]"
博雅科技有限公司006488,9.138968001995852e+017,1,1,,1,6,1,6767,34290,"(31471.0, 35000.0]"
华信能源集团有限公司006489,9.133741e+017,1,1,国家级,3,,2,5656,29380,"(27972.0, 31471.0]"
嘉禾信息集团有限公司006490,9.1380366246273e+017,,0,市级,7,6,3,676767,13080,"(10954.0, 14480.0]"
永泰医药有限公司006491,9.1333743086679850e+017,0,1,市级,6,2,2,-3434545,11720,"(10954.0, 14480.0]"
远航智能集团有限公司006492,9.133602128149393e+017,0,0,国家级,,1,7,565,29980,"(27972.0, 31471.0]"
博雅生物有限公司006493,9.13019947318e+017,1,0,市级,7,7,5,-2323432,15620,"(14480.0, 17855.0]"
创元物流有限责任公司006494,9.131589830e+017,1,1,,7,3,4,6767,12700,"(10954.0, 14480.0]"
宏达网络集团有限公司006495,9.13273288126e+017,0,0,省级,6,3,,565656,7010,"(3780.0, 7370.0]"
嘉禾信息集团有限公司006496,9.13756935016e+017,1,,县级,7,5,6,-2323432,23350,"(21364.0, 24660.0]"
联创电子股份有限公司006497,9.138230515e+017,0,0,县级,6,7,4,565,18480,"(17855.0, 21364.0]"
星河网络集团有限公司006498,9.1358e+017,0,,,2,,1,-2323432,820,"(49.999, 3780.0]"
启明建设集团有限公司006499,9.1371140710056e+017,1,0,省级,7,6,6,-2323432,13010,"(10954.0, 14480.0]"
宏达物流有限责任公司006500,9.1308091120167e+017,0,0,国家级,4,4,7,565,22580,"(21364.0, 24660.0]"
中原装备集团有限公司006501,9.13353e+017,,0,国家级,6,3,7,6767,32420,"(31471.0, 35000.0]"
华信网络股份有限公司006502,9.134593767e+017,1,,县级,2,1,3,565,34030,"(31471.0, 35000.0]"
中原装备股份有限公司006503,9.13489e+017,1,0,省级,7,,,6767,8360,"(7370.0, 10954.0]"
远航机械有限责任公司006504,9.1376563264159700e+017,1,0,县级,7,5,7,565656,32950,"(31471.0, 35000.0]"
宏达医药有限责任公司006505,9.1381282697710e+017,0,,,1,1,1,676767,28110,"(27972.0, 31471.0]"
创元材料有限公司006506,9.1398165e+017,1,0,县级,3,2,,5656,10290,"(7370.0, 10954.0]"
创元医药有限责任公司006507,9.13377e+017,0,1,省级,3,2,7,5656,10920,"(7370.0, 10954.0]"
盛世生物集团有限公司006508,9.13314719112e+017,0,1,县级,7,1,7,565656,34330,"(31471.0, 35000.0]"
博雅建设集团有限公司006509,9.134773970625e+017,1,0,,2,2,6,565656,9110,"(7370.0, 10954.0]"
天成能源集团有限公司006510,9.132740842e+017,,1,省级,3,4,,5656,34700,"(31471.0, 35000.0]"
天成化工有限公司006511,9.13157786255336e+017,1,0,国家级,7,7,7,5656,26430,"(24660.0, 27972.0]"
华泰贸易有限责任公司006512,9.13017036731e+017,0,1,县级,5,4,5,565656,16790,"(14480.0, 17855.0]"
创元能源有限责任公司006513,9.13613421e+017,0,,,6,7,7,6767,32360,"(31471.0, 35000.0]"
联创智能有限责任公司006514,9.1372492928e+017,1,1,,6,7,6,-3434545,19820,"(17855.0, 21364.0]"
鼎盛生物股份有限公司006515,9.1349589013e+017,1,1,国家级,7,,3,565,18950,"(17855.0, 21364.0]"
远航食品有限公司006516,9.13234e+017,,0,国家级,5,2,6,6767,6650,"(3780.0, 7370.0]"
华信信息有限公司006517,9.13434825e+017,1,1,省级,5,2,6,565,33880,"(31471.0, 35000.0]"
博雅网络集团有限公司006518,9.1399852911667927e+017,0,0,国家级,2,,7,6767,13470,"(10954.0, 14480.0]"
远航材料有限公司006519,9.13154e+017,1,0,,5,1,2,-2323432,11310,"(10954.0, 14480.0]"
汇通建设股份有限公司006520,9.13903985377e+017,0,0,,3,6,7,5656,31510,"(31471.0, 35000.0]"
启明建设有限责任公司006521,9.1329229549573356e+017,0,0,市级,2,5,4,5656,34060,"(31471.0, 35000.0]"
华信装备有限责任公司006522,9.1398e+017,,1,省级,4,5,2,343434,4930,"(3780.0, 7370.0]"
中原环保有限责任公司006523,9.1309522538706e+017,0,0,国家级,5,7,4,-3434545,31610,"(31471.0, 35000.0]"
联创环保集团有限公司006524,9.1394596436460789e+017,0,1,市级,4,4,1,343434,27490,"(24660.0, 27972.0]"
华信医药股份有限公司006525,9.1308709850e+017,0,1,省级,,,1,-2323432,24640,"(21364.0, 24660.0]"
宏达材料有限公司006526,9.131015110e+017,1,0,,5,6,7,343434,21910,"(21364.0, 24660.0]"
华信医药集团有限公司006527,9.13154543355731e+017,0,0,国家级,5,4,3,6767,34300,"(31471.0, 35000.0]"
金鼎生物有限公司006528,9.130297857421e+017,1,0,国家级,2,7,,565656,12830,"(10954.0, 14480.0]"
星河装备有限公司006529,9.136501058670580e+017,1,1,,3,6,,5656,13860,"(10954.0, 14480.0]"
中原建设有限公司006530,9.13535916e+017,1,0,国家级,4,4,7,5656,8510,"(7370.0, 10954.0]"
博雅机械集团有限公司006531,9.1368826e+017,0,0,省级,,7,4,676767,25520,"(24660.0, 27972.0]"
嘉禾电子有限责任公司006532,9.1381e+017,1,1,国家级,,7,1,6767,5840,"(3780.0, 7370.0]"
盛世能源集团有限公司006533,9.1328011546e+017,1,0,县级,,6,6,5656,11700,"(10954.0, 14480.0]"
汇通生物集团有限公司006534,9.13900468290916e+017,0,1,国家级,6,1,2,5656,2350,"(49.999, 3780.0]"
瑞丰建设集团有限公司006535,9.1373e+017,0,1,省级,,2,5,5656,25910,"(24660.0, 27972.0]"
天成信息有限公司006536,9.1387070721e+017,1,0,国家级,4,4,7,565,29950,"(27972.0, 31471.0]"
金鼎材料有限责任公司006537,9.1321275323398e+017,1,0,国家级,5,6,6,343434,12580,"(10954.0, 14480.0]"
华信环保集团有限公司006538,9.1326e+017,1,0,市级,,1,,-2323432,19990,"(17855.0, 21364.0]"
永泰能源有限公司006539,9.1361531124744343e+017,0,0,市级,5,4,1,343434,29660,"(27972.0, 31471.0]"
瑞丰材料有限公司006540,9.13787353e+017,0,0,省级,5,6,1,565,11100,"(10954.0, 14480.0]"
瑞丰食品集团有限公司006541,9.13661080e+017,1,0,国家级,3,4,,676767,27030,"(24660.0, 27972.0]"
永泰环保集团有限公司006542,9.1374e+017,1,,县级,,,3,5656,1110,"(49.999, 3780.0]"
天成网络集团有限公司006543,9.135054726097e+017,0,1,国家级,3,,7,565656,2480,"(49.999, 3780.0]"
盛世信息有限公司006544,9.13123223644549e+017,1,0,,4,4,2,676767,3200,"(49.999, 3780.0]"
创元材料有限责任公司006545,9.1351482750641e+017,0,1,国家级,7,5,3,5656,34580,"(31471.0, 35000.0]"
瑞丰智能集团有限公司006546,9.1302e+017,0,1,国家级,6,2,5,565,24880,"(24660.0, 27972.0]"
瑞丰机械有限责任公司006547,9.13685175e+017,1,1,县级,,4,7,676767,23550,"(21364.0, 24660.0]"
启明材料集团有限公司006548,9.1377521752666e+017,1,1,县级,2,2,4,565656,24460,"(21364.0, 24660.0]"
汇通食品有限公司006549,9.1327664100585268e+017,0,,县级,6,1,1,343434,6070,"(3780.0, 7370.0]"
华泰信息股份有限公司006550,9.136247945e+017,0,1,国家级,1,5,5,565,8690,"(7370.0, 10954.0]"
鼎盛医药股份有限公司006551,9.1313338198e+017,0,1,,,5,5,5656,8110,"(7370.0, 10954.0]"
联创环保集团有限公司006552,9.1349e+017,,0,国家级,1,7,5,343434,18950,"(17855.0, 21364.0]"
瑞丰智能有限责任公司006553,9.1328356e+017,1,1,,2,6,5,-2323432,15250,"(14480.0, 17855.0]"
金鼎电子有限责任公司006554,9.1367516004595e+017,0,0,国家级,3,,6,6767,19130,"(17855.0, 21364.0]"
博雅化工股份有限公司006555,9.13626968269e+017,1,1,省级,4,7,7,565,23850,"(21364.0, 24660.0]"
华泰能源有限责任公司006556,9.135203559248e+017,0,0,县级,7,3,6,565,27050,"(24660.0, 27972.0]"
嘉禾化工有限责任公司006557,9.13790956e+017,1,0,国家级,,,7,565,7450,"(7370.0, 10954.0]"
远航能源集团有限公司006558,9.13415e+017,,1,省级,6,3,,565656,7780,"(7370.0, 10954.0]"
启明生物股份有限公司006559,9.13654278551e+017,0,1,市级,3,5,2,676767,33110,"(31471.0, 35000.0]"
永泰生物集团有限公司006560,9.131819363586e+017,0,1,县级,,3,1,5656,16220,"(14480.0, 17855.0]"
星河纺织有限公司006561,9.13101497e+017,1,0,县级,4,3,4,-3434545,12810,"(10954.0, 14480.0]"
金鼎生物股份有限公司006562,9.13166933498843e+017,1,1,省级,2,2,6,565656,29290,"(27972.0, 31471.0]"
鼎盛装备集团有限公司006563,9.13439e+017,0,0,,6,3,5,-3434545,23630,"(21364.0, 24660.0]"
联创电子股份有限公司006564,9.13222289e+017,0,0,省级,3,4,1,6767,9660,"(7370.0, 10954.0]"
中原食品集团有限公司006565,9.1387291e+017,0,,省级,7,7,1,6767,12280,"(10954.0, 14480.0]"
宏达装备有限责任公司006566,9.1356986972006e+017,0,0,省级,6,6,1,-2323432,7730,"(7370.0, 10954.0]"
远航能源有限责任公司006567,9.1382707e+017,1,1,省级,6,5,,676767,11810,"(10954.0, 14480.0]"
天成机械集团有限公司006568,9.136902e+017,1,,国家级,1,4,5,676767,34920,"(31471.0, 35000.0]"
博雅科技股份有限公司006569,9.135402e+017,1,0,县级,6,3,,343434,22260,"(21364.0, 24660.0]"
华泰材料股份有限公司006570,9.1308215e+017,0,,市级,2,4,4,565,25280,"(24660.0, 27972.0]"
联创化工股份有限公司006571,9.1309589855e+017,0,1,,6,3,7,5656,17430,"(14480.0, 17855.0]"
汇通建设股份有限公司006572,9.13282e+017,,0,县级,,2,3,565,20760,"(17855.0, 21364.0]"
星河物流有限责任公司006573,9.1395312775779453e+017,0,0,国家级,,1,7,6767,17210,"(14480.0, 17855.0]"
永泰贸易集团有限公司006574,9.138064388564594e+017,1,0,国家级,,1,5,5656,25800,"(24660.0, 27972.0]"
鼎盛食品有限责任公司006575,9.1369118e+017,1,0,国家级,1,6,5,5656,25030,"(24660.0, 27972.0]"
盛世智能股份有限公司006576,9.13474849643e+017,0,0,,4,1,5,565656,26850,"(24660.0, 27972.0]"
汇通网络股份有限公司006577,9.1347895693132036e+017,0,1,省级,6,4,4,6767,32000,"(31471.0, 35000.0]"
汇通生物有限公司006578,9.1395891317e+017,1,0,省级,,,5,5656,24060,"(21364.0, 24660.0]"
嘉禾能源有限责任公司006579,9.1300666966267e+017,,1,,4,1,3,6767,33030,"(31471.0, 35000.0]"
瑞丰装备有限公司006580,9.13326e+017,1,0,国家级,2,7,,6767,26170,"(24660.0, 27972.0]"
华信能源有限公司006581,9.13160105818730e+017,1,1,国家级,6,3,2,-2323432,9250,"(7370.0, 10954.0]"
金鼎能源有限公司006582,9.13127999651532e+017,1,,国家级,3,,3,343434,28390,"(27972.0, 31471.0]"
嘉禾网络集团有限公司006583,9.13944e+017,1,1,省级,4,5,7,-2323432,19220,"(17855.0, 21364.0]"
创元科技集团有限公司006584,9.1307206737e+017,0,1,省级,1,,6,-3434545,31210,"(27972.0, 31471.0]"
嘉禾能源股份有限公司006585,9.13128e+017,1,1,市级,1,1,5,5656,34370,"(31471.0, 35000.0]"
天成智能有限责任公司006586,9.1350590779575351e+017,0,1,国家级,6,,5,676767,27730,"(24660.0, 27972.0]"
盛世纺织有限责任公司006587,9.135782e+017,,0,省级,6,4,2,343434,31560,"(31471.0, 35000.0]"
鼎盛电子有限责任公司006588,9.13017857811297e+017,,1,国家级,6,7,5,6767,19190,"(17855.0, 21364.0]"
中原能源集团有限公司006589,9.139598278099e+017,1,1,市级,7,3,4,6767,23510,"(21364.0, 24660.0]"
瑞丰化工有限公司006590,9.13937931106009e+017,1,1,市级,5,4,1,676767,14260,"(10954.0, 14480.0]"
华泰纺织集团有限公司006591,9.134356427550751e+017,1,1,县级,4,5,,6767,20450,"(17855.0, 21364.0]"
天成材料集团有限公司006592,9.130927768e+017,1,0,国家级,4,6,,-2323432,29840,"(27972.0, 31471.0]"
博雅机械有限公司006593,9.137364971186e+017,0,,省级,6,7,4,565,34640,"(31471.0, 35000.0]"
星河物流集团有限公司006594,9.13992e+017,,0,县级,5,1,1,5656,31130,"(27972.0, 31471.0]"
博雅纺织有限公司006595,9.135029326573746e+017,0,0,县级,6,7,,565,23430,"(21364.0, 24660.0]"
启明智能有限责任公司006596,9.1301243896021298e+017,0,0,市级,,4,3,676767,27420,"(24660.0, 27972.0]"
远航智能集团有限公司006597,9.138563e+017,0,0,县级,5,,3,343434,16130,"(14480.0, 17855.0]"
联创贸易有限公司006598,9.1382922644427e+017,,0,省级,6,5,6,-2323432,33190,"(31471.0, 35000.0]"
星河环保集团有限公司006599,9.13367272812108e+017,1,1,市级,3,5,,-3434545,33670,"(31471.0, 35000.0]"
永泰材料集团有限公司006600,9.1395900123501996e+017,0,1,省级,7,3,6,565656,26480,"(24660.0, 27972.0]"
启明物流有限责任公司006601,9.1366591009313e+017,0,1,,6,4,2,5656,24670,"(24660.0, 27972.0]"
启明科技股份有限公司006602,9.13353e+017,0,0,市级,,,,-2323432,860,"(49.999, 3780.0]"
盛世网络集团有限公司006603,9.136025357781e+017,1,0,国家级,,3,1,565,29300,"(27972.0, 31471.0]"
瑞丰材料有限公司006604,9.13631008541e+017,1,1,国家级,4,5,4,565,20230,"(17855.0, 21364.0]"
联创科技集团有限公司006605,9.1377150172717e+017,,1,省级,6,5,7,343434,29100,"(27972.0, 31471.0]"
华泰科技集团有限公司006606,9.13231636704e+017,,0,市级,7,2,5,6767,28360,"(27972.0, 31471.0]"
星河纺织集团有限公司006607,9.139444e+017,0,1,国家级,4,4,,6767,3000,"(49.999, 3780.0]"
瑞丰科技股份有限公司006608,9.137397116120364e+017,1,0,市级,7,,6,565656,16260,"(14480.0, 17855.0]"
盛世生物有限公司006609,9.1334280534e+017,1,1,国家级,4,7,2,343434,10320,"(7370.0, 10954.0]"
星河材料有限责任公司006610,9.1354067452706915e+017,1,0,县级,,7,7,343434,7330,"(3780.0, 7370.0]"
永泰化工有限责任公司006611,9.135095251e+017,0,,国家级,4,4,7,565656,21910,"(21364.0, 24660.0]"
汇通能源集团有限公司006612,9.13500969315972e+017,0,1,市级,6,2,1,343434,26420,"(24660.0, 27972.0]"
联创食品有限责任公司006613,9.135220e+017,1,1,省级,2,6,5,565656,33960,"(31471.0, 35000.0]"
华泰装备集团有限公司006614,9.13068115733e+017,0,0,市级,,3,6,676767,13140,"(10954.0, 14480.0]"
天成纺织集团有限公司006615,9.135715920e+017,0,0,国家级,,4,,6767,17980,"(17855.0, 21364.0]"
嘉禾材料有限公司006616,9.13135e+017,0,0,国家级,1,4,2,343434,21180,"(17855.0, 21364.0]"
永泰装备股份有限公司006617,9.1385e+017,0,1,省级,6,5,,5656,26930,"(24660.0, 27972.0]"
远航建设有限责任公司006618,9.13483e+017,1,1,国家级,6,7,,565656,25900,"(24660.0, 27972.0]"
宏达智能有限责任公司006619,9.13504e+017,0,0,市级,4,7,7,565656,3020,"(49.999, 3780.0]"
金鼎物流股份有限公司006620,9.1301e+017,0,1,市级,7,1,6,565656,7330,"(3780.0, 7370.0]"
启明纺织集团有限公司006621,9.13291020e+017,0,0,市级,2,5,6,565656,9750,"(7370.0, 10954.0]"
联创纺织有限责任公司006622,9.132151236458e+017,1,1,市级,4,5,6,5656,15070,"(14480.0, 17855.0]"
金鼎环保集团有限公司006623,9.1339911656e+017,0,0,,7,1,6,-2323432,1910,"(49.999, 3780.0]"
华泰装备股份有限公司006624,9.134336097117152e+017,1,0,省级,2,1,7,565,28240,"(27972.0, 31471.0]"
宏达能源股份有限公司006625,9.135199161298770e+017,0,1,国家级,4,,5,565,3240,"(49.999, 3780.0]"
联创物流有限责任公司006626,9.1308575930095592e+017,1,0,市级,6,7,7,565656,1720,"(49.999, 3780.0]"
华泰装备有限公司006627,9.13540e+017,1,1,国家级,5,4,7,6767,16300,"(14480.0, 17855.0]"
启明化工有限责任公司006628,9.1354074052723532e+017,0,0,市级,5,1,6,565,32220,"(31471.0, 35000.0]"
启明食品有限公司006629,9.1364193829530615e+017,1,0,市级,1,1,1,-2323432,8790,"(7370.0, 10954.0]"
华泰建设集团有限公司006630,9.1384925503e+017,1,0,,5,5,3,-2323432,34310,"(31471.0, 35000.0]"
联创生物有限公司006631,9.1377498463975e+017,1,0,,2,6,,-2323432,30750,"(27972.0, 31471.0]"
宏达信息集团有限公司006632,9.13576680078574e+017,1,0,县级,7,7,4,343434,24020,"(21364.0, 24660.0]"
启明信息有限责任公司006633,9.1320557058121e+017,0,1,,1,7,7,676767,5820,"(3780.0, 7370.0]"
华信材料股份有限公司006634,9.132126e+017,0,1,国家级,4,2,6,565,1300,"(49.999, 3780.0]"
天成贸易有限责任公司006635,9.1399e+017,1,1,县级,4,,,6767,24820,"(24660.0, 27972.0]"
启明电子股份有限公司006636,9.137836688e+017,,1,,6,2,,6767,25460,"(24660.0, 27972.0]"
启明化工股份有限公司006637,9.1389116527543e+017,0,0,省级,3,3,7,343434,22950,"(21364.0, 24660.0]"
天成医药有限公司006638,9.1394396921239e+017,,0,市级,1,4,,343434,4500,"(3780.0, 7370.0]"
博雅医药有限公司006639,9.13123230098141e+017,1,1,国家级,4,5,1,565,31670,"(31471.0, 35000.0]"
联创医药有限公司006640,9.137692279806e+017,1,0,国家级,3,,6,6767,29710,"(27972.0, 31471.0]"
瑞丰贸易有限责任公司006641,9.13568e+017,,1,县级,2,1,2,5656,27040,"(24660.0, 27972.0]"
盛世纺织有限责任公司006642,9.137903e+017,0,0,国家级,,4,7,-2323432,18310,"(17855.0, 21364.0]"
盛世生物股份有限公司006643,9.1376429095902e+017,,1,国家级,,2,3,565656,4620,"(3780.0, 7370.0]"
瑞丰纺织有限公司006644,9.133475088e+017,0,0,县级,6,7,6,6767,34530,"(31471.0, 35000.0]"
汇通生物有限责任公司006645,9.13379e+017,1,1,县级,1,,5,-3434545,21870,"(21364.0, 24660.0]"
嘉禾环保有限责任公司006646,9.1347043969229952e+017,1,0,省级,4,7,7,-2323432,31090,"(27972.0, 31471.0]"
汇通贸易集团有限公司006647,9.13754e+017,1,1,,2,,2,-3434545,23460,"(21364.0, 24660.0]"
天成电子有限责任公司006648,9.13727180552e+017,0,,省级,,6,3,565,32230,"(31471.0, 35000.0]"
永泰建设集团有限公司006649,9.13636048368e+017,0,,省级,7,5,2,-2323432,34200,"(31471.0, 35000.0]"
远航智能有限公司006650,9.1332221141754e+017,1,1,国家级,6,7,,565656,19310,"(17855.0, 21364.0]"
永泰科技有限责任公司006651,9.134409728e+017,0,1,市级,4,1,4,676767,18510,"(17855.0, 21364.0]"
联创化工有限责任公司006652,9.13588343517e+017,1,0,国家级,4,,6,-2323432,1650,"(49.999, 3780.0]"
金鼎环保有限公司006653,9.13224e+017,1,1,,,3,5,676767,30240,"(27972.0, 31471.0]"
天成贸易股份有限公司006654,9.1313785e+017,1,0,,1,4,,565656,20180,"(17855.0, 21364.0]"
汇通能源有限公司006655,9.13562909369e+017,0,0,市级,6,1,7,565656,14130,"(10954.0, 14480.0]"
远航科技集团有限公司006656,9.13273693e+017,1,0,市级,5,3,,-2323432,16020,"(14480.0, 17855.0]"
博雅贸易股份有限公司006657,9.1384533190489e+017,0,1,市级,5,5,7,6767,8180,"(7370.0, 10954.0]"
博雅食品有限责任公司006658,9.138480549958e+017,1,0,,5,2,6,565656,27740,"(24660.0, 27972.0]"
鼎盛信息集团有限公司006659,9.136110042e+017,1,1,国家级,4,7,7,343434,27790,"(24660.0, 27972.0]"
天成电子有限责任公司006660,9.1335003734e+017,1,1,县级,5,4,7,-2323432,6750,"(3780.0, 7370.0]"
启明机械有限责任公司006661,9.1361447070e+017,1,1,市级,5,7,,565656,24360,"(21364.0, 24660.0]"
联创机械有限公司006662,9.13949554012e+017,1,,省级,6,7,3,565656,19680,"(17855.0, 21364.0]"
金鼎建设有限公司006663,9.1379e+017,,0,县级,4,4,,565656,30170,"(27972.0, 31471.0]"
宏达医药有限公司006664,9.1301546713310903e+017,1,0,县级,4,1,5,-2323432,12880,"(10954.0, 14480.0]"
中原生物有限公司006665,9.135932e+017,0,0,,,4,2,-3434545,33210,"(31471.0, 35000.0]"
宏达生物有限公司006666,9.1307582e+017,1,0,省级,,1,6,565,34860,"(31471.0, 35000.0]"
瑞丰电子有限公司006667,9.131929510937727e+017,1,1,县级,4,4,3,565,31210,"(27972.0, 31471.0]"
远航机械有限公司006668,9.131814e+017,1,0,国家级,6,2,2,343434,24860,"(24660.0, 27972.0]"
启明电子股份有限公司006669,9.13961693514919e+017,0,1,省级,2,1,7,343434,4430,"(3780.0, 7370.0]"
远航生物有限公司006670,9.13990709706e+017,0,0,县级,5,4,,565,1220,"(49.999, 3780.0]"
瑞丰网络股份有限公司006671,9.1333e+017,0,0,县级,5,,6,6767,27330,"(24660.0, 27972.0]"
博雅贸易有限公司006672,9.137708153760e+017,1,0,县级,6,7,4,6767,6140,"(3780.0, 7370.0]"
华信化工集团有限公司006673,9.13250409930673e+017,0,1,市级,6,,2,6767,26870,"(24660.0, 27972.0]"
华泰建设有限公司006674,9.1383216993729819e+017,1,,市级,,3,6,-3434545,23730,"(21364.0, 24660.0]"
金鼎生物股份有限公司006675,9.1320631792e+017,0,0,国家级,1,6,2,565656,6830,"(3780.0, 7370.0]"
瑞丰装备有限公司006676,9.134335978043244e+017,1,,县级,4,2,,565,13050,"(10954.0, 14480.0]"
鼎盛装备有限责任公司006677,9.1329908333e+017,1,0,县级,5,6,,565,13430,"(10954.0, 14480.0]"
鼎盛化工集团有限公司006678,9.1316498772228e+017,0,1,,3,7,6,6767,30460,"(27972.0, 31471.0]"
鼎盛贸易有限责任公司006679,9.13456e+017,0,1,省级,,6,2,-3434545,6890,"(3780.0, 7370.0]"
华信能源股份有限公司006680,9.13993172623822e+017,0,1,市级,7,1,2,5656,25630,"(24660.0, 27972.0]"
创元能源集团有限公司006681,9.13347545538e+017,1,1,国家级,2,1,7,-3434545,28640,"(27972.0, 31471.0]"
华信贸易有限责任公司006682,9.1367442832024e+017,1,,市级,7,2,6,-3434545,4840,"(3780.0, 7370.0]"
远航电子集团有限公司006683,9.1341395472183873e+017,1,0,省级,2,,3,-3434545,18520,"(17855.0, 21364.0]"
华信生物有限公司006684,9.13922e+017,0,1,,3,7,3,565,21160,"(17855.0, 21364.0]"
星河贸易集团有限公司006685,9.1309969957e+017,1,1,省级,6,2,4,565,11960,"(10954.0, 14480.0]"
华泰食品有限公司006686,9.138528070001461e+017,0,0,市级,1,1,3,6767,34160,"(31471.0, 35000.0]"
盛世智能集团有限公司006687,9.13623710035e+017,0,0,县级,4,3,6,343434,9920,"(7370.0, 10954.0]"
宏达能源有限公司006688,9.13026095874e+017,1,0,,6,,7,676767,24090,"(21364.0, 24660.0]"
远航生物集团有限公司006689,9.131773987e+017,0,0,县级,,4,2,565656,13270,"(10954.0, 14480.0]"
鼎盛纺织有限责任公司006690,9.1313976108e+017,0,1,县级,3,7,7,6767,7390,"(7370.0, 10954.0]"
天成科技有限公司006691,9.1340392303621e+017,1,1,县级,3,1,6,565656,9240,"(7370.0, 10954.0]"
鼎盛网络股份有限公司006692,9.137012e+017,1,1,省级,7,2,1,565,1330,"(49.999, 3780.0]"
华信化工有限责任公司006693,9.1334520290487244e+017,1,,市级,4,2,,5656,9880,"(7370.0, 10954.0]"
联创能源股份有限公司006694,9.136127705297362e+017,0,,县级,7,5,,676767,10700,"(7370.0, 10954.0]"
永泰网络有限责任公司006695,9.131758e+017,1,0,,5,3,,676767,23660,"(21364.0, 24660.0]"
盛世科技股份有限公司006696,9.1389498767988e+017,1,1,国家级,2,7,2,-3434545,33850,"(31471.0, 35000.0]"
创元材料有限公司006697,9.1330173242e+017,,0,省级,3,,4,-3434545,18260,"(17855.0, 21364.0]"
盛世机械股份有限公司006698,9.1312217e+017,0,1,,4,,7,-3434545,8890,"(7370.0, 10954.0]"
星河机械有限责任公司006699,9.134844763e+017,,1,县级,7,2,6,343434,14050,"(10954.0, 14480.0]"
华泰电子股份有限公司006700,9.139317282e+017,1,1,市级,,5,7,565,10760,"(7370.0, 10954.0]"
嘉禾机械集团有限公司006701,9.1382604836e+017,0,0,省级,7,1,2,5656,32700,"(31471.0, 35000.0]"
盛世智能集团有限公司006702,9.13711392849e+017,1,1,市级,4,,6,343434,19120,"(17855.0, 21364.0]"
天成生物集团有限公司006703,9.1305090e+017,0,0,市级,,5,,343434,13100,"(10954.0, 14480.0]"
华信化工有限公司006704,9.13679422004e+017,1,0,市级,6,4,2,6767,22380,"(21364.0, 24660.0]"
华信医药有限公司006705,9.1375252e+017,0,0,市级,3,6,6,676767,16060,"(14480.0, 17855.0]"
远航装备集团有限公司006706,9.13893088e+017,0,,省级,6,4,,343434,17720,"(14480.0, 17855.0]"
博雅食品有限公司006707,9.13119185677514e+017,0,0,县级,1,,5,5656,17640,"(14480.0, 17855.0]"
博雅贸易有限公司006708,9.131272576785997e+017,1,1,省级,7,5,,-3434545,15380,"(14480.0, 17855.0]"
联创科技股份有限公司006709,9.1388239e+017,0,1,市级,,4,7,6767,25900,"(24660.0, 27972.0]"
盛世环保有限责任公司006710,9.13829131930e+017,0,0,,7,7,,676767,32550,"(31471.0, 35000.0]"
启明纺织集团有限公司006711,9.1331823571510697e+017,1,1,省级,7,1,7,-3434545,25320,"(24660.0, 27972.0]"
天成化工有限公司006712,9.1353678697361458e+017,1,0,市级,2,4,4,565,6430,"(3780.0, 7370.0]"
联创环保集团有限公司006713,9.13915882711431e+017,1,0,,5,1,,565,28330,"(27972.0, 31471.0]"
创元网络有限责任公司006714,9.130955191037203e+017,0,0,国家级,1,4,4,5656,34290,"(31471.0, 35000.0]"
星河材料股份有限公司006715,9.13256e+017,,0,国家级,6,5,2,565,23750,"(21364.0, 24660.0]"
华泰装备有限责任公司006716,9.13396379159e+017,1,1,省级,6,6,7,5656,31010,"(27972.0, 31471.0]"
华信机械有限公司006717,9.13215016757747e+017,0,0,国家级,1,2,7,676767,600,"(49.999, 3780.0]"
启明材料集团有限公司006718,9.13654910487e+017,0,0,省级,,4,3,676767,26320,"(24660.0, 27972.0]"
汇通电子股份有限公司006719,9.1381e+017,0,1,县级,7,6,1,-2323432,12740,"(10954.0, 14480.0]"
永泰建设股份有限公司006720,9.1312704113111e+017,0,0,国家级,6,,4,-3434545,22870,"(21364.0, 24660.0]"
瑞丰生物股份有限公司006721,9.1381973767e+017,,0,国家级,,,3,-2323432,25950,"(24660.0, 27972.0]"
创元信息有限责任公司006722,9.1311958469597e+017,,0,省级,5,6,6,676767,3030,"(49.999, 3780.0]"
汇通能源有限责任公司006723,9.13645462986044e+017,0,0,,,1,,676767,2400,"(49.999, 3780.0]"
嘉禾贸易股份有限公司006724,9.1301392e+017,1,,国家级,1,3,2,343434,13380,"(10954.0, 14480.0]"
嘉禾电子股份有限公司006725,9.13858368893252e+017,0,1,省级,3,3,2,5656,27050,"(24660.0, 27972.0]"
创元网络集团有限公司006726,9.132501e+017,0,1,国家级,,4,,-3434545,5150,"(3780.0, 7370.0]"
创元能源集团有限公司006727,9.1326e+017,0,1,县级,7,7,7,-3434545,30040,"(27972.0, 31471.0]"
创元能源股份有限公司006728,9.1379749978233327e+017,1,1,县级,6,7,1,565,130,"(49.999, 3780.0]"
宏达装备股份有限公司006729,9.136445e+017,1,1,县级,4,7,3,6767,24480,"(21364.0, 24660.0]"
博雅生物有限公司006730,9.1311e+017,1,0,,1,4,3,676767,29410,"(27972.0, 31471.0]"
嘉禾装备有限责任公司006731,9.13213724762e+017,1,0,县级,7,2,4,565,31530,"(31471.0, 35000.0]"
创元机械有限公司006732,9.1394215051807463e+017,0,1,国家级,7,2,1,565656,30210,"(27972.0, 31471.0]"
创元物流有限公司006733,9.1300667058856e+017,1,0,市级,4,7,7,676767,25580,"(24660.0, 27972.0]"
天成食品集团有限公司006734,9.138661618644e+017,0,0,省级,,5,7,6767,30610,"(27972.0, 31471.0]"
鼎盛贸易集团有限公司006735,9.13645815e+017,,0,省级,1,4,6,-3434545,27910,"(24660.0, 27972.0]"
启明装备股份有限公司006736,9.1331709884453e+017,0,1,省级,5,3,5,-3434545,10490,"(7370.0, 10954.0]"
远航生物股份有限公司006737,9.1390385267070e+017,0,1,县级,1,4,6,565,2500,"(49.999, 3780.0]"
瑞丰材料集团有限公司006738,9.13743869751e+017,0,0,,1,6,1,565656,13110,"(10954.0, 14480.0]"
启明科技集团有限公司006739,9.130055734e+017,,0,县级,4,6,1,565656,14580,"(14480.0, 17855.0]"
启明建设有限公司006740,9.1303376e+017,0,0,县级,3,3,7,565656,16320,"(14480.0, 17855.0]"
星河机械集团有限公司006741,9.13321655e+017,0,0,市级,,7,7,676767,14300,"(10954.0, 14480.0]"
华泰化工有限责任公司006742,9.133527460e+017,1,0,省级,6,2,6,565656,19840,"(17855.0, 21364.0]"
鼎盛纺织有限责任公司006743,9.13350299045e+017,1,1,,,4,,5656,5350,"(3780.0, 7370.0]"
瑞丰纺织集团有限公司006744,9.13321025290706e+017,0,1,省级,,7,4,343434,23900,"(21364.0, 24660.0]"
盛世能源有限公司006745,9.1330207e+017,0,,县级,4,1,1,565,18820,"(17855.0, 21364.0]"
中原纺织股份有限公司006746,9.1384778e+017,,1,国家级,3,,4,343434,21430,"(21364.0, 24660.0]"
启明智能股份有限公司006747,9.1372346500403e+017,0,1,县级,4,2,5,343434,14510,"(14480.0, 17855.0]"
永泰电子有限公司006748,9.1311258652e+017,1,,县级,4,1,5,-2323432,12070,"(10954.0, 14480.0]"
远航食品有限责任公司006749,9.1369459806176326e+017,1,0,国家级,6,1,1,6767,31420,"(27972.0, 31471.0]"
嘉禾信息有限公司006750,9.13298e+017,0,1,,,1,,-2323432,13910,"(10954.0, 14480.0]"
远航纺织集团有限公司006751,9.13424e+017,1,0,国家级,3,3,5,6767,6560,"(3780.0, 7370.0]"
天成食品集团有限公司006752,9.137591e+017,0,0,,4,5,1,-3434545,26810,"(24660.0, 27972.0]"
创元化工有限责任公司006753,9.1348e+017,1,0,县级,3,6,3,-3434545,31470,"(27972.0, 31471.0]"
天成材料有限责任公司006754,9.1324078180411208e+017,0,,省级,6,1,1,-3434545,31690,"(31471.0, 35000.0]"
华泰生物集团有限公司006755,9.13316e+017,1,0,省级,7,7,6,565656,16000,"(14480.0, 17855.0]"
远航电子有限责任公司006756,9.130474179154e+017,,0,,4,,2,565,1930,"(49.999, 3780.0]"
中原纺织有限责任公司006757,9.130550e+017,0,0,县级,6,3,4,5656,11580,"(10954.0, 14480.0]"
盛世医药集团有限公司006758,9.134089939409e+017,0,0,县级,5,7,1,6767,12210,"(10954.0, 14480.0]"
金鼎化工集团有限公司006759,9.1301621e+017,0,0,省级,6,,4,565656,28780,"(27972.0, 31471.0]"
远航信息有限公司006760,9.130359560e+017,1,0,,2,,2,-2323432,5860,"(3780.0, 7370.0]"
鼎盛机械有限责任公司006761,9.1384e+017,,0,县级,,,1,343434,16050,"(14480.0, 17855.0]"
瑞丰贸易有限责任公司006762,9.1329e+017,0,1,省级,5,1,3,565656,31770,"(31471.0, 35000.0]"
瑞丰纺织有限责任公司006763,9.1354767658053e+017,0,1,市级,7,,2,676767,13450,"(10954.0, 14480.0]"
瑞丰智能有限责任公司006764,9.133139871988699e+017,0,0,县级,5,6,6,6767,12210,"(10954.0, 14480.0]"
鼎盛机械集团有限公司006765,9.1349933540208546e+017,1,1,市级,7,4,7,343434,14590,"(14480.0, 17855.0]"
中原环保有限责任公司006766,9.1300791767343e+017,1,0,国家级,2,2,3,-3434545,33680,"(31471.0, 35000.0]"
华信食品集团有限公司006767,9.138354937e+017,1,1,县级,,6,7,-3434545,2030,"(49.999, 3780.0]"
天成贸易有限责任公司006768,9.132721810175e+017,1,0,省级,3,7,1,-3434545,4310,"(3780.0, 7370.0]"
汇通科技有限公司006769,9.13272007450e+017,1,1,市级,1,7,1,5656,12900,"(10954.0, 14480.0]"
永泰信息有限责任公司006770,9.13691401e+017,0,0,省级,6,6,6,6767,15560,"(14480.0, 17855.0]"
创元化工有限公司006771,9.1322e+017,0,0,省级,5,2,7,-3434545,16300,"(14480.0, 17855.0]"
瑞丰医药股份有限公司006772,9.1332e+017,,1,省级,5,4,,5656,13990,"(10954.0, 14480.0]"
华泰化工集团有限公司006773,9.13097427350034e+017,0,,国家级,4,4,3,565656,27660,"(24660.0, 27972.0]"
宏达医药集团有限公司006774,9.13017845e+017,0,0,省级,,2,1,5656,1600,"(49.999, 3780.0]"
金鼎化工有限责任公司006775,9.1312140009730651e+017,0,0,,5,5,3,-2323432,6620,"(3780.0, 7370.0]"
中原生物股份有限公司006776,9.1332381221018e+017,1,1,县级,6,1,4,565656,21120,"(17855.0, 21364.0]"
汇通化工集团有限公司006777,9.134002e+017,1,,省级,,4,,565,23530,"(21364.0, 24660.0]"
盛世纺织股份有限公司006778,9.137250261289e+017,0,0,,3,,,676767,7610,"(7370.0, 10954.0]"
华泰纺织集团有限公司006779,9.1351982490081689e+017,0,0,国家级,,3,2,-2323432,150,"(49.999, 3780.0]"
华泰物流股份有限公司006780,9.1364743958285e+017,1,1,,2,1,1,-2323432,21790,"(21364.0, 24660.0]"
华泰能源有限公司006781,9.137856078e+017,1,1,县级,,7,2,676767,24720,"(24660.0, 27972.0]"
汇通智能有限责任公司006782,9.13698712594e+017,0,0,市级,3,2,3,6767,15290,"(14480.0, 17855.0]"
金鼎环保有限公司006783,9.1388006651977e+017,1,1,,3,,4,565656,26670,"(24660.0, 27972.0]"
宏达物流集团有限公司006784,9.130902299039e+017,1,0,国家级,6,,1,-3434545,13070,"(10954.0, 14480.0]"
博雅电子有限责任公司006785,9.13872799435e+017,1,0,,,5,3,6767,5000,"(3780.0, 7370.0]"
联创智能有限责任公司006786,9.139537908e+017,,,省级,6,6,2,6767,19750,"(17855.0, 21364.0]"
汇通智能有限公司006787,9.1349e+017,,0,市级,3,1,7,565656,1780,"(49.999, 3780.0]"
中原装备股份有限公司006788,9.1399073e+017,1,1,,,,,565656,14900,"(14480.0, 17855.0]"
博雅能源有限责任公司006789,9.1349232e+017,,1,县级,7,7,2,6767,2050,"(49.999, 3780.0]"
盛世电子股份有限公司006790,9.1313065306431e+017,0,0,县级,5,3,7,-3434545,12600,"(10954.0, 14480.0]"
嘉禾物流集团有限公司006791,9.136077593780e+017,1,0,县级,,3,,5656,9150,"(7370.0, 10954.0]"
嘉禾机械有限公司006792,9.1353276e+017,0,0,,1,,7,565,16940,"(14480.0, 17855.0]"
宏达智能有限责任公司006793,9.1312e+017,0,0,国家级,6,1,2,676767,33770,"(31471.0, 35000.0]"
启明贸易有限责任公司006794,9.13652554462e+017,1,0,省级,2,3,5,-2323432,1530,"(49.999, 3780.0]"
瑞丰网络有限责任公司006795,9.131393280e+017,1,0,省级,2,2,3,-3434545,9520,"(7370.0, 10954.0]"
启明信息集团有限公司006796,9.1306e+017,0,1,省级,6,2,5,676767,33330,"(31471.0, 35000.0]"
中原智能股份有限公司006797,9.131843316911e+017,0,0,,1,7,7,-3434545,21110,"(17855.0, 21364.0]"
天成纺织集团有限公司006798,9.13399214402007e+017,1,0,县级,7,3,5,565,14990,"(14480.0, 17855.0]"
瑞丰机械集团有限公司006799,9.1305114450e+017,1,0,市级,1,2,6,565,27430,"(24660.0, 27972.0]"
远航食品有限公司006800,9.13146670217e+017,1,1,国家级,6,6,5,343434,34160,"(31471.0, 35000.0]"
金鼎贸易有限公司006801,9.135696425141175e+017,0,0,市级,7,5,2,-3434545,25780,"(24660.0, 27972.0]"
盛世机械集团有限公司006802,9.1390e+017,1,0,市级,1,1,,565656,2850,"(49.999, 3780.0]"
华泰科技有限责任公司006803,9.13870e+017,0,0,市级,2,5,1,5656,18790,"(17855.0, 21364.0]"
汇通贸易有限责任公司006804,9.1314164574e+017,0,,县级,1,,4,5656,31880,"(31471.0, 35000.0]"
中原材料集团有限公司006805,9.139076433071381e+017,1,0,,1,3,5,6767,10380,"(7370.0, 10954.0]"
华泰环保股份有限公司006806,9.13217076373e+017,0,1,县级,3,,5,6767,27660,"(24660.0, 27972.0]"
鼎盛物流股份有限公司006807,9.13458059926530e+017,1,1,,1,2,2,-2323432,9460,"(7370.0, 10954.0]"
远航装备有限责任公司006808,9.13140640e+017,0,1,市级,2,3,6,5656,5000,"(3780.0, 7370.0]"
远航生物有限公司006809,9.1343e+017,,0,县级,7,1,4,5656,33100,"(31471.0, 35000.0]"
汇通智能有限公司006810,9.1308125346948e+017,1,0,国家级,,6,1,343434,4070,"(3780.0, 7370.0]"
华泰智能有限公司006811,9.13567e+017,0,1,国家级,3,4,4,676767,20770,"(17855.0, 21364.0]"
鼎盛信息有限责任公司006812,9.1334814172203564e+017,1,0,县级,,5,3,5656,13300,"(10954.0, 14480.0]"
瑞丰能源有限责任公司006813,9.1308e+017,0,,省级,6,1,1,-3434545,3060,"(49.999, 3780.0]"
宏达医药股份有限公司006814,9.1335081e+017,1,1,市级,2,1,,343434,18860,"(17855.0, 21364.0]"
星河物流集团有限公司006815,9.131927805088589e+017,0,1,县级,3,4,,343434,19430,"(17855.0, 21364.0]"
宏达机械有限责任公司006816,9.1317479398918767e+017,0,0,省级,,,7,565656,26740,"(24660.0, 27972.0]"
永泰食品集团有限公司006817,9.133145e+017,1,,市级,7,3,3,565656,23310,"(21364.0, 24660.0]"
博雅生物有限责任公司006818,9.13006866e+017,0,1,市级,6,5,6,-3434545,27130,"(24660.0, 27972.0]"
联创信息集团有限公司006819,9.1318813927919e+017,,1,,5,6,2,5656,11160,"(10954.0, 14480.0]"
汇通信息股份有限公司006820,9.1382511981e+017,1,0,市级,6,6,4,565,33210,"(31471.0, 35000.0]"
永泰建设有限责任公司006821,9.13785742755072e+017,1,1,市级,1,6,4,565,18500,"(17855.0, 21364.0]"
星河医药股份有限公司006822,9.134247e+017,1,1,省级,2,4,5,5656,34600,"(31471.0, 35000.0]"
联创食品股份有限公司006823,9.13077028e+017,0,1,市级,,4,3,343434,21940,"(21364.0, 24660.0]"
华泰生物集团有限公司006824,9.13938199242800e+017,0,0,市级,1,3,4,676767,14820,"(14480.0, 17855.0]"
汇通化工集团有限公司006825,9.134630e+017,1,0,,2,2,1,565656,15290,"(14480.0, 17855.0]"
鼎盛装备股份有限公司006826,9.130409927e+017,1,0,县级,2,2,5,676767,11060,"(10954.0, 14480.0]"
创元物流集团有限公司006827,9.13298803e+017,1,0,,2,2,6,6767,32370,"(31471.0, 35000.0]"
星河环保有限责任公司006828,9.132669030950187e+017,1,1,国家级,3,7,3,343434,24660,"(21364.0, 24660.0]"
远航贸易集团有限公司006829,9.1316281116834e+017,1,1,,4,5,3,343434,16370,"(14480.0, 17855.0]"
华信材料有限公司006830,9.13483350e+017,1,0,县级,6,5,4,565,8970,"(7370.0, 10954.0]"
鼎盛智能有限责任公司006831,9.13085e+017,,0,省级,4,3,2,-3434545,12190,"(10954.0, 14480.0]"
博雅材料集团有限公司006832,9.1380987949e+017,0,1,市级,2,6,6,-3434545,20800,"(17855.0, 21364.0]"
天成物流有限责任公司006833,9.13382e+017,1,1,省级,4,4,,-2323432,12220,"(10954.0, 14480.0]"
天成智能股份有限公司006834,9.13110955101e+017,1,1,省级,2,,5,-2323432,30290,"(27972.0, 31471.0]"
天成智能有限责任公司006835,9.1342521e+017,0,0,国家级,5,2,6,565,1670,"(49.999, 3780.0]"
汇通物流股份有限公司006836,9.13666489126e+017,1,0,国家级,1,2,5,-3434545,29890,"(27972.0, 31471.0]"
创元物流有限公司006837,9.1354602931e+017,1,0,市级,2,5,2,565,30570,"(27972.0, 31471.0]"
永泰贸易有限公司006838,9.134720e+017,0,,国家级,1,,7,-2323432,220,"(49.999, 3780.0]"
博雅能源有限公司006839,9.136298e+017,0,0,,1,6,,565,8920,"(7370.0, 10954.0]"
鼎盛科技集团有限公司006840,9.1359239e+017,1,,,7,7,1,5656,20150,"(17855.0, 21364.0]"
天成智能有限责任公司006841,9.1396629600137548e+017,,1,省级,4,5,5,5656,10390,"(7370.0, 10954.0]"
盛世科技股份有限公司006842,9.1375224675939965e+017,1,0,,,7,2,-2323432,30070,"(27972.0, 31471.0]"
星河食品集团有限公司006843,9.13074934081140e+017,1,0,市级,7,6,5,-3434545,33530,"(31471.0, 35000.0]"
华泰医药有限责任公司006844,9.13490e+017,0,1,,4,7,5,5656,14470,"(10954.0, 14480.0]"
华信物流有限公司006845,9.137865e+017,1,1,,7,,2,5656,25210,"(24660.0, 27972.0]"
中原建设集团有限公司006846,9.13376736e+017,0,,市级,1,1,5,343434,34200,"(31471.0, 35000.0]"
远航能源有限公司006847,9.1389764e+017,0,0,县级,,,6,5656,1030,"(49.999, 3780.0]"
远航电子有限公司006848,9.13244e+017,0,1,,,4,7,565656,20930,"(17855.0, 21364.0]"
金鼎网络有限公司006849,9.137865550139665e+017,0,0,县级,1,3,6,-2323432,18270,"(17855.0, 21364.0]"
华泰贸易有限责任公司006850,9.1304688968767365e+017,0,1,市级,,4,2,343434,19550,"(17855.0, 21364.0]"
华信装备股份有限公司006851,9.1339231e+017,1,1,省级,,,1,676767,15770,"(14480.0, 17855.0]"
宏达物流集团有限公司006852,9.13047392e+017,1,1,市级,4,5,6,-3434545,20920,"(17855.0, 21364.0]"
华泰网络集团有限公司006853,9.1353760e+017,0,1,县级,5,5,,676767,27850,"(24660.0, 27972.0]"
盛世环保有限责任公司006854,9.1332260e+017,0,1,县级,,2,5,5656,7990,"(7370.0, 10954.0]"
联创科技有限公司006855,9.135491e+017,1,0,国家级,4,7,4,-3434545,13670,"(10954.0, 14480.0]"
博雅医药有限责任公司006856,9.13604e+017,0,1,国家级,1,6,3,6767,4930,"(3780.0, 7370.0]"
远航装备有限责任公司006857,9.13668357195e+017,0,1,市级,6,,7,-3434545,6170,"(3780.0, 7370.0]"
汇通网络股份有限公司006858,9.135193845843538e+017,0,1,,1,6,2,565,34470,"(31471.0, 35000.0]"
永泰物流股份有限公司006859,9.1335514284e+017,0,1,县级,,3,6,6767,31210,"(27972.0, 31471.0]"
中原机械有限责任公司006860,9.1308e+017,1,0,省级,,2,1,-2323432,2330,"(49.999, 3780.0]"
华信医药有限责任公司006861,9.13119042e+017,1,0,市级,6,7,5,343434,25450,"(24660.0, 27972.0]"
远航网络集团有限公司006862,9.130534435271e+017,0,0,国家级,5,4,1,676767,16690,"(14480.0, 17855.0]"
星河贸易股份有限公司006863,9.135040655e+017,0,0,省级,1,5,5,676767,30670,"(27972.0, 31471.0]"
汇通机械集团有限公司006864,9.1365920e+017,0,1,县级,7,,7,565,33870,"(31471.0, 35000.0]"
嘉禾电子有限责任公司006865,9.1313625773375e+017,0,0,省级,6,1,4,343434,32560,"(31471.0, 35000.0]"
中原纺织有限责任公司006866,9.131702901753083e+017,1,0,国家级,5,2,2,565656,13240,"(10954.0, 14480.0]"
中原医药有限责任公司006867,9.13290531551e+017,0,0,县级,1,1,,565,32100,"(31471.0, 35000.0]"
鼎盛纺织股份有限公司006868,9.135731926206725e+017,0,0,,2,2,7,-3434545,13880,"(10954.0, 14480.0]"
华泰物流集团有限公司006869,9.130595096e+017,1,1,省级,6,2,6,-3434545,19020,"(17855.0, 21364.0]"
盛世能源有限责任公司006870,9.13246318418e+017,0,1,省级,3,3,4,565656,4890,"(3780.0, 7370.0]"
华信建设集团有限公司006871,9.1373409024593e+017,1,0,,3,6,,565656,14510,"(14480.0, 17855.0]"
宏达电子集团有限公司006872,9.135519053086e+017,1,,县级,5,2,1,676767,7320,"(3780.0, 7370.0]"
华信食品有限责任公司006873,9.1308809804e+017,1,1,省级,4,5,5,676767,5310,"(3780.0, 7370.0]"
天成环保有限责任公司006874,9.130406e+017,0,0,国家级,7,2,3,565656,20660,"(17855.0, 21364.0]"
金鼎能源股份有限公司006875,9.1354e+017,1,1,县级,6,7,,676767,20490,"(17855.0, 21364.0]"
天成医药股份有限公司006876,9.1323191310802e+017,0,0,市级,2,7,3,5656,16930,"(14480.0, 17855.0]"
华泰机械有限责任公司006877,9.13078622870115e+017,1,0,国家级,3,,3,676767,1530,"(49.999, 3780.0]"
创元化工集团有限公司006878,9.13335497060020e+017,1,1,国家级,4,6,7,676767,32160,"(31471.0, 35000.0]"
嘉禾环保有限公司006879,9.1383e+017,1,1,省级,3,4,5,565656,29790,"(27972.0, 31471.0]"
远航纺织股份有限公司006880,9.13994906165346e+017,0,,县级,4,2,5,5656,14050,"(10954.0, 14480.0]"
博雅装备有限公司006881,9.13157665661093e+017,0,1,省级,6,4,5,565,6640,"(3780.0, 7370.0]"
华信化工股份有限公司006882,9.1385711e+017,0,1,省级,4,3,1,343434,33140,"(31471.0, 35000.0]"
汇通信息有限责任公司006883,9.13366864e+017,1,0,省级,,3,1,6767,4160,"(3780.0, 7370.0]"
星河机械股份有限公司006884,9.13329056144e+017,1,1,县级,,4,3,565,22160,"(21364.0, 24660.0]"
创元材料集团有限公司006885,9.13278183011690e+017,0,1,市级,4,4,7,-3434545,17190,"(14480.0, 17855.0]"
中原机械股份有限公司006886,9.13086412318e+017,1,0,省级,,1,7,565,9650,"(7370.0, 10954.0]"
金鼎机械有限责任公司006887,9.13016e+017,0,0,市级,6,,5,-3434545,1750,"(49.999, 3780.0]"
瑞丰食品集团有限公司006888,9.133990437263e+017,0,1,省级,5,,1,565,29480,"(27972.0, 31471.0]"
盛世网络有限公司006889,9.131454308061299e+017,1,1,国家级,,4,2,-3434545,23800,"(21364.0, 24660.0]"
中原网络集团有限公司006890,9.13216979493676e+017,,0,国家级,1,1,,5656,23190,"(21364.0, 24660.0]"
鼎盛电子集团有限公司006891,9.135620179624414e+017,1,1,市级,3,,6,676767,27030,"(24660.0, 27972.0]"
汇通信息集团有限公司006892,9.136430063293e+017,1,0,县级,1,5,2,6767,20610,"(17855.0, 21364.0]"
金鼎网络股份有限公司006893,9.133078807e+017,0,0,,1,,,565656,7560,"(7370.0, 10954.0]"
华泰材料集团有限公司006894,9.130092077925e+017,0,1,,1,4,6,343434,8160,"(7370.0, 10954.0]"
博雅科技有限责任公司006895,9.13618e+017,0,,,1,7,,676767,20690,"(17855.0, 21364.0]"
瑞丰建设股份有限公司006896,9.139076647542e+017,0,0,国家级,2,7,2,6767,5410,"(3780.0, 7370.0]"
宏达智能股份有限公司006897,9.1385749910971846e+017,0,,省级,2,3,2,6767,22350,"(21364.0, 24660.0]"
创元科技有限公司006898,9.13229747e+017,1,1,市级,6,3,3,-3434545,8700,"(7370.0, 10954.0]"
盛世材料股份有限公司006899,9.131848386509981e+017,1,,国家级,4,2,4,-3434545,1190,"(49.999, 3780.0]"
盛世纺织集团有限公司006900,9.13404010e+017,,0,省级,7,3,3,-2323432,20980,"(17855.0, 21364.0]"
华泰信息股份有限公司006901,9.1395814045893e+017,0,0,省级,5,5,6,-3434545,26190,"(24660.0, 27972.0]"
宏达建设有限责任公司006902,9.1317459943e+017,1,1,市级,,1,7,5656,14430,"(10954.0, 14480.0]"
宏达医药集团有限公司006903,9.13891119697e+017,1,0,,1,6,,6767,28790,"(27972.0, 31471.0]"
盛世纺织股份有限公司006904,9.1393853121703557e+017,,1,国家级,5,3,7,-3434545,3880,"(3780.0, 7370.0]"
盛世贸易有限公司006905,9.13973193365e+017,,0,市级,5,7,4,-2323432,11730,"(10954.0, 14480.0]"
中原物流股份有限公司006906,9.134261e+017,1,1,省级,,2,1,343434,920,"(49.999, 3780.0]"
启明纺织集团有限公司006907,9.130824641318e+017,1,0,国家级,1,5,,565656,21400,"(21364.0, 24660.0]"
华信网络集团有限公司006908,9.13389408062e+017,1,1,,2,1,5,-2323432,21010,"(17855.0, 21364.0]"
启明环保有限责任公司006909,9.13133e+017,1,0,国家级,3,2,7,-2323432,28660,"(27972.0, 31471.0]"
永泰医药有限公司006910,9.1377052028687258e+017,1,0,市级,4,,3,-2323432,790,"(49.999, 3780.0]"
启明贸易集团有限公司006911,9.134134188091718e+017,1,0,市级,2,7,3,565,23890,"(21364.0, 24660.0]"
联创环保股份有限公司006912,9.13975311013e+017,1,0,国家级,7,1,1,565,20380,"(17855.0, 21364.0]"
宏达信息有限公司006913,9.1360103201e+017,1,1,国家级,1,7,2,-3434545,20420,"(17855.0, 21364.0]"
华泰贸易有限公司006914,9.1307669496e+017,,0,省级,1,6,2,6767,4380,"(3780.0, 7370.0]"
华泰化工有限责任公司006915,9.133766103463466e+017,0,0,县级,2,6,,-3434545,33200,"(31471.0, 35000.0]"
永泰生物股份有限公司006916,9.13678e+017,0,1,市级,2,6,1,565656,690,"(49.999, 3780.0]"
博雅科技有限公司006917,9.139292e+017,,0,省级,1,1,5,-3434545,4600,"(3780.0, 7370.0]"
中原纺织集团有限公司006918,9.1347630e+017,,0,市级,3,,7,6767,28410,"(27972.0, 31471.0]"
华泰食品有限责任公司006919,9.132885963046e+017,0,1,,2,2,3,676767,22930,"(21364.0, 24660.0]"
中原材料有限公司006920,9.130855306370325e+017,1,1,国家级,2,2,2,565,27450,"(24660.0, 27972.0]"
鼎盛信息有限公司006921,9.1320129253e+017,0,1,,4,1,,-2323432,8090,"(7370.0, 10954.0]"
汇通信息股份有限公司006922,9.1354956140389e+017,1,0,,,,2,565,34930,"(31471.0, 35000.0]"
永泰电子股份有限公司006923,9.13849243e+017,1,0,国家级,5,2,4,676767,15100,"(14480.0, 17855.0]"
远航物流集团有限公司006924,9.13650371952894e+017,0,1,市级,,4,,-2323432,27520,"(24660.0, 27972.0]"
联创贸易有限责任公司006925,9.13330e+017,,,县级,,5,3,-2323432,32720,"(31471.0, 35000.0]"
星河电子集团有限公司006926,9.13271640751600e+017,1,1,省级,5,7,5,5656,23730,"(21364.0, 24660.0]"
启明电子股份有限公司006927,9.133057864e+017,0,,国家级,4,5,,676767,22180,"(21364.0, 24660.0]"
嘉禾智能股份有限公司006928,9.1321676459e+017,0,0,,7,7,3,676767,3110,"(49.999, 3780.0]"
星河纺织股份有限公司006929,9.13954810243e+017,0,0,市级,2,,6,6767,9020,"(7370.0, 10954.0]"
鼎盛贸易集团有限公司006930,9.13986005417780e+017,1,0,市级,5,5,7,676767,14750,"(14480.0, 17855.0]"
创元电子有限公司006931,9.138815239390e+017,0,0,省级,6,7,2,565656,240,"(49.999, 3780.0]"
永泰医药集团有限公司006932,9.132111171e+017,1,1,省级,3,2,5,6767,14130,"(10954.0, 14480.0]"
启明能源有限公司006933,9.1315987246242e+017,,1,市级,7,6,6,565656,17950,"(17855.0, 21364.0]"
瑞丰材料有限责任公司006934,9.13938975e+017,1,1,县级,1,2,2,343434,2910,"(49.999, 3780.0]"
创元机械有限责任公司006935,9.138192917754e+017,1,1,市级,2,7,2,565,17660,"(14480.0, 17855.0]"
博雅能源有限公司006936,9.13627e+017,1,0,国家级,,4,2,565656,23490,"(21364.0, 24660.0]"
华信电子股份有限公司006937,9.1334455085e+017,1,0,市级,3,5,1,565656,3910,"(3780.0, 7370.0]"
嘉禾网络股份有限公司006938,9.1345e+017,,,市级,3,,2,6767,5300,"(3780.0, 7370.0]"
联创电子集团有限公司006939,9.13920e+017,,1,,1,,1,5656,16000,"(14480.0, 17855.0]"
金鼎食品股份有限公司006940,9.13788072923237e+017,1,0,省级,1,3,7,565656,33670,"(31471.0, 35000.0]"
金鼎材料有限责任公司006941,9.131667316821194e+017,0,0,省级,1,7,7,5656,21360,"(17855.0, 21364.0]"
创元物流有限公司006942,9.1372e+017,1,1,,,3,6,-3434545,29020,"(27972.0, 31471.0]"
中原生物股份有限公司006943,9.1354530707e+017,1,0,国家级,2,2,3,5656,11950,"(10954.0, 14480.0]"
远航材料有限责任公司006944,9.1350093176846e+017,1,0,,3,2,,676767,1830,"(49.999, 3780.0]"
嘉禾生物股份有限公司006945,9.138054580e+017,0,0,市级,5,3,6,-3434545,17620,"(14480.0, 17855.0]"
星河化工集团有限公司006946,9.1365497879122893e+017,0,1,省级,7,1,3,565,3550,"(49.999, 3780.0]"
天成物流有限责任公司006947,9.13871879e+017,1,1,县级,7,7,1,5656,16450,"(14480.0, 17855.0]"
瑞丰科技股份有限公司006948,9.131557957783e+017,0,0,,,,4,565656,26170,"(24660.0, 27972.0]"
星河信息股份有限公司006949,9.13900478820e+017,0,1,县级,3,4,7,5656,28380,"(27972.0, 31471.0]"
盛世物流股份有限公司006950,9.13864626e+017,1,1,市级,,7,1,676767,8240,"(7370.0, 10954.0]"
联创建设集团有限公司006951,9.13130e+017,0,,,,,6,6767,16470,"(14480.0, 17855.0]"
创元能源集团有限公司006952,9.1374968101e+017,0,,国家级,,2,3,6767,12670,"(10954.0, 14480.0]"
联创智能有限责任公司006953,9.1359038435378e+017,1,0,县级,2,6,3,565656,24350,"(21364.0, 24660.0]"
金鼎环保有限公司006954,9.13175499793e+017,0,1,省级,1,5,3,-2323432,1760,"(49.999, 3780.0]"
嘉禾生物有限责任公司006955,9.139560e+017,0,0,省级,4,3,,565,28630,"(27972.0, 31471.0]"
远航智能有限公司006956,9.1334049263e+017,0,1,市级,1,2,,5656,1370,"(49.999, 3780.0]"
嘉禾机械集团有限公司006957,9.1339625593e+017,1,1,市级,7,4,4,676767,21320,"(17855.0, 21364.0]"
汇通生物股份有限公司006958,9.133628206172e+017,0,0,省级,3,,5,565656,19370,"(17855.0, 21364.0]"
华信医药集团有限公司006959,9.13413064565e+017,1,0,,6,3,2,565656,25940,"(24660.0, 27972.0]"
宏达科技集团有限公司006960,9.1312204860424922e+017,1,1,国家级,2,3,,565,6320,"(3780.0, 7370.0]"
嘉禾智能集团有限公司006961,9.1349886179492268e+017,1,1,县级,7,1,3,565656,8070,"(7370.0, 10954.0]"
创元生物有限公司006962,9.1367984636652255e+017,0,0,,,3,1,6767,15570,"(14480.0, 17855.0]"
启明电子集团有限公司006963,9.13633597097169e+017,0,1,省级,,2,6,343434,30630,"(27972.0, 31471.0]"
远航机械有限责任公司006964,9.1381642064e+017,1,0,县级,2,3,3,343434,31890,"(31471.0, 35000.0]"
联创生物股份有限公司006965,9.1384798e+017,1,1,市级,7,3,2,-3434545,25010,"(24660.0, 27972.0]"
星河装备有限公司006966,9.1355925267e+017,0,1,国家级,4,5,4,5656,7880,"(7370.0, 10954.0]"
星河医药有限公司006967,9.13793094302997e+017,0,1,,1,1,4,6767,6020,"(3780.0, 7370.0]"
瑞丰电子有限责任公司006968,9.138701481e+017,1,0,县级,,5,5,565656,27350,"(24660.0, 27972.0]"
天成物流股份有限公司006969,9.1367682802869523e+017,1,1,省级,1,4,2,565656,6890,"(3780.0, 7370.0]"
中原电子有限公司006970,9.13628510e+017,0,1,省级,3,,2,-2323432,23070,"(21364.0, 24660.0]"
天成生物集团有限公司006971,9.137128986e+017,,0,市级,2,6,2,565656,27570,"(24660.0, 27972.0]"
星河信息股份有限公司006972,9.1393337905678e+017,1,0,,4,2,3,6767,25560,"(24660.0, 27972.0]"
嘉禾智能有限公司006973,9.13850174e+017,,1,县级,3,6,2,5656,14280,"(10954.0, 14480.0]"
华信建设集团有限公司006974,9.1374788e+017,,,县级,,7,7,-2323432,33130,"(31471.0, 35000.0]"
博雅建设有限责任公司006975,9.138523398794e+017,0,1,省级,6,4,,-3434545,13640,"(10954.0, 14480.0]"
鼎盛纺织有限责任公司006976,9.13698682e+017,,,省级,3,3,2,343434,34610,"(31471.0, 35000.0]"
星河信息股份有限公司006977,9.13401728e+017,1,0,,7,,4,6767,19250,"(17855.0, 21364.0]"
盛世生物集团有限公司006978,9.132371206425e+017,1,1,县级,3,1,4,6767,34180,"(31471.0, 35000.0]"
星河医药股份有限公司006979,9.13914650e+017,0,1,国家级,4,2,1,565,9790,"(7370.0, 10954.0]"
宏达贸易股份有限公司006980,9.131884494180296e+017,0,0,,6,7,4,5656,2150,"(49.999, 3780.0]"
瑞丰纺织有限公司006981,9.1300438622006e+017,1,1,省级,2,,5,5656,19280,"(17855.0, 21364.0]"
金鼎食品股份有限公司006982,9.1352181048728e+017,0,1,省级,,,2,565656,17030,"(14480.0, 17855.0]"
嘉禾化工集团有限公司006983,9.1356351706016e+017,1,1,省级,5,7,6,565,14800,"(14480.0, 17855.0]"
金鼎科技有限公司006984,9.13074988e+017,,0,,1,,3,-3434545,22800,"(21364.0, 24660.0]"
金鼎智能有限公司006985,9.13776e+017,0,0,省级,5,3,4,-3434545,18890,"(17855.0, 21364.0]"
华泰电子集团有限公司006986,9.1349310e+017,1,1,国家级,1,7,1,5656,20650,"(17855.0, 21364.0]"
永泰食品集团有限公司006987,9.131269783e+017,1,,县级,2,7,1,343434,5940,"(3780.0, 7370.0]"
启明材料集团有限公司006988,9.1377738246081e+017,1,1,国家级,,2,4,-3434545,11930,"(10954.0, 14480.0]"
天成机械有限责任公司006989,9.132111e+017,0,1,省级,,3,,565656,6360,"(3780.0, 7370.0]"
中原装备有限公司006990,9.131232e+017,1,1,县级,4,5,7,565656,13910,"(10954.0, 14480.0]"
金鼎机械股份有限公司006991,9.1306827e+017,0,0,,7,,6,676767,5450,"(3780.0, 7370.0]"
宏达网络有限公司006992,9.135871872e+017,1,0,县级,2,2,4,-2323432,34830,"(31471.0, 35000.0]"
联创建设有限公司006993,9.1361913e+017,1,0,市级,5,3,,565656,22810,"(21364.0, 24660.0]"
星河材料有限责任公司006994,9.134553e+017,0,1,市级,5,,6,5656,4250,"(3780.0, 7370.0]"
创元贸易有限公司006995,9.1324e+017,1,0,省级,4,,4,-3434545,1930,"(49.999, 3780.0]"
金鼎食品有限公司006996,9.1361928737341694e+017,1,0,市级,4,7,5,-2323432,24040,"(21364.0, 24660.0]"
华信科技有限公司006997,9.13856345546604e+017,0,1,国家级,6,6,7,-2323432,22740,"(21364.0, 24660.0]"
盛世智能有限公司006998,9.1317550476e+017,0,1,国家级,5,6,4,6767,16950,"(14480.0, 17855.0]"
嘉禾智能有限公司006999,9.1366725519e+017,0,,省级,2,3,4,-2323432,27190,"(24660.0, 27972.0]"
远航食品股份有限公司007000,9.13890e+017,1,1,国家级,,,1,343434,4030,"(3780.0, 7370.0]"
汇通生物股份有限公司007001,9.1347e+017,,1,,4,7,2,-2323432,32040,"(31471.0, 35000.0]"
中原科技有限公司007002,9.134828e+017,1,1,县级,3,5,7,6767,130,"(49.999, 3780.0]"
金鼎医药股份有限公司007003,9.1353170731e+017,1,0,国家级,6,7,4,565656,20240,"(17855.0, 21364.0]"
宏达智能有限公司007004,9.1383606e+017,0,0,国家级,1,4,6,-3434545,7930,"(7370.0, 10954.0]"
启明医药有限责任公司007005,9.1384e+017,0,1,,1,6,4,676767,28180,"(27972.0, 31471.0]"
金鼎装备有限公司007006,9.1343703432e+017,1,0,市级,5,6,5,6767,33520,"(31471.0, 35000.0]"
远航建设有限公司007007,9.134144662e+017,1,0,国家级,2,1,,6767,29550,"(27972.0, 31471.0]"
盛世化工集团有限公司007008,9.1394e+017,1,,,2,,2,5656,13960,"(10954.0, 14480.0]"
嘉禾食品股份有限公司007009,9.134460681989365e+017,0,1,国家级,,5,,565656,15500,"(14480.0, 17855.0]"
博雅科技集团有限公司007010,9.1334e+017,0,0,国家级,7,4,,5656,34630,"(31471.0, 35000.0]"
创元建设有限责任公司007011,9.1374e+017,0,1,省级,,3,4,-3434545,9860,"(7370.0, 10954.0]"
盛世机械股份有限公司007012,9.132573e+017,1,0,县级,6,6,5,-3434545,19930,"(17855.0, 21364.0]"
金鼎食品股份有限公司007013,9.13487133755e+017,1,1,市级,6,3,7,565656,19670,"(17855.0, 21364.0]"
盛世智能有限责任公司007014,9.131818154e+017,0,1,省级,7,1,2,565,33990,"(31471.0, 35000.0]"
星河医药股份有限公司007015,9.13120228391e+017,1,0,国家级,4,4,4,-2323432,13210,"(10954.0, 14480.0]"
汇通机械有限责任公司007016,9.1315115019809e+017,1,1,市级,3,3,6,5656,19690,"(17855.0, 21364.0]"
创元物流集团有限公司007017,9.137114189189552e+017,1,0,省级,5,7,4,565656,24960,"(24660.0, 27972.0]"
金鼎环保集团有限公司007018,9.13710797e+017,0,0,县级,2,,1,676767,34350,"(31471.0, 35000.0]"
华泰物流股份有限公司007019,9.13525951e+017,,1,国家级,5,5,4,343434,10230,"(7370.0, 10954.0]"
天成装备股份有限公司007020,9.133050e+017,1,0,,,3,1,-3434545,8800,"(7370.0, 10954.0]"
宏达纺织股份有限公司007021,9.1344e+017,1,1,国家级,,6,6,676767,11960,"(10954.0, 14480.0]"
华信科技股份有限公司007022,9.131130792898e+017,1,1,市级,5,2,4,565,15240,"(14480.0, 17855.0]"
华信网络有限公司007023,9.136659254071e+017,1,1,国家级,4,1,6,-3434545,3120,"(49.999, 3780.0]"
星河能源集团有限公司007024,9.137731403126e+017,1,1,省级,3,2,1,-2323432,20730,"(17855.0, 21364.0]"
华信医药有限责任公司007025,9.1344789e+017,1,0,国家级,3,,4,343434,16580,"(14480.0, 17855.0]"
联创生物集团有限公司007026,9.1390597846132011e+017,1,0,县级,7,6,,343434,18550,"(17855.0, 21364.0]"
华信智能股份有限公司007027,9.133040679742e+017,1,0,,1,5,5,-2323432,17530,"(14480.0, 17855.0]"
华信纺织集团有限公司007028,9.130694519556745e+017,1,1,市级,2,3,7,565656,2800,"(49.999, 3780.0]"
鼎盛医药股份有限公司007029,9.1348448921306560e+017,1,1,省级,5,5,5,343434,25250,"(24660.0, 27972.0]"
永泰建设集团有限公司007030,9.13522e+017,1,0,省级,,1,1,6767,28570,"(27972.0, 31471.0]"
天成智能集团有限公司007031,9.139999399168969e+017,0,0,省级,5,4,2,6767,20520,"(17855.0, 21364.0]"
中原食品集团有限公司007032,9.1381410704584e+017,1,0,省级,6,7,6,-3434545,28480,"(27972.0, 31471.0]"
远航建设股份有限公司007033,9.1341256017e+017,,0,省级,6,5,1,-3434545,21700,"(21364.0, 24660.0]"
嘉禾生物有限责任公司007034,9.132411005e+017,1,1,省级,1,2,2,565656,9080,"(7370.0, 10954.0]"
盛世化工集团有限公司007035,9.130242092e+017,1,,市级,,3,4,565,11400,"(10954.0, 14480.0]"
鼎盛能源有限公司007036,9.13295e+017,0,,县级,3,3,1,565656,22170,"(21364.0, 24660.0]"
星河电子有限公司007037,9.130427e+017,1,,市级,2,2,4,6767,5910,"(3780.0, 7370.0]"
中原生物有限责任公司007038,9.13710606441e+017,0,1,国家级,,4,,676767,27990,"(27972.0, 31471.0]"
瑞丰医药股份有限公司007039,9.13457801114259e+017,0,0,县级,2,5,,6767,10330,"(7370.0, 10954.0]"
华泰智能有限公司007040,9.13420603e+017,0,1,市级,5,4,4,6767,15890,"(14480.0, 17855.0]"
启明智能有限责任公司007041,9.1318e+017,0,0,国家级,4,3,1,343434,3880,"(3780.0, 7370.0]"
天成网络有限责任公司007042,9.1330430380805121e+017,1,0,市级,6,3,5,343434,24830,"(24660.0, 27972.0]"
中原物流有限责任公司007043,9.1323e+017,1,0,国家级,4,1,5,676767,33060,"(31471.0, 35000.0]"
天成食品有限公司007044,9.1362716095e+017,0,0,,6,4,,6767,30250,"(27972.0, 31471.0]"
远航环保有限公司007045,9.13037136967e+017,0,0,国家级,7,4,2,5656,30210,"(27972.0, 31471.0]"
中原材料有限公司007046,9.1327411986649e+017,1,1,国家级,3,3,7,343434,8370,"(7370.0, 10954.0]"
金鼎纺织有限责任公司007047,9.1302634096328e+017,0,0,县级,5,6,7,565,24940,"(24660.0, 27972.0]"
华泰网络集团有限公司007048,9.133493e+017,1,1,市级,4,1,2,676767,10400,"(7370.0, 10954.0]"
创元能源集团有限公司007049,9.133435e+017,0,0,市级,6,2,,565,9470,"(7370.0, 10954.0]"
盛世机械集团有限公司007050,9.137175726e+017,0,1,省级,4,1,7,-2323432,23220,"(21364.0, 24660.0]"
天成物流集团有限公司007051,9.1358e+017,1,,国家级,,,7,676767,360,"(49.999, 3780.0]"
永泰生物集团有限公司007052,9.13374979e+017,0,0,,6,,6,676767,21510,"(21364.0, 24660.0]"
鼎盛电子有限公司007053,9.1348e+017,,0,国家级,,1,3,6767,21920,"(21364.0, 24660.0]"
盛世装备有限责任公司007054,9.13110259568e+017,0,1,,7,3,4,676767,30490,"(27972.0, 31471.0]"
启明机械有限责任公司007055,9.1346871439849174e+017,1,0,,7,1,1,565,6160,"(3780.0, 7370.0]"
宏达科技股份有限公司007056,9.1319637434142e+017,1,1,市级,7,4,6,5656,31670,"(31471.0, 35000.0]"
天成网络股份有限公司007057,9.1316739066500e+017,1,1,,2,3,2,565,21920,"(21364.0, 24660.0]"
金鼎装备有限责任公司007058,9.13801679955530e+017,0,0,国家级,5,4,2,6767,18620,"(17855.0, 21364.0]"
宏达科技有限责任公司007059,9.136964839e+017,1,1,,,4,5,565,18490,"(17855.0, 21364.0]"
嘉禾生物有限公司007060,9.135187153467e+017,1,0,省级,,,6,6767,15450,"(14480.0, 17855.0]"
永泰物流股份有限公司007061,9.13552e+017,,1,市级,2,,6,565656,31150,"(27972.0, 31471.0]"
华泰智能股份有限公司007062,9.131290621280024e+017,1,0,县级,,1,5,676767,6460,"(3780.0, 7370.0]"
中原装备有限责任公司007063,9.138326145218e+017,0,0,国家级,,4,7,676767,2220,"(49.999, 3780.0]"
创元能源集团有限公司007064,9.1349e+017,1,,市级,2,2,4,565,27720,"(24660.0, 27972.0]"
博雅能源股份有限公司007065,9.1368167549271e+017,1,0,省级,7,2,,-3434545,12820,"(10954.0, 14480.0]"
联创科技股份有限公司007066,9.133435098756866e+017,0,0,省级,3,2,2,-3434545,27430,"(24660.0, 27972.0]"
博雅物流股份有限公司007067,9.134909e+017,1,0,国家级,6,3,1,5656,21410,"(21364.0, 24660.0]"
盛世建设有限责任公司007068,9.132447e+017,1,1,县级,6,7,,5656,20280,"(17855.0, 21364.0]"
远航材料有限责任公司007069,9.139770e+017,0,0,市级,4,1,7,5656,33380,"(31471.0, 35000.0]"
星河机械股份有限公司007070,9.13567e+017,0,0,市级,,,,565,25140,"(24660.0, 27972.0]"
嘉禾智能有限公司007071,9.1343948608758e+017,1,0,,4,6,5,-3434545,34700,"(31471.0, 35000.0]"
华信环保有限责任公司007072,9.13961025397e+017,1,1,市级,1,3,5,-3434545,12360,"(10954.0, 14480.0]"
华信环保集团有限公司007073,9.134950762235874e+017,0,1,国家级,,4,,6767,6520,"(3780.0, 7370.0]"
鼎盛建设有限责任公司007074,9.137829161e+017,0,1,省级,3,1,,5656,12300,"(10954.0, 14480.0]"
嘉禾食品集团有限公司007075,9.139292472e+017,1,,县级,5,,,343434,12280,"(10954.0, 14480.0]"
联创信息股份有限公司007076,9.132586e+017,1,0,国家级,,5,3,565,20830,"(17855.0, 21364.0]"
博雅化工股份有限公司007077,9.133781e+017,0,0,县级,,,1,565656,4450,"(3780.0, 7370.0]"
华泰化工有限责任公司007078,9.133130660750e+017,1,0,,1,,3,-3434545,11180,"(10954.0, 14480.0]"
联创建设有限公司007079,9.1399e+017,0,0,省级,5,5,2,5656,23050,"(21364.0, 24660.0]"
天成材料有限责任公司007080,9.132080e+017,1,1,市级,5,3,,565656,16390,"(14480.0, 17855.0]"
金鼎装备有限公司007081,9.135684e+017,0,,,4,,,-3434545,9910,"(7370.0, 10954.0]"
瑞丰食品股份有限公司007082,9.1301413e+017,,1,市级,5,5,2,565,16140,"(14480.0, 17855.0]"
华信信息有限公司007083,9.139571723366e+017,0,0,国家级,3,3,4,-3434545,33630,"(31471.0, 35000.0]"
盛世材料有限责任公司007084,9.1329e+017,,1,市级,4,5,,565656,34280,"(31471.0, 35000.0]"
宏达生物集团有限公司007085,9.138159047374139e+017,,1,县级,2,6,5,5656,23950,"(21364.0, 24660.0]"
启明生物有限责任公司007086,9.13646993e+017,1,1,县级,5,5,6,5656,33100,"(31471.0, 35000.0]"
盛世信息有限责任公司007087,9.134617008e+017,1,,省级,4,5,,-2323432,29210,"(27972.0, 31471.0]"
启明机械有限责任公司007088,9.1310303706e+017,0,1,,,2,3,565656,21350,"(17855.0, 21364.0]"
宏达科技股份有限公司007089,9.1358792e+017,0,0,国家级,7,2,3,5656,1420,"(49.999, 3780.0]"
宏达能源集团有限公司007090,9.1311875779e+017,0,0,国家级,7,,4,5656,29190,"(27972.0, 31471.0]"
启明装备集团有限公司007091,9.1370269338332e+017,1,0,县级,2,3,3,565656,14520,"(14480.0, 17855.0]"
瑞丰电子集团有限公司007092,9.13969536726e+017,1,,县级,,3,,-2323432,18250,"(17855.0, 21364.0]"
永泰网络股份有限公司007093,9.13498475384333e+017,,,市级,2,7,1,-3434545,2690,"(49.999, 3780.0]"
博雅智能股份有限公司007094,9.136186471923e+017,0,1,县级,1,3,4,6767,3800,"(3780.0, 7370.0]"
博雅能源有限责任公司007095,9.1327216772605814e+017,1,0,,3,3,4,6767,7230,"(3780.0, 7370.0]"
金鼎环保集团有限公司007096,9.13413246e+017,1,1,县级,,1,7,676767,7600,"(7370.0, 10954.0]"
盛世医药股份有限公司007097,9.13057793763201e+017,1,1,,6,,3,343434,17970,"(17855.0, 21364.0]"
天成电子有限责任公司007098,9.1370078621e+017,0,0,国家级,4,7,2,343434,1370,"(49.999, 3780.0]"
华泰医药集团有限公司007099,9.1343821250018931e+017,1,0,,3,,,-3434545,21520,"(21364.0, 24660.0]"
宏达装备股份有限公司007100,9.131623240e+017,1,,省级,7,3,7,565656,16590,"(14480.0, 17855.0]"
联创建设有限公司007101,9.133698e+017,0,,县级,7,6,,676767,21030,"(17855.0, 21364.0]"
永泰化工有限公司007102,9.13900906438748e+017,0,,市级,2,5,1,565656,19720,"(17855.0, 21364.0]"
嘉禾装备股份有限公司007103,9.1337724e+017,1,0,省级,5,4,6,6767,31980,"(31471.0, 35000.0]"
华信化工有限责任公司007104,9.1349057e+017,1,0,市级,1,1,5,5656,9590,"(7370.0, 10954.0]"
远航机械股份有限公司007105,9.1369619570257e+017,0,1,市级,1,,5,565656,20500,"(17855.0, 21364.0]"
远航物流有限责任公司007106,9.132148159047900e+017,1,1,县级,3,7,3,676767,10760,"(7370.0, 10954.0]"
嘉禾化工集团有限公司007107,9.139987676250585e+017,0,0,县级,5,4,5,6767,30040,"(27972.0, 31471.0]"
中原化工有限公司007108,9.13412948655811e+017,1,,县级,6,5,,-2323432,30280,"(27972.0, 31471.0]"
博雅纺织集团有限公司007109,9.1352948e+017,1,,省级,4,4,,565656,34670,"(31471.0, 35000.0]"
博雅环保集团有限公司007110,9.130217e+017,0,0,县级,,2,,5656,27470,"(24660.0, 27972.0]"
联创食品股份有限公司007111,9.139784692391121e+017,0,0,市级,,,,-3434545,16170,"(14480.0, 17855.0]"
联创能源集团有限公司007112,9.1396315772913e+017,0,1,国家级,6,1,4,565,26550,"(24660.0, 27972.0]"
博雅生物集团有限公司007113,9.13412274633560e+017,0,0,,7,2,,343434,2340,"(49.999, 3780.0]"
华信能源有限责任公司007114,9.135825480479817e+017,0,0,国家级,2,2,1,565,29060,"(27972.0, 31471.0]"
华泰电子集团有限公司007115,9.13024047025860e+017,0,0,县级,5,6,3,-3434545,27240,"(24660.0, 27972.0]"
创元装备股份有限公司007116,9.13757611740591e+017,1,0,,4,5,2,6767,1630,"(49.999, 3780.0]"
汇通科技集团有限公司007117,9.138891e+017,0,1,县级,4,4,7,343434,5180,"(3780.0, 7370.0]"
鼎盛能源有限责任公司007118,9.1319e+017,0,,国家级,3,2,7,565656,1370,"(49.999, 3780.0]"
远航装备股份有限公司007119,9.1333990e+017,1,1,,6,6,2,676767,13970,"(10954.0, 14480.0]"
宏达智能股份有限公司007120,9.1340e+017,1,0,县级,5,,6,676767,21840,"(21364.0, 24660.0]"
创元科技集团有限公司007121,9.1368639e+017,0,1,国家级,7,,3,5656,430,"(49.999, 3780.0]"
华泰物流股份有限公司007122,9.1385342652255836e+017,0,0,市级,4,6,1,-2323432,310,"(49.999, 3780.0]"
博雅食品有限公司007123,9.1381617e+017,0,0,市级,7,5,6,343434,15400,"(14480.0, 17855.0]"
嘉禾纺织集团有限公司007124,9.13172600766172e+017,1,0,国家级,7,3,2,565656,14330,"(10954.0, 14480.0]"
华信物流有限公司007125,9.138108340138e+017,0,1,国家级,6,6,5,-3434545,17230,"(14480.0, 17855.0]"
华泰贸易有限责任公司007126,9.139580956829e+017,,0,县级,,2,2,343434,11740,"(10954.0, 14480.0]"
汇通化工股份有限公司007127,9.1353e+017,,,,,,6,565656,11040,"(10954.0, 14480.0]"
瑞丰化工有限责任公司007128,9.13946507020745e+017,1,0,国家级,5,3,2,676767,30820,"(27972.0, 31471.0]"
鼎盛能源有限公司007129,9.139917e+017,1,1,,,1,2,-3434545,310,"(49.999, 3780.0]"
远航化工有限公司007130,9.1327445041398315e+017,0,1,,1,1,2,-3434545,3030,"(49.999, 3780.0]"
创元纺织集团有限公司007131,9.1367863058710511e+017,0,0,,,2,7,565656,23880,"(21364.0, 24660.0]"
嘉禾装备集团有限公司007132,9.1357400e+017,0,0,县级,1,5,1,565656,19210,"(17855.0, 21364.0]"
鼎盛纺织有限公司007133,9.135835e+017,0,,省级,,3,1,5656,11690,"(10954.0, 14480.0]"
华信网络有限责任公司007134,9.1344528e+017,0,,国家级,2,4,2,565656,14310,"(10954.0, 14480.0]"
宏达科技股份有限公司007135,9.135368223129e+017,,1,国家级,2,6,7,6767,12220,"(10954.0, 14480.0]"
永泰装备有限责任公司007136,9.13996130322580e+017,0,1,,3,,7,676767,22080,"(21364.0, 24660.0]"
博雅纺织有限公司007137,9.1357e+017,1,0,国家级,6,6,1,565,3580,"(49.999, 3780.0]"
博雅能源有限公司007138,9.134554276e+017,1,1,县级,7,7,3,5656,22700,"(21364.0, 24660.0]"
华信机械有限责任公司007139,9.130062382866e+017,1,,市级,,6,2,5656,16580,"(14480.0, 17855.0]"
宏达医药有限公司007140,9.1308916e+017,1,1,市级,2,6,7,-2323432,26520,"(24660.0, 27972.0]"
永泰建设有限公司007141,9.1399335265492046e+017,0,0,县级,7,5,7,6767,14940,"(14480.0, 17855.0]"
启明机械有限责任公司007142,9.1336e+017,,0,省级,4,4,,565,3620,"(49.999, 3780.0]"
中原物流集团有限公司007143,9.1375786736e+017,1,1,国家级,1,,2,343434,20780,"(17855.0, 21364.0]"
瑞丰医药集团有限公司007144,9.1335398297750839e+017,1,0,市级,2,7,5,-3434545,6820,"(3780.0, 7370.0]"
宏达科技有限公司007145,9.1325817199e+017,1,0,国家级,5,5,,565656,30580,"(27972.0, 31471.0]"
天成科技股份有限公司007146,9.1309120923331095e+017,1,1,国家级,5,,3,6767,150,"(49.999, 3780.0]"
启明能源集团有限公司007147,9.1332095170947647e+017,1,1,县级,3,7,5,565656,30400,"(27972.0, 31471.0]"
博雅能源有限责任公司007148,9.135936e+017,,0,县级,6,6,,6767,31920,"(31471.0, 35000.0]"
中原材料股份有限公司007149,9.1359472000e+017,1,1,,3,,7,6767,17960,"(17855.0, 21364.0]"
金鼎能源有限责任公司007150,9.132407583e+017,0,1,省级,1,5,3,343434,4180,"(3780.0, 7370.0]"
永泰生物集团有限公司007151,9.1392832759e+017,0,,县级,3,1,2,343434,13340,"(10954.0, 14480.0]"
星河网络有限公司007152,9.138848043470e+017,0,0,县级,1,2,3,676767,1060,"(49.999, 3780.0]"
星河智能有限责任公司007153,9.1331331e+017,,0,县级,4,5,3,-2323432,1870,"(49.999, 3780.0]"
金鼎生物有限责任公司007154,9.137995e+017,1,0,县级,3,6,1,6767,31340,"(27972.0, 31471.0]"
启明生物集团有限公司007155,9.1343330726e+017,0,0,县级,2,4,5,565656,30860,"(27972.0, 31471.0]"
金鼎装备股份有限公司007156,9.1317732200038867e+017,1,0,,1,7,,-2323432,1450,"(49.999, 3780.0]"
永泰装备集团有限公司007157,9.13594825e+017,0,0,,5,7,6,565656,28310,"(27972.0, 31471.0]"
鼎盛装备集团有限公司007158,9.133209512929743e+017,0,,市级,5,7,4,-2323432,14230,"(10954.0, 14480.0]"
创元机械股份有限公司007159,9.131025788423e+017,0,1,市级,7,,6,565656,1580,"(49.999, 3780.0]"
华泰医药有限责任公司007160,9.132995e+017,1,1,,4,6,1,-3434545,5580,"(3780.0, 7370.0]"
嘉禾建设股份有限公司007161,9.13222e+017,0,0,国家级,,7,2,-2323432,22140,"(21364.0, 24660.0]"
远航网络集团有限公司007162,9.136124279066e+017,0,0,国家级,,,1,343434,5010,"(3780.0, 7370.0]"
联创生物有限责任公司007163,9.136714516e+017,1,0,省级,6,,3,343434,20320,"(17855.0, 21364.0]"
鼎盛装备有限责任公司007164,9.1366481603114e+017,1,0,市级,3,6,2,343434,6260,"(3780.0, 7370.0]"
天成网络股份有限公司007165,9.1338442e+017,1,,市级,5,2,1,343434,23660,"(21364.0, 24660.0]"
盛世智能集团有限公司007166,9.130708970e+017,1,0,国家级,5,1,6,-3434545,4190,"(3780.0, 7370.0]"
联创建设股份有限公司007167,9.130516336e+017,0,1,国家级,1,3,5,565656,3430,"(49.999, 3780.0]"
盛世物流股份有限公司007168,9.1337e+017,1,0,县级,1,,4,343434,12210,"(10954.0, 14480.0]"
星河机械集团有限公司007169,9.1307e+017,0,0,市级,5,3,,6767,15060,"(14480.0, 17855.0]"
启明装备集团有限公司007170,9.1318590e+017,1,0,县级,7,,7,-3434545,32300,"(31471.0, 35000.0]"
创元生物集团有限公司007171,9.131976204e+017,1,1,国家级,3,7,5,6767,30150,"(27972.0, 31471.0]"
创元科技有限责任公司007172,9.1306064045494e+017,1,1,,2,2,5,6767,31770,"(31471.0, 35000.0]"
中原生物有限责任公司007173,9.132982e+017,0,0,市级,7,6,5,6767,24280,"(21364.0, 24660.0]"
天成化工股份有限公司007174,9.133205e+017,1,1,省级,3,4,5,5656,29370,"(27972.0, 31471.0]"
星河材料有限公司007175,9.131381e+017,0,1,国家级,6,5,4,6767,19020,"(17855.0, 21364.0]"
盛世医药集团有限公司007176,9.1367259581877277e+017,0,0,国家级,2,3,2,6767,17630,"(14480.0, 17855.0]"
瑞丰物流有限公司007177,9.130314e+017,0,1,省级,3,2,4,-3434545,10550,"(7370.0, 10954.0]"
华信食品有限公司007178,9.1349931431480e+017,0,0,市级,,6,4,6767,21660,"(21364.0, 24660.0]"
联创电子有限责任公司007179,9.1324535716701992e+017,0,1,,6,1,5,5656,8630,"(7370.0, 10954.0]"
瑞丰智能有限公司007180,9.1332430e+017,0,,县级,3,,6,5656,3540,"(49.999, 3780.0]"
天成物流股份有限公司007181,9.1336805675e+017,1,1,省级,5,3,2,565,2450,"(49.999, 3780.0]"
博雅网络有限公司007182,9.139258e+017,0,1,省级,1,3,5,565656,11810,"(10954.0, 14480.0]"
博雅网络有限公司007183,9.13259e+017,0,1,国家级,4,1,5,343434,3290,"(49.999, 3780.0]"
鼎盛建设股份有限公司007184,9.134418714877e+017,0,1,县级,7,4,3,343434,2340,"(49.999, 3780.0]"
华泰纺织有限公司007185,9.1355987917046e+017,1,1,省级,4,3,6,565656,30570,"(27972.0, 31471.0]"
华信物流有限公司007186,9.1317176171511e+017,1,1,省级,3,2,4,343434,27300,"(24660.0, 27972.0]"
华信纺织有限责任公司007187,9.13681628379249e+017,0,1,省级,7,4,6,565,20140,"(17855.0, 21364.0]"
嘉禾贸易有限责任公司007188,9.13135e+017,1,1,国家级,6,3,5,-2323432,15350,"(14480.0, 17855.0]"
金鼎生物有限责任公司007189,9.1311133929418657e+017,,,省级,6,6,7,-2323432,4210,"(3780.0, 7370.0]"
创元建设有限责任公司007190,9.1367e+017,1,0,县级,7,2,,-2323432,24120,"(21364.0, 24660.0]"
远航智能有限公司007191,9.130248756e+017,1,1,国家级,3,1,1,5656,29860,"(27972.0, 31471.0]"
盛世信息有限公司007192,9.133203969059116e+017,0,,国家级,5,6,2,-2323432,28530,"(27972.0, 31471.0]"
联创电子有限公司007193,9.130663954216017e+017,1,1,市级,5,,7,-2323432,13990,"(10954.0, 14480.0]"
中原网络有限公司007194,9.13047758173e+017,1,1,市级,2,2,1,565656,15930,"(14480.0, 17855.0]"
启明电子有限责任公司007195,9.13477e+017,,1,国家级,7,1,,-2323432,15620,"(14480.0, 17855.0]"
瑞丰化工有限公司007196,9.1328975826e+017,1,1,市级,4,4,6,343434,9820,"(7370.0, 10954.0]"
盛世智能有限责任公司007197,9.137156264393740e+017,0,,县级,2,2,5,5656,32160,"(31471.0, 35000.0]"
博雅网络有限公司007198,9.13392e+017,1,0,省级,3,7,,-3434545,14900,"(14480.0, 17855.0]"
博雅物流有限责任公司007199,9.13031e+017,1,0,县级,1,5,,-3434545,33650,"(31471.0, 35000.0]"
华信科技股份有限公司007200,9.13248901044839e+017,0,0,省级,3,2,5,6767,3200,"(49.999, 3780.0]"
汇通食品有限公司007201,9.13153e+017,1,1,县级,1,5,4,343434,24080,"(21364.0, 24660.0]"
瑞丰电子有限责任公司007202,9.1344461e+017,1,0,县级,2,3,2,565656,2730,"(49.999, 3780.0]"
远航生物股份有限公司007203,9.132723815375e+017,,0,省级,1,5,2,6767,21480,"(21364.0, 24660.0]"
宏达贸易集团有限公司007204,9.1357146587e+017,0,1,市级,2,7,5,6767,14030,"(10954.0, 14480.0]"
金鼎建设有限公司007205,9.1396e+017,,1,国家级,3,1,1,676767,11330,"(10954.0, 14480.0]"
金鼎化工股份有限公司007206,9.1353693970e+017,,0,省级,4,1,6,5656,11920,"(10954.0, 14480.0]"
宏达食品有限责任公司007207,9.13657883965408e+017,,0,国家级,1,,1,676767,31320,"(27972.0, 31471.0]"
启明物流有限公司007208,9.1351397668652e+017,1,0,省级,1,6,5,343434,5140,"(3780.0, 7370.0]"
永泰生物有限公司007209,9.139731158e+017,0,1,省级,4,4,1,-3434545,2070,"(49.999, 3780.0]"
金鼎生物股份有限公司007210,9.138488e+017,,1,省级,5,5,3,5656,20180,"(17855.0, 21364.0]"
金鼎生物有限责任公司007211,9.13405917218606e+017,1,0,,2,5,,-2323432,2380,"(49.999, 3780.0]"
远航建设有限责任公司007212,9.1344e+017,0,1,市级,1,2,6,6767,6060,"(3780.0, 7370.0]"
天成网络有限公司007213,9.132192323269e+017,1,0,省级,3,7,2,343434,12560,"(10954.0, 14480.0]"
鼎盛医药股份有限公司007214,9.1340260886e+017,,0,县级,3,1,7,-3434545,13030,"(10954.0, 14480.0]"
创元装备集团有限公司007215,9.130804652e+017,0,1,市级,3,2,2,343434,9880,"(7370.0, 10954.0]"
联创物流集团有限公司007216,9.13073e+017,0,,,,2,6,565,9540,"(7370.0, 10954.0]"
盛世信息集团有限公司007217,9.13735471981e+017,0,0,国家级,6,3,4,565,4790,"(3780.0, 7370.0]"
远航能源股份有限公司007218,9.1350e+017,1,1,省级,,5,,-3434545,30500,"(27972.0, 31471.0]"
永泰物流股份有限公司007219,9.1340508e+017,0,0,省级,5,6,5,676767,5820,"(3780.0, 7370.0]"
星河装备有限责任公司007220,9.1342e+017,0,,,1,3,6,-2323432,6830,"(3780.0, 7370.0]"
启明食品股份有限公司007221,9.1329297e+017,0,0,市级,5,6,2,-2323432,10400,"(7370.0, 10954.0]"
星河纺织有限责任公司007222,9.13837849972969e+017,1,0,省级,1,2,7,676767,7870,"(7370.0, 10954.0]"
启明信息有限责任公司007223,9.1399841873375e+017,0,0,省级,3,2,7,-3434545,32310,"(31471.0, 35000.0]"
宏达食品有限公司007224,9.135368434e+017,1,1,县级,1,5,2,6767,12640,"(10954.0, 14480.0]"
鼎盛建设有限责任公司007225,9.130889158593e+017,,0,市级,7,,1,-2323432,31530,"(31471.0, 35000.0]"
金鼎医药有限公司007226,9.13637827891151e+017,0,0,县级,,6,6,565,4170,"(3780.0, 7370.0]"
启明装备有限公司007227,9.1341123e+017,1,0,市级,5,6,,-3434545,8680,"(7370.0, 10954.0]"
远航网络股份有限公司007228,9.133714780502469e+017,1,0,市级,2,,4,6767,21090,"(17855.0, 21364.0]"
星河贸易有限公司007229,9.139099e+017,1,,,1,3,4,565,19030,"(17855.0, 21364.0]"
启明装备股份有限公司007230,9.13544107e+017,1,,国家级,4,1,5,6767,24270,"(21364.0, 24660.0]"
华泰医药集团有限公司007231,9.1320718947e+017,1,1,市级,5,1,5,676767,11660,"(10954.0, 14480.0]"
华泰机械有限责任公司007232,9.1369977609e+017,0,0,市级,7,2,1,-3434545,4630,"(3780.0, 7370.0]"
永泰贸易股份有限公司007233,9.1342549964e+017,0,1,县级,,3,6,676767,17900,"(17855.0, 21364.0]"
嘉禾电子股份有限公司007234,9.1306363085e+017,1,1,市级,1,5,4,343434,10480,"(7370.0, 10954.0]"
联创科技有限公司007235,9.13591e+017,1,1,省级,6,5,5,343434,28730,"(27972.0, 31471.0]"
星河机械股份有限公司007236,9.135891093050332e+017,,1,国家级,6,3,6,6767,17300,"(14480.0, 17855.0]"
金鼎网络有限公司007237,9.135591390e+017,1,1,县级,6,7,7,5656,30620,"(27972.0, 31471.0]"
永泰生物有限公司007238,9.1391086e+017,1,1,县级,5,6,7,-3434545,19050,"(17855.0, 21364.0]"
创元材料有限责任公司007239,9.139378099313e+017,1,0,县级,1,3,,343434,17130,"(14480.0, 17855.0]"
嘉禾材料股份有限公司007240,9.13595e+017,1,0,,4,7,4,-3434545,11680,"(10954.0, 14480.0]"
嘉禾网络股份有限公司007241,9.1322960e+017,0,1,市级,7,,7,-3434545,13700,"(10954.0, 14480.0]"
盛世化工有限公司007242,9.134473170720544e+017,0,1,国家级,7,5,,-2323432,14680,"(14480.0, 17855.0]"
华泰物流股份有限公司007243,9.139274113513e+017,0,0,国家级,5,,5,343434,18690,"(17855.0, 21364.0]"
创元物流集团有限公司007244,9.1338e+017,1,0,,,3,6,565656,1060,"(49.999, 3780.0]"
汇通科技集团有限公司007245,9.1399221804346202e+017,1,0,,3,,3,5656,5200,"(3780.0, 7370.0]"
华泰食品股份有限公司007246,9.135362e+017,0,0,县级,2,4,3,676767,12320,"(10954.0, 14480.0]"
天成化工有限责任公司007247,9.13044643760e+017,1,1,县级,2,5,1,565,2490,"(49.999, 3780.0]"
创元智能股份有限公司007248,9.131741440e+017,1,0,国家级,7,2,5,5656,12870,"(10954.0, 14480.0]"
中原材料有限责任公司007249,9.13353972390372e+017,1,0,国家级,,2,5,-3434545,12050,"(10954.0, 14480.0]"
联创电子有限公司007250,9.1364e+017,,1,国家级,1,3,4,343434,9100,"(7370.0, 10954.0]"
创元能源集团有限公司007251,9.1345e+017,1,0,市级,5,7,1,676767,29880,"(27972.0, 31471.0]"
天成机械有限公司007252,9.1363441282566246e+017,0,0,县级,5,7,5,565656,23360,"(21364.0, 24660.0]"
鼎盛科技有限公司007253,9.1326876254073e+017,0,,国家级,7,2,3,676767,25020,"(24660.0, 27972.0]"
永泰材料有限责任公司007254,9.135145e+017,0,0,国家级,,7,4,5656,33610,"(31471.0, 35000.0]"
联创建设有限责任公司007255,9.13302486012e+017,1,,市级,6,2,6,-2323432,12220,"(10954.0, 14480.0]"
瑞丰电子有限公司007256,9.1353931e+017,1,1,市级,2,,2,6767,17500,"(14480.0, 17855.0]"
天成装备有限公司007257,9.134809097319489e+017,1,0,国家级,6,,2,6767,1420,"(49.999, 3780.0]"
金鼎化工集团有限公司007258,9.1384890513e+017,0,0,,6,2,7,-2323432,34000,"(31471.0, 35000.0]"
远航纺织有限责任公司007259,9.136835927773177e+017,1,1,县级,5,6,4,565656,21590,"(21364.0, 24660.0]"
嘉禾电子集团有限公司007260,9.13192083653621e+017,0,1,县级,,,6,-2323432,5440,"(3780.0, 7370.0]"
华信信息股份有限公司007261,9.1308974380e+017,0,,市级,2,1,3,5656,30230,"(27972.0, 31471.0]"
盛世装备有限公司007262,9.1331992423e+017,1,1,县级,6,3,3,565,28140,"(27972.0, 31471.0]"
永泰环保股份有限公司007263,9.13943928491e+017,1,0,市级,4,,,343434,31260,"(27972.0, 31471.0]"
汇通纺织股份有限公司007264,9.1380612e+017,1,0,省级,2,1,3,5656,33370,"(31471.0, 35000.0]"
天成物流股份有限公司007265,9.131205541221686e+017,0,0,省级,5,1,3,5656,30320,"(27972.0, 31471.0]"
创元能源股份有限公司007266,9.13062e+017,1,0,县级,4,7,,343434,24720,"(24660.0, 27972.0]"
华信能源股份有限公司007267,9.131393725953773e+017,0,0,省级,2,3,3,5656,14530,"(14480.0, 17855.0]"
永泰机械集团有限公司007268,9.1379e+017,1,0,市级,4,4,,565,13870,"(10954.0, 14480.0]"
远航能源股份有限公司007269,9.1355854786e+017,0,0,市级,4,7,1,5656,14730,"(14480.0, 17855.0]"
瑞丰食品有限责任公司007270,9.131141297354e+017,0,0,市级,6,7,5,6767,10050,"(7370.0, 10954.0]"
盛世建设股份有限公司007271,9.1316687083e+017,0,1,,1,2,,343434,28130,"(27972.0, 31471.0]"
永泰装备有限公司007272,9.136295333318676e+017,1,0,省级,5,4,,676767,32960,"(31471.0, 35000.0]"
金鼎化工股份有限公司007273,9.1360e+017,1,1,,4,3,,6767,14450,"(10954.0, 14480.0]"
华信智能集团有限公司007274,9.139302315937838e+017,0,0,县级,,3,7,5656,11360,"(10954.0, 14480.0]"
远航能源股份有限公司007275,9.130768e+017,0,0,省级,7,3,6,-3434545,2430,"(49.999, 3780.0]"
中原能源有限公司007276,9.1362463197510e+017,0,1,国家级,6,2,2,-3434545,26370,"(24660.0, 27972.0]"
创元电子有限公司007277,9.1382309426e+017,0,0,市级,5,,5,5656,7710,"(7370.0, 10954.0]"
嘉禾电子有限责任公司007278,9.13121597e+017,0,1,市级,2,,4,-3434545,19030,"(17855.0, 21364.0]"
启明能源集团有限公司007279,9.1331940215306626e+017,,1,省级,7,3,,565,5100,"(3780.0, 7370.0]"
中原贸易集团有限公司007280,9.13150089e+017,1,0,县级,2,6,3,343434,28420,"(27972.0, 31471.0]"
华信建设股份有限公司007281,9.135165086480e+017,1,0,省级,7,2,5,676767,19010,"(17855.0, 21364.0]"
永泰建设有限责任公司007282,9.1394204e+017,0,0,,,4,2,-2323432,880,"(49.999, 3780.0]"
金鼎物流集团有限公司007283,9.13657147050116e+017,0,0,国家级,1,3,5,6767,15780,"(14480.0, 17855.0]"
创元信息有限公司007284,9.13219408e+017,1,1,县级,,5,5,5656,12990,"(10954.0, 14480.0]"
远航纺织有限责任公司007285,9.1315943609e+017,0,0,县级,6,7,2,676767,4300,"(3780.0, 7370.0]"
金鼎信息股份有限公司007286,9.13988e+017,0,1,省级,4,7,5,6767,33890,"(31471.0, 35000.0]"
星河机械有限公司007287,9.13800060618e+017,0,1,,1,2,4,565656,600,"(49.999, 3780.0]"
创元网络有限公司007288,9.13707978000e+017,,1,市级,1,5,3,6767,21930,"(21364.0, 24660.0]"
金鼎生物股份有限公司007289,9.13022979e+017,0,0,市级,5,,3,565,24620,"(21364.0, 24660.0]"
天成环保股份有限公司007290,9.133424691353e+017,1,0,县级,3,3,7,-2323432,27010,"(24660.0, 27972.0]"
华泰物流集团有限公司007291,9.1317098898e+017,0,0,县级,2,1,7,343434,17030,"(14480.0, 17855.0]"
博雅机械集团有限公司007292,9.1394e+017,0,1,,2,2,1,-2323432,9040,"(7370.0, 10954.0]"
联创智能有限公司007293,9.139472489e+017,0,0,省级,1,7,2,5656,16190,"(14480.0, 17855.0]"
华信化工有限公司007294,9.1328594679017976e+017,1,0,市级,6,2,1,565,14200,"(10954.0, 14480.0]"
华信材料集团有限公司007295,9.1314992e+017,1,0,省级,6,4,5,565656,8400,"(7370.0, 10954.0]"
创元医药有限责任公司007296,9.136909083971e+017,0,1,市级,1,5,6,343434,240,"(49.999, 3780.0]"
天成化工有限公司007297,9.13333468e+017,0,0,国家级,6,2,,-3434545,31100,"(27972.0, 31471.0]"
远航环保有限责任公司007298,9.134343627610e+017,0,0,县级,3,7,7,565656,11910,"(10954.0, 14480.0]"
汇通生物集团有限公司007299,9.13110692838140e+017,0,0,市级,1,6,2,-3434545,8220,"(7370.0, 10954.0]"
宏达科技有限公司007300,9.1360411834986821e+017,0,1,县级,3,2,5,565656,2480,"(49.999, 3780.0]"
启明化工集团有限公司007301,9.134173e+017,1,0,市级,,,4,343434,6170,"(3780.0, 7370.0]"
永泰机械股份有限公司007302,9.1394293837565642e+017,1,0,县级,3,6,4,6767,8790,"(7370.0, 10954.0]"
创元机械集团有限公司007303,9.13562599e+017,1,0,市级,,2,5,6767,12780,"(10954.0, 14480.0]"
汇通医药有限责任公司007304,9.1368442e+017,0,0,市级,1,2,3,565656,11420,"(10954.0, 14480.0]"
瑞丰机械有限公司007305,9.13265370e+017,0,1,市级,,,,6767,7370,"(3780.0, 7370.0]"
创元智能集团有限公司007306,9.13169217e+017,1,,省级,5,,6,-2323432,9860,"(7370.0, 10954.0]"
鼎盛医药集团有限公司007307,9.1399998e+017,1,1,省级,3,5,3,676767,4720,"(3780.0, 7370.0]"
华信生物股份有限公司007308,9.1362550664242808e+017,1,1,,4,5,3,-3434545,21210,"(17855.0, 21364.0]"
中原科技有限公司007309,9.137298308163e+017,0,1,市级,5,,6,343434,3030,"(49.999, 3780.0]"
创元能源有限责任公司007310,9.1358333e+017,0,1,国家级,1,6,6,-2323432,5710,"(3780.0, 7370.0]"
中原能源集团有限公司007311,9.1381980542488e+017,0,0,国家级,,7,,565,28240,"(27972.0, 31471.0]"
盛世信息有限公司007312,9.13740607938e+017,1,1,市级,,5,7,-3434545,18610,"(17855.0, 21364.0]"
汇通贸易集团有限公司007313,9.13190e+017,0,1,国家级,,,3,676767,5500,"(3780.0, 7370.0]"
盛世建设有限责任公司007314,9.136106e+017,1,0,市级,3,6,4,565656,29350,"(27972.0, 31471.0]"
华泰化工有限责任公司007315,9.13971311922e+017,1,1,市级,2,,3,676767,25250,"(24660.0, 27972.0]"
盛世环保有限公司007316,9.1313e+017,1,1,省级,,7,3,343434,8740,"(7370.0, 10954.0]"
启明科技有限公司007317,9.132118370274e+017,1,0,县级,4,1,2,565,20130,"(17855.0, 21364.0]"
嘉禾医药有限责任公司007318,9.1330141274303215e+017,,1,县级,,4,7,343434,33660,"(31471.0, 35000.0]"
宏达装备有限责任公司007319,9.1360298e+017,1,1,县级,1,2,6,-2323432,24640,"(21364.0, 24660.0]"
鼎盛纺织有限公司007320,9.130916e+017,1,1,,,6,,6767,21420,"(21364.0, 24660.0]"
联创贸易有限责任公司007321,9.1337293e+017,1,1,省级,3,7,1,5656,6710,"(3780.0, 7370.0]"
金鼎化工有限公司007322,9.1389089763794e+017,0,1,县级,3,7,2,343434,4450,"(3780.0, 7370.0]"
金鼎医药有限责任公司007323,9.13006320491e+017,0,1,省级,2,1,1,-2323432,32160,"(31471.0, 35000.0]"
天成机械股份有限公司007324,9.1309299643417124e+017,1,0,国家级,6,7,4,5656,15480,"(14480.0, 17855.0]"
中原信息集团有限公司007325,9.1376e+017,1,1,市级,4,5,4,565,22040,"(21364.0, 24660.0]"
远航信息集团有限公司007326,9.1398947376e+017,1,,县级,6,6,3,676767,13460,"(10954.0, 14480.0]"
远航科技有限公司007327,9.137938537188751e+017,0,0,市级,3,7,4,676767,900,"(49.999, 3780.0]"
天成智能股份有限公司007328,9.1351780307625e+017,0,0,国家级,,7,7,565,17340,"(14480.0, 17855.0]"
联创医药有限责任公司007329,9.1363482650786e+017,0,1,市级,3,2,7,-2323432,25240,"(24660.0, 27972.0]"
宏达科技集团有限公司007330,9.13822660946e+017,1,0,市级,1,3,3,-3434545,19960,"(17855.0, 21364.0]"
宏达智能有限责任公司007331,9.1314536e+017,1,0,国家级,5,2,5,-2323432,34980,"(31471.0, 35000.0]"
创元贸易股份有限公司007332,9.13256818531e+017,0,0,省级,4,7,2,565,33740,"(31471.0, 35000.0]"
中原电子有限公司007333,9.1311645e+017,1,0,市级,7,3,2,343434,2810,"(49.999, 3780.0]"
嘉禾材料股份有限公司007334,9.13133599391948e+017,1,0,省级,1,6,7,-3434545,21860,"(21364.0, 24660.0]"
宏达智能集团有限公司007335,9.135785944679072e+017,1,1,省级,,1,1,6767,33470,"(31471.0, 35000.0]"
天成建设有限责任公司007336,9.13948630e+017,0,,县级,4,2,6,6767,9630,"(7370.0, 10954.0]"
星河装备股份有限公司007337,9.13585681197516e+017,1,0,市级,6,3,4,5656,9890,"(7370.0, 10954.0]"
星河贸易有限责任公司007338,9.139979e+017,0,0,国家级,4,5,3,565656,3610,"(49.999, 3780.0]"
启明化工股份有限公司007339,9.133224183958423e+017,0,0,县级,6,4,,343434,13570,"(10954.0, 14480.0]"
华泰能源有限公司007340,9.13668e+017,0,1,省级,5,1,6,565656,6530,"(3780.0, 7370.0]"
星河机械有限责任公司007341,9.13539805285e+017,1,1,,4,6,5,6767,23350,"(21364.0, 24660.0]"
汇通机械股份有限公司007342,9.13620710257e+017,1,1,市级,6,5,4,565,8870,"(7370.0, 10954.0]"
创元机械有限责任公司007343,9.13782625177686e+017,1,0,省级,7,6,7,6767,15890,"(14480.0, 17855.0]"
联创能源有限公司007344,9.133377954192564e+017,1,1,市级,7,2,5,-2323432,1280,"(49.999, 3780.0]"
华信纺织有限责任公司007345,9.1309e+017,,0,市级,3,7,1,5656,28320,"(27972.0, 31471.0]"
金鼎食品有限责任公司007346,9.133301146e+017,0,0,市级,3,3,,676767,23150,"(21364.0, 24660.0]"
远航环保股份有限公司007347,9.1353324109506009e+017,0,0,,3,1,5,5656,19130,"(17855.0, 21364.0]"
华泰信息股份有限公司007348,9.13462154242e+017,1,1,市级,,5,4,343434,29590,"(27972.0, 31471.0]"
汇通贸易股份有限公司007349,9.13831428605e+017,1,,国家级,5,6,3,343434,29930,"(27972.0, 31471.0]"
远航科技集团有限公司007350,9.1322989935214e+017,1,1,,,4,,6767,22430,"(21364.0, 24660.0]"
启明生物有限公司007351,9.13423504e+017,0,,县级,7,1,5,5656,31420,"(27972.0, 31471.0]"
永泰机械有限公司007352,9.132301e+017,0,0,国家级,3,3,,5656,3600,"(49.999, 3780.0]"
汇通医药股份有限公司007353,9.13021e+017,1,0,省级,3,,,-2323432,26200,"(24660.0, 27972.0]"
中原医药股份有限公司007354,9.132174e+017,,0,国家级,3,1,7,343434,4440,"(3780.0, 7370.0]"
汇通能源有限公司007355,9.1307589704778560e+017,0,,县级,3,1,1,343434,31650,"(31471.0, 35000.0]"
盛世信息股份有限公司007356,9.1349918930714118e+017,1,1,市级,,1,,565656,15210,"(14480.0, 17855.0]"
星河科技集团有限公司007357,9.130191313789240e+017,0,1,国家级,1,1,,6767,15830,"(14480.0, 17855.0]"
中原机械有限公司007358,9.130806921772e+017,1,1,国家级,2,5,6,5656,17820,"(14480.0, 17855.0]"
远航生物股份有限公司007359,9.138658430562798e+017,0,1,省级,6,6,,5656,26790,"(24660.0, 27972.0]"
金鼎环保有限公司007360,9.13360423e+017,1,1,县级,3,5,,343434,24780,"(24660.0, 27972.0]"
嘉禾材料集团有限公司007361,9.1383814689364e+017,0,1,国家级,3,6,2,5656,13470,"(10954.0, 14480.0]"
星河物流集团有限公司007362,9.13579835e+017,1,0,省级,2,6,2,-3434545,18490,"(17855.0, 21364.0]"
联创化工集团有限公司007363,9.138854886302e+017,0,1,县级,4,,7,343434,8320,"(7370.0, 10954.0]"
天成科技有限责任公司007364,9.139568794553e+017,0,,县级,5,3,5,6767,24390,"(21364.0, 24660.0]"
鼎盛材料股份有限公司007365,9.130747422e+017,1,1,,1,7,7,565,6480,"(3780.0, 7370.0]"
宏达纺织有限公司007366,9.13138536e+017,1,0,国家级,3,5,4,-3434545,7980,"(7370.0, 10954.0]"
瑞丰医药集团有限公司007367,9.13433549e+017,0,0,县级,2,3,4,-3434545,26500,"(24660.0, 27972.0]"
永泰装备有限责任公司007368,9.134026344703866e+017,1,1,市级,7,3,3,-2323432,21930,"(21364.0, 24660.0]"
联创电子有限公司007369,9.134000666376911e+017,0,1,省级,5,2,6,565,31960,"(31471.0, 35000.0]"
华泰贸易股份有限公司007370,9.138099814e+017,0,1,市级,6,6,5,565656,10480,"(7370.0, 10954.0]"
鼎盛物流集团有限公司007371,9.1335425206e+017,1,,县级,3,3,4,6767,10490,"(7370.0, 10954.0]"
瑞丰材料有限公司007372,9.13501934e+017,0,0,国家级,4,7,1,-2323432,15790,"(14480.0, 17855.0]"
永泰贸易股份有限公司007373,9.1344528873126e+017,1,1,省级,6,7,6,6767,25560,"(24660.0, 27972.0]"
联创能源集团有限公司007374,9.138573646776e+017,0,0,市级,1,,,-2323432,21940,"(21364.0, 24660.0]"
鼎盛化工股份有限公司007375,9.131011246791613e+017,0,0,县级,,,3,565,9360,"(7370.0, 10954.0]"
瑞丰环保股份有限公司007376,9.1360e+017,0,1,国家级,4,4,7,-2323432,26440,"(24660.0, 27972.0]"
瑞丰智能集团有限公司007377,9.1339935340914087e+017,1,0,市级,,3,2,-3434545,28600,"(27972.0, 31471.0]"
启明电子有限公司007378,9.13149120979e+017,1,1,县级,2,6,6,343434,20000,"(17855.0, 21364.0]"
华信信息有限公司007379,9.1329e+017,,1,国家级,,,2,-3434545,34570,"(31471.0, 35000.0]"
启明贸易股份有限公司007380,9.1397441e+017,0,0,县级,4,6,7,5656,15470,"(14480.0, 17855.0]"
创元贸易股份有限公司007381,9.1388686657e+017,1,0,县级,5,1,,-2323432,2630,"(49.999, 3780.0]"
启明物流有限责任公司007382,9.13034e+017,0,,县级,2,7,4,-2323432,22330,"(21364.0, 24660.0]"
创元机械集团有限公司007383,9.13373463587214e+017,0,0,,5,1,5,565656,9260,"(7370.0, 10954.0]"
汇通环保有限责任公司007384,9.13773e+017,1,1,,4,4,,343434,2580,"(49.999, 3780.0]"
星河纺织集团有限公司007385,9.131212916e+017,0,0,省级,1,4,4,-2323432,1740,"(49.999, 3780.0]"
星河医药集团有限公司007386,9.1356e+017,0,1,国家级,1,7,3,5656,11260,"(10954.0, 14480.0]"
瑞丰贸易股份有限公司007387,9.1358953e+017,0,1,国家级,6,2,3,5656,13400,"(10954.0, 14480.0]"
远航食品股份有限公司007388,9.1329410983e+017,0,0,国家级,3,3,4,565,29110,"(27972.0, 31471.0]"
远航物流有限公司007389,9.134556360425e+017,1,1,县级,5,2,3,565,31210,"(27972.0, 31471.0]"
嘉禾装备有限责任公司007390,9.13943875725e+017,0,1,国家级,7,2,,565,11580,"(10954.0, 14480.0]"
宏达装备有限责任公司007391,9.1375896101412146e+017,0,0,县级,1,1,1,565,30160,"(27972.0, 31471.0]"
瑞丰食品集团有限公司007392,9.13468696e+017,0,0,国家级,4,5,1,5656,27730,"(24660.0, 27972.0]"
启明物流股份有限公司007393,9.13814736267741e+017,1,0,国家级,5,7,7,565,21210,"(17855.0, 21364.0]"
华信纺织有限责任公司007394,9.1304e+017,0,0,国家级,1,5,7,676767,15200,"(14480.0, 17855.0]"
永泰智能有限责任公司007395,9.136671883444163e+017,0,0,县级,,7,2,565656,19450,"(17855.0, 21364.0]"
中原能源股份有限公司007396,9.137639412942083e+017,,0,省级,6,1,6,565,10200,"(7370.0, 10954.0]"
鼎盛材料有限公司007397,9.13094e+017,1,0,,7,5,1,-3434545,12950,"(10954.0, 14480.0]"
金鼎机械有限公司007398,9.130974e+017,0,1,国家级,5,1,4,-3434545,1610,"(49.999, 3780.0]"
汇通物流集团有限公司007399,9.1330868933e+017,,0,省级,1,4,1,5656,1210,"(49.999, 3780.0]"
星河网络有限公司007400,9.134137126259e+017,,1,国家级,,3,5,6767,21000,"(17855.0, 21364.0]"
星河食品有限公司007401,9.1301398587238e+017,0,1,省级,4,2,5,-2323432,5560,"(3780.0, 7370.0]"
宏达科技集团有限公司007402,9.13529e+017,1,1,县级,7,2,3,343434,18980,"(17855.0, 21364.0]"
宏达电子股份有限公司007403,9.138099e+017,0,1,国家级,3,,,565,27400,"(24660.0, 27972.0]"
启明医药集团有限公司007404,9.1368394e+017,0,0,市级,5,,7,6767,7750,"(7370.0, 10954.0]"
瑞丰环保有限责任公司007405,9.134498e+017,,1,,7,7,5,676767,16130,"(14480.0, 17855.0]"
星河机械有限公司007406,9.1332157243927950e+017,,1,县级,2,4,,343434,34440,"(31471.0, 35000.0]"
金鼎机械有限责任公司007407,9.1341065e+017,1,1,县级,3,4,3,565656,5090,"(3780.0, 7370.0]"
嘉禾能源有限责任公司007408,9.131503508e+017,1,1,市级,,1,,565,10010,"(7370.0, 10954.0]"
远航生物有限公司007409,9.1380416e+017,0,1,市级,7,4,6,565,30410,"(27972.0, 31471.0]"
博雅装备有限公司007410,9.13784249640e+017,0,1,市级,6,2,6,343434,2270,"(49.999, 3780.0]"
金鼎食品集团有限公司007411,9.130938502949e+017,0,0,县级,7,1,6,565656,17800,"(14480.0, 17855.0]"
联创环保有限公司007412,9.1346514124e+017,1,1,国家级,3,6,,-2323432,26720,"(24660.0, 27972.0]"
星河环保集团有限公司007413,9.1353932100804527e+017,0,0,省级,7,6,4,6767,11440,"(10954.0, 14480.0]"
嘉禾装备集团有限公司007414,9.1391484538522e+017,1,1,国家级,3,1,5,343434,19780,"(17855.0, 21364.0]"
嘉禾信息集团有限公司007415,9.1394498414442e+017,,1,国家级,4,3,4,343434,22350,"(21364.0, 24660.0]"
华信建设有限责任公司007416,9.1322924819e+017,0,0,省级,5,1,6,6767,26500,"(24660.0, 27972.0]"
华泰能源股份有限公司007417,9.13717415715e+017,1,1,县级,,,2,-3434545,13680,"(10954.0, 14480.0]"
星河机械集团有限公司007418,9.130855915728e+017,0,1,市级,7,4,7,-2323432,2350,"(49.999, 3780.0]"
永泰网络集团有限公司007419,9.13165587594738e+017,1,0,国家级,4,,6,-3434545,22590,"(21364.0, 24660.0]"
星河材料有限公司007420,9.130619051437e+017,0,1,县级,,7,5,343434,15050,"(14480.0, 17855.0]"
启明生物有限公司007421,9.13782027154475e+017,0,,省级,7,5,1,-3434545,27350,"(24660.0, 27972.0]"
联创贸易股份有限公司007422,9.13107e+017,0,1,省级,1,1,1,-3434545,3790,"(3780.0, 7370.0]"
华泰建设有限责任公司007423,9.130870811930906e+017,0,1,国家级,4,4,6,565,14120,"(10954.0, 14480.0]"
鼎盛纺织股份有限公司007424,9.130765261520e+017,0,1,市级,7,3,,676767,1570,"(49.999, 3780.0]"
华泰装备集团有限公司007425,9.1367428427711e+017,1,0,县级,3,5,7,-2323432,25640,"(24660.0, 27972.0]"
鼎盛材料集团有限公司007426,9.13083939897232e+017,1,0,市级,5,7,,565656,6890,"(3780.0, 7370.0]"
创元智能集团有限公司007427,9.13167e+017,1,1,国家级,1,6,2,676767,18300,"(17855.0, 21364.0]"
金鼎材料有限责任公司007428,9.13725214605e+017,1,1,省级,4,6,5,-3434545,15990,"(14480.0, 17855.0]"
鼎盛电子集团有限公司007429,9.137606290352519e+017,0,0,市级,5,,5,-2323432,16210,"(14480.0, 17855.0]"
金鼎装备集团有限公司007430,9.13886e+017,0,,国家级,3,6,1,565,4470,"(3780.0, 7370.0]"
中原化工股份有限公司007431,9.13525725e+017,0,0,市级,3,,5,343434,11150,"(10954.0, 14480.0]"
创元智能有限责任公司007432,9.1318718e+017,1,0,省级,,7,5,565,17440,"(14480.0, 17855.0]"
永泰医药集团有限公司007433,9.13040e+017,1,1,县级,6,3,7,-3434545,24160,"(21364.0, 24660.0]"
汇通信息股份有限公司007434,9.13332819053325e+017,,1,国家级,2,4,4,565,19120,"(17855.0, 21364.0]"
盛世网络集团有限公司007435,9.13077804e+017,1,0,市级,1,6,3,565,22850,"(21364.0, 24660.0]"
华信智能有限公司007436,9.1346424870e+017,1,0,省级,4,3,,-2323432,33140,"(31471.0, 35000.0]"
联创环保股份有限公司007437,9.13915128e+017,1,1,省级,,2,4,565,7790,"(7370.0, 10954.0]"
永泰装备股份有限公司007438,9.138980939e+017,0,1,,7,2,7,-2323432,13190,"(10954.0, 14480.0]"
星河装备集团有限公司007439,9.1341628e+017,1,1,县级,3,1,2,676767,20380,"(17855.0, 21364.0]"
永泰信息集团有限公司007440,9.13414e+017,1,,省级,3,,5,-3434545,11120,"(10954.0, 14480.0]"
嘉禾物流集团有限公司007441,9.13294681165e+017,0,0,省级,3,3,1,6767,6830,"(3780.0, 7370.0]"
永泰食品有限责任公司007442,9.13540409e+017,0,1,县级,5,1,2,565,5590,"(3780.0, 7370.0]"
永泰贸易有限公司007443,9.1306676e+017,0,0,县级,1,,2,343434,4020,"(3780.0, 7370.0]"
瑞丰医药集团有限公司007444,9.1352e+017,1,1,市级,7,6,5,343434,1370,"(49.999, 3780.0]"
启明机械股份有限公司007445,9.138860067748e+017,0,1,省级,1,6,1,6767,28430,"(27972.0, 31471.0]"
天成建设股份有限公司007446,9.137755e+017,1,1,,,,6,6767,19530,"(17855.0, 21364.0]"
瑞丰信息股份有限公司007447,9.131724318e+017,0,0,国家级,,4,7,565,14440,"(10954.0, 14480.0]"
嘉禾电子有限公司007448,9.1306343e+017,1,1,省级,4,7,6,565656,25660,"(24660.0, 27972.0]"
中原食品集团有限公司007449,9.13649e+017,,,国家级,2,7,2,676767,22730,"(21364.0, 24660.0]"
星河能源集团有限公司007450,9.133333790783e+017,,,国家级,3,3,2,565656,11440,"(10954.0, 14480.0]"
华泰机械股份有限公司007451,9.131983472009e+017,,1,国家级,7,7,2,-2323432,8430,"(7370.0, 10954.0]"
创元能源有限公司007452,9.1302138999e+017,0,1,市级,4,3,,5656,10090,"(7370.0, 10954.0]"
金鼎材料股份有限公司007453,9.1340327e+017,1,1,县级,,5,,5656,8500,"(7370.0, 10954.0]"
金鼎材料集团有限公司007454,9.134083446727835e+017,,0,市级,5,2,2,676767,6570,"(3780.0, 7370.0]"
永泰医药股份有限公司007455,9.13162659268e+017,1,0,市级,1,5,6,-3434545,13790,"(10954.0, 14480.0]"
盛世网络有限公司007456,9.13158781553e+017,1,1,省级,3,5,1,6767,12560,"(10954.0, 14480.0]"
创元电子有限公司007457,9.13947842574975e+017,0,1,市级,6,5,6,343434,18010,"(17855.0, 21364.0]"
华泰信息有限公司007458,9.13512857279e+017,1,1,,3,,2,343434,22970,"(21364.0, 24660.0]"
中原科技集团有限公司007459,9.1344214520266178e+017,1,0,省级,5,2,1,676767,23840,"(21364.0, 24660.0]"
金鼎机械有限公司007460,9.134544842353e+017,0,0,市级,7,2,,565656,10220,"(7370.0, 10954.0]"
博雅能源股份有限公司007461,9.1332e+017,1,0,省级,,2,5,-2323432,8880,"(7370.0, 10954.0]"
汇通纺织有限责任公司007462,9.13987536997545e+017,1,1,国家级,2,5,,-2323432,24330,"(21364.0, 24660.0]"
瑞丰贸易股份有限公司007463,9.1372e+017,,0,市级,6,,,-3434545,19930,"(17855.0, 21364.0]"
联创信息股份有限公司007464,9.1321832347001e+017,1,0,省级,7,4,,565,15260,"(14480.0, 17855.0]"
华泰网络集团有限公司007465,9.1314e+017,1,0,,3,2,3,676767,12570,"(10954.0, 14480.0]"
华泰建设有限公司007466,9.13129806e+017,0,0,,,6,6,5656,21460,"(21364.0, 24660.0]"
华泰智能集团有限公司007467,9.137911144e+017,1,0,,5,3,5,676767,11890,"(10954.0, 14480.0]"
天成信息股份有限公司007468,9.136027e+017,0,1,,4,6,5,565656,24610,"(21364.0, 24660.0]"
中原化工有限公司007469,9.1337904961e+017,1,,国家级,1,7,1,343434,10650,"(7370.0, 10954.0]"
天成材料股份有限公司007470,9.1376315e+017,1,1,省级,3,,4,565,11540,"(10954.0, 14480.0]"
远航生物集团有限公司007471,9.1370789972035504e+017,1,0,市级,,3,1,6767,5190,"(3780.0, 7370.0]"
瑞丰材料集团有限公司007472,9.135390430e+017,1,0,国家级,3,7,2,6767,5980,"(3780.0, 7370.0]"
华泰食品集团有限公司007473,9.13396059e+017,0,1,省级,1,,5,676767,25940,"(24660.0, 27972.0]"
嘉禾电子集团有限公司007474,9.130758e+017,0,0,国家级,,2,3,565656,10170,"(7370.0, 10954.0]"
华信智能集团有限公司007475,9.1317455218255e+017,1,0,市级,6,1,2,6767,33200,"(31471.0, 35000.0]"
盛世医药集团有限公司007476,9.1382e+017,0,1,县级,3,1,7,565656,9590,"(7370.0, 10954.0]"
博雅医药有限公司007477,9.1395844569e+017,1,1,,4,5,3,5656,34910,"(31471.0, 35000.0]"
永泰食品有限责任公司007478,9.130561596138423e+017,1,1,,2,2,3,676767,560,"(49.999, 3780.0]"
启明网络股份有限公司007479,9.133296e+017,0,1,市级,7,6,4,676767,25120,"(24660.0, 27972.0]"
汇通能源有限责任公司007480,9.1394933518422785e+017,,1,市级,1,4,3,6767,3690,"(49.999, 3780.0]"
远航生物集团有限公司007481,9.1369290e+017,1,0,市级,5,3,7,-3434545,25660,"(24660.0, 27972.0]"
嘉禾贸易集团有限公司007482,9.13847299853e+017,1,0,县级,4,3,2,565,29920,"(27972.0, 31471.0]"
嘉禾环保股份有限公司007483,9.1312e+017,0,1,县级,2,2,6,6767,26980,"(24660.0, 27972.0]"
嘉禾科技有限公司007484,9.13031328e+017,0,,国家级,1,1,4,5656,23550,"(21364.0, 24660.0]"
嘉禾食品有限责任公司007485,9.1344867597015e+017,0,1,省级,2,2,3,565656,27600,"(24660.0, 27972.0]"
宏达化工有限公司007486,9.135146800e+017,0,0,国家级,3,2,6,676767,25300,"(24660.0, 27972.0]"
嘉禾贸易有限责任公司007487,9.1354949060442e+017,0,0,县级,5,2,,343434,22950,"(21364.0, 24660.0]"
华信环保有限责任公司007488,9.13712e+017,0,0,县级,2,7,3,5656,15140,"(14480.0, 17855.0]"
宏达机械有限公司007489,9.13138524e+017,1,0,市级,3,1,7,-3434545,11810,"(10954.0, 14480.0]"
天成电子股份有限公司007490,9.1310030e+017,1,0,县级,7,5,2,-3434545,28930,"(27972.0, 31471.0]"
星河智能有限责任公司007491,9.1323895052e+017,0,1,省级,4,6,5,565656,21750,"(21364.0, 24660.0]"
瑞丰材料有限责任公司007492,9.139019115703e+017,1,1,市级,4,1,1,565,5740,"(3780.0, 7370.0]"
华泰机械股份有限公司007493,9.133559628097876e+017,1,1,县级,7,1,5,565656,34140,"(31471.0, 35000.0]"
宏达医药有限公司007494,9.1386101209504868e+017,1,1,市级,1,3,1,-2323432,18740,"(17855.0, 21364.0]"
博雅建设股份有限公司007495,9.132173361503e+017,0,1,,3,3,,565,33380,"(31471.0, 35000.0]"
博雅能源有限公司007496,9.13595244558058e+017,0,0,,6,,,343434,11620,"(10954.0, 14480.0]"
联创环保有限公司007497,9.1386380205290944e+017,1,1,省级,,,1,-3434545,2010,"(49.999, 3780.0]"
永泰信息有限公司007498,9.1336285049077650e+017,0,1,国家级,6,7,7,5656,6730,"(3780.0, 7370.0]"
鼎盛智能股份有限公司007499,9.1302797726722e+017,1,0,县级,5,7,3,676767,18290,"(17855.0, 21364.0]"
嘉禾贸易有限责任公司007500,9.13566262e+017,0,0,县级,,2,,6767,30410,"(27972.0, 31471.0]"
启明贸易有限责任公司007501,9.136857375717824e+017,0,0,国家级,7,,4,565,13070,"(10954.0, 14480.0]"
星河电子有限责任公司007502,9.133561e+017,0,1,省级,1,5,3,-3434545,34980,"(31471.0, 35000.0]"
博雅信息股份有限公司007503,9.1315857798929650e+017,0,0,省级,1,4,2,565656,11180,"(10954.0, 14480.0]"
金鼎装备集团有限公司007504,9.135307e+017,1,0,市级,2,7,7,-3434545,20260,"(17855.0, 21364.0]"
星河能源有限责任公司007505,9.133578009041542e+017,1,0,国家级,4,,3,5656,7330,"(3780.0, 7370.0]"
华泰信息有限公司007506,9.13385e+017,0,0,国家级,4,6,3,-3434545,20090,"(17855.0, 21364.0]"
星河化工有限公司007507,9.1364558999629e+017,0,0,省级,7,4,,565656,18020,"(17855.0, 21364.0]"
华信能源有限公司007508,9.138356938e+017,1,1,县级,6,4,4,-3434545,34020,"(31471.0, 35000.0]"
星河信息集团有限公司007509,9.137599827464755e+017,1,0,市级,7,2,,565656,5350,"(3780.0, 7370.0]"
嘉禾电子有限责任公司007510,9.1331388830758978e+017,0,1,国家级,1,7,5,-2323432,16670,"(14480.0, 17855.0]"
盛世建设有限公司007511,9.132445878824783e+017,1,0,,4,,4,5656,13170,"(10954.0, 14480.0]"
创元化工有限公司007512,9.137459562635160e+017,0,0,县级,3,,4,5656,20400,"(17855.0, 21364.0]"
永泰科技集团有限公司007513,9.1327779795e+017,1,,市级,6,3,6,-2323432,34760,"(31471.0, 35000.0]"
远航科技股份有限公司007514,9.134072e+017,0,0,国家级,7,7,3,676767,19990,"(17855.0, 21364.0]"
中原医药集团有限公司007515,9.13706528e+017,0,1,市级,3,2,4,565656,12440,"(10954.0, 14480.0]"
华信装备股份有限公司007516,9.13334644681288e+017,1,1,省级,3,,4,-3434545,6330,"(3780.0, 7370.0]"
宏达建设有限责任公司007517,9.1327904698e+017,0,1,国家级,2,,6,343434,15420,"(14480.0, 17855.0]"
金鼎网络有限责任公司007518,9.13588422568058e+017,1,0,省级,2,,7,343434,29440,"(27972.0, 31471.0]"
华泰纺织有限责任公司007519,9.13159553952550e+017,1,0,县级,2,7,1,676767,22110,"(21364.0, 24660.0]"
鼎盛机械有限公司007520,9.1357088174613878e+017,0,0,市级,4,3,5,5656,20370,"(17855.0, 21364.0]"
星河电子有限公司007521,9.136000097686532e+017,1,,省级,6,4,7,6767,32570,"(31471.0, 35000.0]"
盛世纺织集团有限公司007522,9.1392941391255434e+017,0,0,,3,2,7,343434,4930,"(3780.0, 7370.0]"
宏达网络股份有限公司007523,9.13533883e+017,0,0,省级,5,6,6,5656,2130,"(49.999, 3780.0]"
金鼎环保有限公司007524,9.1360054567266e+017,1,0,,,,7,-3434545,17170,"(14480.0, 17855.0]"
博雅生物有限公司007525,9.13147804694e+017,0,0,国家级,,3,3,-3434545,32270,"(31471.0, 35000.0]"
星河建设股份有限公司007526,9.1384799164145138e+017,1,0,国家级,7,4,7,-2323432,14340,"(10954.0, 14480.0]"
天成科技有限责任公司007527,9.1337195216887209e+017,0,0,省级,,7,7,343434,26390,"(24660.0, 27972.0]"
宏达科技有限责任公司007528,9.1329e+017,,1,县级,6,5,4,6767,5410,"(3780.0, 7370.0]"
创元能源股份有限公司007529,9.134119041e+017,0,0,,,3,7,6767,25340,"(24660.0, 27972.0]"
博雅物流集团有限公司007530,9.1388520005990e+017,0,1,市级,4,2,1,5656,17370,"(14480.0, 17855.0]"
星河医药有限公司007531,9.13074882581098e+017,0,,省级,6,7,,6767,6540,"(3780.0, 7370.0]"
博雅纺织股份有限公司007532,9.1347230e+017,1,1,市级,5,2,6,565,13580,"(10954.0, 14480.0]"
远航信息有限公司007533,9.13269e+017,0,0,县级,5,7,,565656,24020,"(21364.0, 24660.0]"
汇通科技有限公司007534,9.1352975259e+017,0,1,市级,1,,7,5656,13430,"(10954.0, 14480.0]"
汇通智能股份有限公司007535,9.135723321894422e+017,0,0,市级,,1,4,676767,13220,"(10954.0, 14480.0]"
华泰环保有限公司007536,9.13262045274299e+017,1,,市级,2,5,1,-2323432,4130,"(3780.0, 7370.0]"
中原物流股份有限公司007537,9.132440722e+017,1,1,,,,4,565656,21960,"(21364.0, 24660.0]"
华信机械有限责任公司007538,9.1377055064182e+017,0,1,县级,6,5,,-2323432,4370,"(3780.0, 7370.0]"
中原环保有限责任公司007539,9.139306909e+017,1,0,国家级,4,5,7,-3434545,8100,"(7370.0, 10954.0]"
金鼎医药股份有限公司007540,9.13892251e+017,1,1,市级,,3,1,6767,17740,"(14480.0, 17855.0]"
盛世装备有限责任公司007541,9.1332760604e+017,1,1,国家级,1,4,,-2323432,7150,"(3780.0, 7370.0]"
瑞丰能源有限责任公司007542,9.1300e+017,0,1,市级,4,,,-3434545,5640,"(3780.0, 7370.0]"
永泰机械有限责任公司007543,9.1366249e+017,0,1,国家级,1,5,7,565656,19870,"(17855.0, 21364.0]"
天成食品股份有限公司007544,9.13339e+017,0,1,县级,4,7,5,-3434545,21950,"(21364.0, 24660.0]"
远航材料有限公司007545,9.13464662e+017,0,1,县级,3,6,3,-2323432,33680,"(31471.0, 35000.0]"
华泰装备有限公司007546,9.131149618115e+017,0,1,市级,7,6,2,5656,25090,"(24660.0, 27972.0]"
宏达能源有限公司007547,9.13702e+017,0,0,市级,7,6,,343434,26300,"(24660.0, 27972.0]"
盛世装备集团有限公司007548,9.1318353038e+017,1,1,县级,4,2,,-2323432,3590,"(49.999, 3780.0]"
华信智能有限公司007549,9.137801471e+017,0,1,,5,3,5,-2323432,23200,"(21364.0, 24660.0]"
盛世物流有限责任公司007550,9.1383e+017,0,0,省级,5,3,3,565656,25500,"(24660.0, 27972.0]"
汇通化工有限公司007551,9.131665e+017,1,1,国家级,6,4,2,565,4790,"(3780.0, 7370.0]"
中原纺织有限责任公司007552,9.1397e+017,0,1,省级,5,3,7,565656,50,"(49.999, 3780.0]"
星河材料股份有限公司007553,9.13552121563e+017,0,1,省级,1,3,5,6767,31360,"(27972.0, 31471.0]"
汇通电子有限公司007554,9.13075935e+017,0,0,,4,7,7,-2323432,33640,"(31471.0, 35000.0]"
瑞丰电子集团有限公司007555,9.1338716698628e+017,1,1,,2,7,,-2323432,4860,"(3780.0, 7370.0]"
中原信息集团有限公司007556,9.1379081729e+017,0,,国家级,,1,6,565656,19240,"(17855.0, 21364.0]"
嘉禾材料有限责任公司007557,9.135782922e+017,0,0,国家级,6,1,,343434,31610,"(31471.0, 35000.0]"
瑞丰信息有限公司007558,9.138824219e+017,0,0,国家级,2,1,7,343434,18410,"(17855.0, 21364.0]"
嘉禾生物集团有限公司007559,9.13387028193892e+017,0,0,,5,3,5,5656,33940,"(31471.0, 35000.0]"
瑞丰化工股份有限公司007560,9.131009e+017,1,1,县级,3,,7,565,2530,"(49.999, 3780.0]"
金鼎科技有限公司007561,9.13521607608e+017,,0,,4,5,7,565,20520,"(17855.0, 21364.0]"
宏达科技有限公司007562,9.133798987593572e+017,0,0,国家级,2,3,5,565,12680,"(10954.0, 14480.0]"
星河贸易有限公司007563,9.136273e+017,1,1,市级,3,5,1,343434,4980,"(3780.0, 7370.0]"
联创贸易集团有限公司007564,9.13413261384558e+017,,0,县级,6,6,1,565,22330,"(21364.0, 24660.0]"
鼎盛装备有限责任公司007565,9.13010e+017,1,0,县级,,5,,565656,13720,"(10954.0, 14480.0]"
天成环保集团有限公司007566,9.1304738e+017,0,0,省级,4,7,1,6767,34610,"(31471.0, 35000.0]"
天成生物集团有限公司007567,9.13899391610e+017,1,0,省级,2,3,6,-3434545,27010,"(24660.0, 27972.0]"
汇通纺织股份有限公司007568,9.13779560e+017,1,0,县级,7,2,5,343434,18020,"(17855.0, 21364.0]"
鼎盛机械集团有限公司007569,9.1301624411194287e+017,0,1,县级,4,1,4,676767,29460,"(27972.0, 31471.0]"
华泰环保有限公司007570,9.130722196433552e+017,1,1,县级,4,,1,-2323432,13620,"(10954.0, 14480.0]"
天成物流集团有限公司007571,9.1377070e+017,1,1,县级,6,6,,5656,25600,"(24660.0, 27972.0]"
金鼎食品股份有限公司007572,9.13947e+017,,1,市级,7,7,5,565656,32040,"(31471.0, 35000.0]"
星河物流集团有限公司007573,9.13511799207175e+017,1,1,国家级,2,7,,343434,24150,"(21364.0, 24660.0]"
宏达医药集团有限公司007574,9.13476648076245e+017,1,,县级,3,7,1,-3434545,29120,"(27972.0, 31471.0]"
金鼎网络股份有限公司007575,9.139085357e+017,0,0,国家级,1,,,565,14510,"(14480.0, 17855.0]"
天成网络集团有限公司007576,9.1372029e+017,1,0,国家级,5,6,7,-2323432,32700,"(31471.0, 35000.0]"
联创科技有限公司007577,9.132999366520499e+017,0,0,国家级,5,5,2,-2323432,24800,"(24660.0, 27972.0]"
星河建设有限责任公司007578,9.1343875295274895e+017,0,1,,3,,1,-2323432,3760,"(49.999, 3780.0]"
永泰环保股份有限公司007579,9.136894408409234e+017,0,0,省级,3,1,2,-3434545,16890,"(14480.0, 17855.0]"
宏达科技有限责任公司007580,9.13585170325e+017,1,0,市级,5,4,6,-3434545,16910,"(14480.0, 17855.0]"
天成纺织有限责任公司007581,9.131782e+017,0,0,,5,6,5,565656,3960,"(3780.0, 7370.0]"
启明材料有限公司007582,9.13627286733e+017,1,1,省级,1,3,,6767,33460,"(31471.0, 35000.0]"
宏达科技股份有限公司007583,9.133017643851e+017,1,0,县级,1,5,4,565,33320,"(31471.0, 35000.0]"
华信科技有限责任公司007584,9.1324817426593822e+017,0,1,,1,4,5,565656,10040,"(7370.0, 10954.0]"
远航建设集团有限公司007585,9.13757e+017,0,0,,5,2,,676767,25010,"(24660.0, 27972.0]"
华泰网络有限责任公司007586,9.13840223796e+017,0,1,市级,2,6,7,5656,16180,"(14480.0, 17855.0]"
启明装备有限公司007587,9.139972673e+017,1,0,省级,4,5,6,565656,17480,"(14480.0, 17855.0]"
天成建设有限公司007588,9.13093904065463e+017,0,1,市级,7,,,676767,19520,"(17855.0, 21364.0]"
瑞丰医药集团有限公司007589,9.130688180527673e+017,0,0,省级,5,4,5,676767,6110,"(3780.0, 7370.0]"
启明环保股份有限公司007590,9.13061365240e+017,,0,,5,,5,565,30600,"(27972.0, 31471.0]"
华泰科技股份有限公司007591,9.13264216775e+017,1,0,县级,,,3,676767,23000,"(21364.0, 24660.0]"
永泰机械有限公司007592,9.131706296e+017,1,0,市级,5,4,7,676767,10910,"(7370.0, 10954.0]"
瑞丰建设有限责任公司007593,9.1345884980262353e+017,0,0,省级,6,5,1,5656,8500,"(7370.0, 10954.0]"
金鼎科技股份有限公司007594,9.13859910e+017,1,1,,,6,5,6767,21390,"(21364.0, 24660.0]"
联创医药集团有限公司007595,9.137143e+017,1,1,县级,2,3,7,565656,26820,"(24660.0, 27972.0]"
华泰能源有限责任公司007596,9.13270182187e+017,0,0,省级,,1,3,6767,14650,"(14480.0, 17855.0]"
中原电子有限公司007597,9.13468792e+017,1,1,省级,7,5,4,343434,8170,"(7370.0, 10954.0]"
天成网络集团有限公司007598,9.1329e+017,1,0,县级,7,1,1,6767,10860,"(7370.0, 10954.0]"
中原纺织股份有限公司007599,9.13000e+017,0,1,市级,,4,,343434,8350,"(7370.0, 10954.0]"
中原信息有限公司007600,9.1321e+017,,1,省级,2,7,2,676767,22320,"(21364.0, 24660.0]"
创元材料有限公司007601,9.13867323200e+017,1,,国家级,2,6,,5656,28240,"(27972.0, 31471.0]"
华泰网络集团有限公司007602,9.1307247e+017,0,,省级,5,3,,-3434545,33590,"(31471.0, 35000.0]"
华信生物有限公司007603,9.13099918351e+017,0,0,县级,5,3,6,6767,10780,"(7370.0, 10954.0]"
博雅纺织有限公司007604,9.132900e+017,0,,省级,1,2,7,565656,5070,"(3780.0, 7370.0]"
启明信息有限责任公司007605,9.13746892996e+017,1,0,省级,4,,7,-3434545,14830,"(14480.0, 17855.0]"
鼎盛物流股份有限公司007606,9.1303271031569254e+017,1,1,县级,1,5,5,6767,16300,"(14480.0, 17855.0]"
宏达环保集团有限公司007607,9.13527983023487e+017,1,0,,6,7,6,676767,12670,"(10954.0, 14480.0]"
远航化工股份有限公司007608,9.1349025e+017,0,1,省级,1,5,,565656,16390,"(14480.0, 17855.0]"
华信智能有限公司007609,9.138237935486e+017,1,1,省级,2,1,3,5656,29900,"(27972.0, 31471.0]"
汇通机械集团有限公司007610,9.132447305618e+017,1,0,国家级,5,3,2,-2323432,2510,"(49.999, 3780.0]"
金鼎生物股份有限公司007611,9.133324852629827e+017,1,1,县级,7,2,4,676767,27590,"(24660.0, 27972.0]"
中原电子集团有限公司007612,9.13576631243e+017,0,0,国家级,4,1,7,-2323432,32980,"(31471.0, 35000.0]"
宏达网络有限责任公司007613,9.1314270275982750e+017,0,1,,4,3,3,343434,3580,"(49.999, 3780.0]"
鼎盛环保有限公司007614,9.1306035654e+017,,1,,5,7,,6767,21400,"(21364.0, 24660.0]"
博雅材料有限责任公司007615,9.135395523e+017,0,0,国家级,7,1,,565656,19960,"(17855.0, 21364.0]"
创元网络股份有限公司007616,9.1328e+017,0,1,国家级,1,6,,565,11980,"(10954.0, 14480.0]"
星河物流股份有限公司007617,9.13551281209e+017,1,1,省级,4,6,7,5656,8610,"(7370.0, 10954.0]"
汇通装备股份有限公司007618,9.137634519465194e+017,1,0,省级,6,4,3,565656,17080,"(14480.0, 17855.0]"
创元智能股份有限公司007619,9.131291e+017,,0,县级,2,3,7,565,9320,"(7370.0, 10954.0]"
启明信息集团有限公司007620,9.13947e+017,0,1,省级,4,3,2,-2323432,17950,"(17855.0, 21364.0]"
宏达环保有限公司007621,9.13746152136e+017,1,1,国家级,,6,7,-3434545,16740,"(14480.0, 17855.0]"
宏达科技集团有限公司007622,9.1340624133614341e+017,,,市级,5,6,,-2323432,31170,"(27972.0, 31471.0]"
嘉禾机械集团有限公司007623,9.139312e+017,1,1,国家级,5,5,4,5656,25550,"(24660.0, 27972.0]"
嘉禾化工有限责任公司007624,9.1381329217856338e+017,1,1,,4,6,5,565656,2280,"(49.999, 3780.0]"
中原能源集团有限公司007625,9.13026060249e+017,1,1,市级,2,5,3,6767,3060,"(49.999, 3780.0]"
博雅食品有限公司007626,9.1342e+017,1,0,市级,7,,,6767,19330,"(17855.0, 21364.0]"
嘉禾电子集团有限公司007627,9.13777309692e+017,,,省级,,5,7,-3434545,14310,"(10954.0, 14480.0]"
汇通生物有限责任公司007628,9.137929451e+017,1,0,,,2,5,6767,3930,"(3780.0, 7370.0]"
盛世电子股份有限公司007629,9.133842660e+017,0,0,县级,6,4,6,6767,16490,"(14480.0, 17855.0]"
中原建设有限责任公司007630,9.1351380941479e+017,1,0,市级,,6,,565656,11500,"(10954.0, 14480.0]"
联创信息有限责任公司007631,9.133649333803034e+017,0,1,,5,6,6,565656,6790,"(3780.0, 7370.0]"
天成食品有限公司007632,9.135298279e+017,1,1,市级,7,5,4,-3434545,7930,"(7370.0, 10954.0]"
汇通纺织集团有限公司007633,9.136043345426e+017,0,1,市级,,5,3,676767,7400,"(7370.0, 10954.0]"
鼎盛能源有限责任公司007634,9.1390242375e+017,1,0,国家级,6,3,7,565,12730,"(10954.0, 14480.0]"
瑞丰装备集团有限公司007635,9.137222e+017,1,1,,3,5,1,-3434545,33430,"(31471.0, 35000.0]"
启明装备有限责任公司007636,9.13493e+017,0,0,市级,7,7,3,565656,13930,"(10954.0, 14480.0]"
汇通物流股份有限公司007637,9.133675067e+017,1,0,县级,5,,7,6767,34210,"(31471.0, 35000.0]"
天成装备有限公司007638,9.13359e+017,1,1,,1,,3,565,10020,"(7370.0, 10954.0]"
联创信息有限责任公司007639,9.133503817e+017,1,,县级,,,2,-2323432,33630,"(31471.0, 35000.0]"
金鼎化工有限责任公司007640,9.13474656934e+017,0,1,,5,5,7,676767,32750,"(31471.0, 35000.0]"
天成食品有限公司007641,9.13525e+017,0,0,县级,4,3,2,-3434545,10040,"(7370.0, 10954.0]"
启明物流有限公司007642,9.13074e+017,1,0,县级,5,4,4,676767,23360,"(21364.0, 24660.0]"
鼎盛能源集团有限公司007643,9.13028620041607e+017,1,1,市级,4,1,1,-2323432,13400,"(10954.0, 14480.0]"
盛世装备有限公司007644,9.136015e+017,1,1,市级,1,3,2,6767,6190,"(3780.0, 7370.0]"
博雅装备股份有限公司007645,9.133449e+017,0,,省级,5,,4,5656,17250,"(14480.0, 17855.0]"
联创医药股份有限公司007646,9.1365508e+017,1,1,国家级,6,2,6,-3434545,25220,"(24660.0, 27972.0]"
金鼎环保股份有限公司007647,9.13725e+017,1,0,省级,6,7,2,-2323432,12830,"(10954.0, 14480.0]"
汇通信息集团有限公司007648,9.137644815712347e+017,,1,省级,,2,,5656,19080,"(17855.0, 21364.0]"
启明物流有限责任公司007649,9.13772e+017,0,0,县级,3,1,,-3434545,7000,"(3780.0, 7370.0]"
创元纺织有限责任公司007650,9.135641496534e+017,1,1,省级,4,1,3,676767,24480,"(21364.0, 24660.0]"
盛世信息有限责任公司007651,9.1339193458e+017,1,1,市级,5,5,7,676767,26550,"(24660.0, 27972.0]"
创元建设有限责任公司007652,9.13622173471271e+017,0,1,国家级,3,7,6,565656,19260,"(17855.0, 21364.0]"
星河电子集团有限公司007653,9.1340397752543325e+017,1,1,县级,7,6,6,343434,34650,"(31471.0, 35000.0]"
启明纺织有限责任公司007654,9.13013517e+017,1,1,省级,7,2,1,-3434545,21720,"(21364.0, 24660.0]"
天成生物股份有限公司007655,9.13464686522157e+017,0,0,县级,,,1,343434,17900,"(17855.0, 21364.0]"
华信装备集团有限公司007656,9.13194e+017,,0,县级,,6,7,565,16580,"(14480.0, 17855.0]"
天成信息有限责任公司007657,9.1392e+017,1,0,省级,4,7,6,565656,16550,"(14480.0, 17855.0]"
创元网络有限公司007658,9.133512426227714e+017,0,0,市级,5,4,2,343434,8780,"(7370.0, 10954.0]"
鼎盛建设有限责任公司007659,9.137484707207546e+017,1,0,国家级,7,2,7,343434,15630,"(14480.0, 17855.0]"
星河贸易集团有限公司007660,9.13887369297046e+017,0,0,市级,6,3,3,-2323432,16970,"(14480.0, 17855.0]"
星河信息集团有限公司007661,9.1358e+017,0,0,市级,1,6,4,565,24960,"(24660.0, 27972.0]"
瑞丰环保集团有限公司007662,9.1393900e+017,0,0,省级,2,,1,565656,28770,"(27972.0, 31471.0]"
联创装备股份有限公司007663,9.1358108845e+017,0,0,县级,,,,565,23990,"(21364.0, 24660.0]"
金鼎建设有限责任公司007664,9.134357e+017,,0,市级,7,1,,565,29140,"(27972.0, 31471.0]"
汇通机械股份有限公司007665,9.13240067011864e+017,1,0,县级,3,3,4,-2323432,6380,"(3780.0, 7370.0]"
创元能源有限责任公司007666,9.136883269412542e+017,0,1,,4,1,2,676767,25070,"(24660.0, 27972.0]"
鼎盛智能集团有限公司007667,9.135281e+017,0,0,国家级,1,7,5,565656,28730,"(27972.0, 31471.0]"
中原食品有限责任公司007668,9.13203947e+017,1,1,省级,6,,5,565,5390,"(3780.0, 7370.0]"
中原能源有限责任公司007669,9.13078489e+017,0,1,市级,2,4,,-2323432,13470,"(10954.0, 14480.0]"
金鼎医药股份有限公司007670,9.13637896845998e+017,1,0,市级,2,,,343434,28460,"(27972.0, 31471.0]"
星河纺织股份有限公司007671,9.13563438679629e+017,0,0,市级,,7,5,6767,30470,"(27972.0, 31471.0]"
瑞丰材料有限公司007672,9.1362218661e+017,,0,国家级,4,5,1,5656,6050,"(3780.0, 7370.0]"
联创生物股份有限公司007673,9.138857334e+017,0,1,国家级,5,6,6,565656,25220,"(24660.0, 27972.0]"
天成智能有限责任公司007674,9.1327477589784925e+017,0,0,县级,2,6,2,565,18480,"(17855.0, 21364.0]"
创元纺织有限责任公司007675,9.136471842188e+017,1,0,市级,3,7,1,-2323432,20000,"(17855.0, 21364.0]"
博雅食品股份有限公司007676,9.13397e+017,0,1,省级,7,3,1,343434,23110,"(21364.0, 24660.0]"
天成信息有限公司007677,9.1374425449224885e+017,0,0,国家级,1,,3,5656,2310,"(49.999, 3780.0]"
创元信息股份有限公司007678,9.138711012e+017,,0,县级,6,,1,565656,34030,"(31471.0, 35000.0]"
盛世电子股份有限公司007679,9.1340559e+017,1,0,国家级,4,1,5,565,6780,"(3780.0, 7370.0]"
金鼎科技有限责任公司007680,9.13387175e+017,0,1,,7,,1,6767,23650,"(21364.0, 24660.0]"
华泰机械集团有限公司007681,9.13801692007551e+017,1,1,省级,6,2,1,676767,7670,"(7370.0, 10954.0]"
天成装备有限责任公司007682,9.1374669e+017,1,0,市级,7,,2,565,5760,"(3780.0, 7370.0]"
远航化工集团有限公司007683,9.13517963150339e+017,0,0,省级,3,3,3,5656,34830,"(31471.0, 35000.0]"
联创纺织有限公司007684,9.1369177147064340e+017,0,0,市级,4,7,,343434,6830,"(3780.0, 7370.0]"
联创智能有限公司007685,9.1322757377e+017,0,1,省级,4,7,1,565656,3570,"(49.999, 3780.0]"
天成信息集团有限公司007686,9.1391034e+017,0,0,,7,6,1,-3434545,3560,"(49.999, 3780.0]"
宏达材料有限公司007687,9.13036004e+017,1,0,县级,4,1,7,6767,28120,"(27972.0, 31471.0]"
星河食品有限公司007688,9.1355698153930729e+017,,1,省级,,3,,565656,26520,"(24660.0, 27972.0]"
永泰装备股份有限公司007689,9.1398959157e+017,0,1,国家级,6,1,5,565,15300,"(14480.0, 17855.0]"
汇通食品有限公司007690,9.1321e+017,0,1,市级,1,5,4,343434,34020,"(31471.0, 35000.0]"
星河环保集团有限公司007691,9.139503442566438e+017,0,1,市级,3,4,5,565,2680,"(49.999, 3780.0]"
宏达食品股份有限公司007692,9.13146933e+017,0,,省级,,1,6,565,11840,"(10954.0, 14480.0]"
华信建设集团有限公司007693,9.1341859354100e+017,1,1,省级,3,,5,565656,25200,"(24660.0, 27972.0]"
博雅贸易集团有限公司007694,9.136853513e+017,,0,县级,2,6,2,676767,8980,"(7370.0, 10954.0]"
盛世建设有限责任公司007695,9.1315397673e+017,1,0,省级,1,1,7,565656,4970,"(3780.0, 7370.0]"
宏达医药集团有限公司007696,9.137649748289032e+017,1,1,县级,,5,4,565656,25600,"(24660.0, 27972.0]"
宏达建设集团有限公司007697,9.13249391585083e+017,1,1,国家级,4,5,7,343434,440,"(49.999, 3780.0]"
嘉禾智能有限责任公司007698,9.13550e+017,0,1,省级,4,5,4,5656,11210,"(10954.0, 14480.0]"
星河物流股份有限公司007699,9.1389e+017,0,0,,6,1,1,-3434545,32910,"(31471.0, 35000.0]"
星河建设股份有限公司007700,9.13518465323e+017,1,0,,1,1,4,565656,6550,"(3780.0, 7370.0]"
创元建设集团有限公司007701,9.13358114e+017,0,1,市级,6,3,6,676767,24740,"(24660.0, 27972.0]"
启明信息股份有限公司007702,9.134913306343e+017,1,1,,1,7,3,676767,31220,"(27972.0, 31471.0]"
汇通化工有限责任公司007703,9.13055455667e+017,1,1,省级,4,2,,343434,12510,"(10954.0, 14480.0]"
联创建设集团有限公司007704,9.1313103e+017,1,,县级,7,2,5,565,2270,"(49.999, 3780.0]"
永泰信息有限公司007705,9.13425457285e+017,1,0,省级,5,,1,565656,25370,"(24660.0, 27972.0]"
启明食品集团有限公司007706,9.1344e+017,0,1,省级,1,3,,565656,9240,"(7370.0, 10954.0]"
金鼎纺织股份有限公司007707,9.13278e+017,0,0,省级,1,4,1,-2323432,22890,"(21364.0, 24660.0]"
鼎盛能源集团有限公司007708,9.1352191032718268e+017,1,1,国家级,5,,5,565,34580,"(31471.0, 35000.0]"
启明建设股份有限公司007709,9.135660430850e+017,1,,市级,,5,,565656,4370,"(3780.0, 7370.0]"
宏达装备集团有限公司007710,9.1378026e+017,0,0,市级,,1,2,343434,9300,"(7370.0, 10954.0]"
金鼎医药股份有限公司007711,9.1342616015295e+017,0,1,省级,3,3,4,-3434545,8480,"(7370.0, 10954.0]"
联创建设有限责任公司007712,9.1325354565186722e+017,1,1,县级,7,2,5,-2323432,28550,"(27972.0, 31471.0]"
鼎盛装备有限责任公司007713,9.1326e+017,1,0,国家级,2,3,5,5656,6890,"(3780.0, 7370.0]"
汇通装备股份有限公司007714,9.13244e+017,1,1,国家级,6,3,1,-2323432,27670,"(24660.0, 27972.0]"
天成科技股份有限公司007715,9.1382250013845e+017,1,1,市级,6,3,4,565656,29750,"(27972.0, 31471.0]"
瑞丰智能股份有限公司007716,9.1370703e+017,0,0,国家级,4,7,1,676767,2400,"(49.999, 3780.0]"
创元机械集团有限公司007717,9.137224005918684e+017,0,0,市级,7,3,3,343434,1990,"(49.999, 3780.0]"
华信智能集团有限公司007718,9.13307276e+017,1,,县级,3,5,4,-2323432,10370,"(7370.0, 10954.0]"
华信材料股份有限公司007719,9.139517693007e+017,0,1,市级,,,1,6767,32110,"(31471.0, 35000.0]"
天成智能有限公司007720,9.13463e+017,0,0,国家级,,3,2,6767,23120,"(21364.0, 24660.0]"
永泰生物有限公司007721,9.13816497e+017,1,1,,5,5,6,565,13040,"(10954.0, 14480.0]"
华泰生物股份有限公司007722,9.130440364294e+017,0,0,国家级,4,2,7,565656,12200,"(10954.0, 14480.0]"
鼎盛贸易有限责任公司007723,9.1364992e+017,0,1,国家级,2,6,4,-3434545,17510,"(14480.0, 17855.0]"
盛世装备有限责任公司007724,9.13091022032e+017,1,0,国家级,7,1,4,565,16130,"(14480.0, 17855.0]"
汇通智能有限责任公司007725,9.13540e+017,1,1,县级,1,2,7,6767,3560,"(49.999, 3780.0]"
华信材料有限公司007726,9.130584847436e+017,0,0,,3,,6,565656,1990,"(49.999, 3780.0]"
瑞丰装备有限公司007727,9.135332012214218e+017,,0,,4,3,7,343434,19590,"(17855.0, 21364.0]"
盛世智能有限公司007728,9.136732382178e+017,1,0,,4,2,1,5656,2290,"(49.999, 3780.0]"
盛世环保股份有限公司007729,9.130809e+017,0,1,国家级,3,3,,-3434545,3380,"(49.999, 3780.0]"
中原装备集团有限公司007730,9.13620313438e+017,1,0,市级,4,1,3,343434,27890,"(24660.0, 27972.0]"
瑞丰电子有限公司007731,9.13915360002666e+017,0,1,国家级,1,6,6,565656,22740,"(21364.0, 24660.0]"
创元环保有限责任公司007732,9.1345462663306934e+017,0,1,市级,1,,2,-2323432,3690,"(49.999, 3780.0]"
博雅智能股份有限公司007733,9.1372020e+017,0,1,,2,2,6,565656,7060,"(3780.0, 7370.0]"
金鼎装备有限公司007734,9.1321758602492e+017,1,,国家级,2,3,4,565656,6040,"(3780.0, 7370.0]"
华泰生物有限公司007735,9.1361115259941e+017,0,0,国家级,2,4,1,6767,31490,"(31471.0, 35000.0]"
宏达食品有限责任公司007736,9.1365648e+017,1,1,省级,3,3,3,6767,9050,"(7370.0, 10954.0]"
远航网络有限责任公司007737,9.13735064737e+017,0,0,,7,,7,565656,15470,"(14480.0, 17855.0]"
博雅贸易有限责任公司007738,9.1350431612e+017,1,1,省级,2,,2,676767,15230,"(14480.0, 17855.0]"
嘉禾生物有限公司007739,9.13975e+017,0,1,,5,,2,676767,7740,"(7370.0, 10954.0]"
华信物流有限责任公司007740,9.13723735484e+017,0,1,省级,2,4,3,-3434545,17300,"(14480.0, 17855.0]"
宏达贸易集团有限公司007741,9.1392e+017,0,0,国家级,3,2,3,565,23480,"(21364.0, 24660.0]"
嘉禾贸易股份有限公司007742,9.131371e+017,0,0,,,7,5,676767,31860,"(31471.0, 35000.0]"
联创能源有限公司007743,9.1300678961663e+017,0,0,国家级,4,4,,5656,25810,"(24660.0, 27972.0]"
星河装备有限责任公司007744,9.137825045985049e+017,1,1,,5,5,3,343434,25490,"(24660.0, 27972.0]"
汇通信息股份有限公司007745,9.1343546143e+017,1,1,市级,7,,1,-3434545,16130,"(14480.0, 17855.0]"
鼎盛建设集团有限公司007746,9.13113463046e+017,1,1,市级,1,3,5,6767,16290,"(14480.0, 17855.0]"
金鼎智能有限公司007747,9.139041066e+017,1,0,市级,,2,6,5656,10970,"(10954.0, 14480.0]"
华泰科技有限责任公司007748,9.13927e+017,0,0,市级,7,1,5,676767,34190,"(31471.0, 35000.0]"
嘉禾纺织有限责任公司007749,9.1344759808e+017,0,1,县级,5,6,,676767,24450,"(21364.0, 24660.0]"
华信信息有限责任公司007750,9.139567e+017,1,,省级,1,6,7,565656,9050,"(7370.0, 10954.0]"
华泰科技集团有限公司007751,9.130346570612e+017,,0,,1,,4,5656,13480,"(10954.0, 14480.0]"
华泰材料有限责任公司007752,9.13563374e+017,1,,省级,7,4,5,565,19140,"(17855.0, 21364.0]"
创元能源有限责任公司007753,9.13457154e+017,0,1,国家级,4,7,2,-3434545,2830,"(49.999, 3780.0]"
博雅材料股份有限公司007754,9.131840211559852e+017,1,1,国家级,5,3,3,565656,25600,"(24660.0, 27972.0]"
联创纺织集团有限公司007755,9.13908074e+017,1,0,县级,,3,,-2323432,20690,"(17855.0, 21364.0]"
宏达装备股份有限公司007756,9.13682122e+017,1,1,县级,6,3,7,565656,30970,"(27972.0, 31471.0]"
盛世装备股份有限公司007757,9.135152893325638e+017,1,0,国家级,5,5,2,565,20170,"(17855.0, 21364.0]"
中原建设有限公司007758,9.13723540768e+017,1,1,市级,7,4,5,-3434545,24530,"(21364.0, 24660.0]"
嘉禾物流有限公司007759,9.13907369437e+017,0,1,县级,2,7,3,565,10540,"(7370.0, 10954.0]"
瑞丰科技股份有限公司007760,9.13023512448e+017,,,,2,7,1,565656,8280,"(7370.0, 10954.0]"
启明建设有限公司007761,9.13069e+017,1,0,国家级,,1,5,565,24600,"(21364.0, 24660.0]"
启明电子有限责任公司007762,9.1374662110556e+017,1,,县级,,7,2,5656,33180,"(31471.0, 35000.0]"
远航材料有限责任公司007763,9.1358821488745006e+017,0,,市级,4,3,1,-2323432,32280,"(31471.0, 35000.0]"
嘉禾智能股份有限公司007764,9.1323276908e+017,0,0,,1,7,3,-2323432,24230,"(21364.0, 24660.0]"
中原智能有限责任公司007765,9.137436781783e+017,1,0,国家级,2,,3,565656,14470,"(10954.0, 14480.0]"
华信装备有限公司007766,9.130435493715e+017,1,1,县级,6,4,1,5656,25450,"(24660.0, 27972.0]"
嘉禾机械有限公司007767,9.13785e+017,1,1,县级,5,4,5,6767,6810,"(3780.0, 7370.0]"
中原智能集团有限公司007768,9.1360111617033496e+017,0,0,市级,5,2,,565,30290,"(27972.0, 31471.0]"
华信食品有限公司007769,9.130156337e+017,0,0,县级,7,5,5,-3434545,8790,"(7370.0, 10954.0]"
联创医药有限责任公司007770,9.13024549e+017,0,1,市级,,6,3,5656,32670,"(31471.0, 35000.0]"
创元材料股份有限公司007771,9.1333915250835063e+017,0,0,县级,7,1,1,565,27530,"(24660.0, 27972.0]"
远航物流有限责任公司007772,9.13968729330430e+017,1,1,县级,2,3,5,565656,18110,"(17855.0, 21364.0]"
创元材料集团有限公司007773,9.134539670551e+017,0,0,,7,7,6,343434,25430,"(24660.0, 27972.0]"
远航材料有限公司007774,9.137922630977e+017,,0,国家级,3,1,7,343434,7310,"(3780.0, 7370.0]"
鼎盛物流股份有限公司007775,9.135987197e+017,1,1,县级,3,2,1,676767,29860,"(27972.0, 31471.0]"
嘉禾能源有限公司007776,9.1301524e+017,0,1,,1,3,4,676767,12920,"(10954.0, 14480.0]"
鼎盛化工股份有限公司007777,9.1363111e+017,,,省级,1,1,,343434,34700,"(31471.0, 35000.0]"
华信医药股份有限公司007778,9.131041027556318e+017,0,1,省级,4,,6,6767,25170,"(24660.0, 27972.0]"
鼎盛食品集团有限公司007779,9.1307095e+017,1,1,国家级,,1,,343434,9510,"(7370.0, 10954.0]"
星河能源有限责任公司007780,9.13110702279452e+017,,0,市级,6,7,6,-2323432,23230,"(21364.0, 24660.0]"
嘉禾材料有限公司007781,9.13288022e+017,1,1,县级,6,,1,6767,7520,"(7370.0, 10954.0]"
宏达网络有限公司007782,9.1316e+017,0,0,县级,2,,,343434,24880,"(24660.0, 27972.0]"
永泰生物有限责任公司007783,9.137134327687e+017,0,1,省级,2,,4,676767,25670,"(24660.0, 27972.0]"
瑞丰能源有限公司007784,9.13765e+017,1,1,,7,3,,-3434545,34400,"(31471.0, 35000.0]"
创元纺织有限公司007785,9.13027836e+017,0,0,县级,1,7,,565,7310,"(3780.0, 7370.0]"
启明信息有限公司007786,9.133557920233e+017,0,0,国家级,1,6,6,676767,25650,"(24660.0, 27972.0]"
汇通信息股份有限公司007787,9.1390898e+017,1,0,省级,1,7,,565656,25670,"(24660.0, 27972.0]"
天成纺织有限公司007788,9.1366272e+017,0,0,,,,1,6767,11740,"(10954.0, 14480.0]"
汇通信息集团有限公司007789,9.1327621e+017,0,,市级,,7,3,6767,3200,"(49.999, 3780.0]"
远航化工有限公司007790,9.13777733152630e+017,0,0,国家级,,3,4,565,11990,"(10954.0, 14480.0]"
华泰智能集团有限公司007791,9.13751e+017,1,1,省级,5,6,1,-3434545,25380,"(24660.0, 27972.0]"
博雅装备有限责任公司007792,9.131021e+017,1,1,国家级,,,2,565,4470,"(3780.0, 7370.0]"
瑞丰智能有限公司007793,9.131295331970e+017,1,0,县级,1,1,3,565656,5930,"(3780.0, 7370.0]"
星河智能股份有限公司007794,9.1348903564901186e+017,1,,县级,,1,5,343434,13910,"(10954.0, 14480.0]"
创元物流集团有限公司007795,9.1379585741701e+017,0,0,县级,2,6,7,6767,24760,"(24660.0, 27972.0]"
星河环保有限公司007796,9.13500334e+017,0,1,,5,2,1,565656,7870,"(7370.0, 10954.0]"
博雅智能有限公司007797,9.130932907477457e+017,1,0,省级,3,,7,6767,17840,"(14480.0, 17855.0]"
宏达化工有限责任公司007798,9.1379712237174098e+017,0,1,县级,3,3,6,-2323432,6110,"(3780.0, 7370.0]"
博雅环保股份有限公司007799,9.1326e+017,1,1,县级,5,1,7,-3434545,29710,"(27972.0, 31471.0]"
中原医药集团有限公司007800,9.136100269e+017,1,,国家级,1,3,5,-3434545,3650,"(49.999, 3780.0]"
启明网络集团有限公司007801,9.13555e+017,1,1,,,,5,343434,26290,"(24660.0, 27972.0]"
华信能源集团有限公司007802,9.1304647092303982e+017,1,0,县级,1,1,7,565,8670,"(7370.0, 10954.0]"
华信机械股份有限公司007803,9.136557135672e+017,0,1,省级,2,3,2,5656,9390,"(7370.0, 10954.0]"
创元网络集团有限公司007804,9.1365577816e+017,0,1,,2,6,,343434,28460,"(27972.0, 31471.0]"
汇通电子有限责任公司007805,9.1328e+017,0,0,市级,4,7,6,-3434545,8500,"(7370.0, 10954.0]"
天成食品有限公司007806,9.139828038e+017,0,1,市级,4,2,2,-2323432,31180,"(27972.0, 31471.0]"
创元环保股份有限公司007807,9.1357e+017,1,1,,6,3,1,-2323432,23710,"(21364.0, 24660.0]"
永泰纺织有限公司007808,9.1340331855e+017,1,1,国家级,1,4,3,-3434545,16750,"(14480.0, 17855.0]"
星河机械有限责任公司007809,9.13085364e+017,,0,省级,5,6,2,343434,18970,"(17855.0, 21364.0]"
华泰网络有限公司007810,9.134801644e+017,1,0,市级,6,2,2,-2323432,23850,"(21364.0, 24660.0]"
嘉禾环保有限责任公司007811,9.1320859462447e+017,0,,,5,4,,5656,30570,"(27972.0, 31471.0]"
盛世能源有限责任公司007812,9.1340784355e+017,0,0,省级,1,3,4,565,19380,"(17855.0, 21364.0]"
联创电子有限公司007813,9.1365376171982706e+017,1,,市级,5,6,4,5656,31040,"(27972.0, 31471.0]"
嘉禾物流有限责任公司007814,9.137461973e+017,0,1,市级,6,,7,-3434545,21290,"(17855.0, 21364.0]"
金鼎生物有限公司007815,9.134125596468498e+017,0,0,市级,5,4,5,343434,13730,"(10954.0, 14480.0]"
盛世食品有限公司007816,9.1339e+017,1,1,,1,3,3,-2323432,32470,"(31471.0, 35000.0]"
远航材料有限责任公司007817,9.133493745e+017,1,1,国家级,3,5,6,565656,33560,"(31471.0, 35000.0]"
星河材料有限公司007818,9.138044e+017,0,1,县级,5,6,1,5656,870,"(49.999, 3780.0]"
永泰纺织有限责任公司007819,9.1351410e+017,0,0,市级,1,6,,5656,5120,"(3780.0, 7370.0]"
盛世科技股份有限公司007820,9.13754e+017,,,国家级,,,2,-3434545,18450,"(17855.0, 21364.0]"
华泰装备集团有限公司007821,9.131751236e+017,0,1,市级,6,,3,5656,18550,"(17855.0, 21364.0]"
汇通能源有限公司007822,9.1366775484790e+017,1,1,县级,,7,3,6767,28010,"(27972.0, 31471.0]"
启明医药集团有限公司007823,9.13207e+017,,1,国家级,2,,5,676767,12090,"(10954.0, 14480.0]"
启明智能有限责任公司007824,9.139148248e+017,1,,市级,5,6,4,-2323432,19500,"(17855.0, 21364.0]"
金鼎信息有限公司007825,9.137205886462492e+017,0,1,国家级,3,1,,-2323432,3510,"(49.999, 3780.0]"
瑞丰装备股份有限公司007826,9.13051349e+017,0,0,市级,3,1,3,-2323432,20220,"(17855.0, 21364.0]"
金鼎生物股份有限公司007827,9.13534461363e+017,0,1,,2,,7,676767,28040,"(27972.0, 31471.0]"
宏达生物有限公司007828,9.1305496e+017,1,0,,6,4,1,-2323432,29670,"(27972.0, 31471.0]"
创元机械有限责任公司007829,9.1341779107e+017,0,1,市级,1,3,2,343434,25630,"(24660.0, 27972.0]"
华泰食品有限责任公司007830,9.13862888e+017,0,1,市级,2,6,4,6767,19580,"(17855.0, 21364.0]"
永泰机械有限责任公司007831,9.133027496e+017,1,1,市级,2,3,6,-2323432,9970,"(7370.0, 10954.0]"
博雅化工集团有限公司007832,9.1311249e+017,0,0,省级,5,5,4,-3434545,15800,"(14480.0, 17855.0]"
汇通能源有限责任公司007833,9.133993269e+017,0,0,省级,3,,,343434,15510,"(14480.0, 17855.0]"
天成建设有限公司007834,9.1364477706e+017,1,1,,7,,4,-3434545,17920,"(17855.0, 21364.0]"
星河物流股份有限公司007835,9.130981386296498e+017,1,0,国家级,7,4,,6767,14840,"(14480.0, 17855.0]"
博雅智能集团有限公司007836,9.137243432502e+017,0,0,,5,6,1,565656,25220,"(24660.0, 27972.0]"
博雅医药有限公司007837,9.1312910064851e+017,1,1,国家级,6,3,1,343434,560,"(49.999, 3780.0]"
华信材料有限责任公司007838,9.135242811381e+017,,1,县级,,3,,-3434545,15190,"(14480.0, 17855.0]"
创元信息集团有限公司007839,9.131148508697142e+017,1,1,,2,1,3,565,8830,"(7370.0, 10954.0]"
启明食品股份有限公司007840,9.1347e+017,,1,省级,6,1,5,676767,25990,"(24660.0, 27972.0]"
华泰能源有限责任公司007841,9.1382512e+017,1,0,省级,5,7,7,343434,2380,"(49.999, 3780.0]"
瑞丰材料有限公司007842,9.1329723883563e+017,0,1,,6,5,2,343434,20260,"(17855.0, 21364.0]"
博雅建设有限责任公司007843,9.1357e+017,0,1,,4,2,5,343434,22650,"(21364.0, 24660.0]"
远航智能有限责任公司007844,9.136774605477444e+017,1,,县级,6,6,,343434,13780,"(10954.0, 14480.0]"
星河环保股份有限公司007845,9.13061029466e+017,1,1,省级,3,2,6,-2323432,11050,"(10954.0, 14480.0]"
盛世物流有限公司007846,9.13372661680e+017,,0,,,5,3,343434,33140,"(31471.0, 35000.0]"
星河能源集团有限公司007847,9.13543099123451e+017,0,0,国家级,2,3,7,5656,23830,"(21364.0, 24660.0]"
金鼎医药有限公司007848,9.139594e+017,0,1,市级,7,1,1,6767,30060,"(27972.0, 31471.0]"
鼎盛化工股份有限公司007849,9.13851021580901e+017,0,1,市级,3,5,4,565656,8870,"(7370.0, 10954.0]"
宏达纺织集团有限公司007850,9.13322e+017,1,0,国家级,5,3,7,676767,2620,"(49.999, 3780.0]"
启明装备有限责任公司007851,9.13275407e+017,1,0,市级,1,4,1,565,18530,"(17855.0, 21364.0]"
金鼎环保有限责任公司007852,9.13371031868858e+017,1,0,县级,,4,7,676767,32600,"(31471.0, 35000.0]"
中原材料集团有限公司007853,9.1378387458e+017,1,0,,1,1,1,6767,500,"(49.999, 3780.0]"
创元信息股份有限公司007854,9.135396918e+017,1,0,省级,,4,5,565656,26330,"(24660.0, 27972.0]"
星河电子股份有限公司007855,9.13688296e+017,1,,省级,2,1,6,6767,4540,"(3780.0, 7370.0]"
中原贸易股份有限公司007856,9.13792694826e+017,0,1,省级,,,,5656,17360,"(14480.0, 17855.0]"
嘉禾医药有限公司007857,9.1344879e+017,,0,市级,2,3,1,343434,10640,"(7370.0, 10954.0]"
天成信息有限公司007858,9.137438812587e+017,0,0,县级,7,5,5,343434,4320,"(3780.0, 7370.0]"
嘉禾化工股份有限公司007859,9.134188457829e+017,0,0,市级,1,4,7,5656,32510,"(31471.0, 35000.0]"
金鼎食品有限责任公司007860,9.1364e+017,0,1,省级,7,1,6,676767,17850,"(14480.0, 17855.0]"
华信机械集团有限公司007861,9.13464522071635e+017,1,1,县级,7,,3,676767,12570,"(10954.0, 14480.0]"
瑞丰能源股份有限公司007862,9.13394e+017,1,0,省级,4,4,4,565,11200,"(10954.0, 14480.0]"
星河装备有限公司007863,9.13340e+017,0,,国家级,1,1,6,565,12090,"(10954.0, 14480.0]"
宏达能源集团有限公司007864,9.132368901470617e+017,1,1,市级,4,6,2,565656,28100,"(27972.0, 31471.0]"
嘉禾医药集团有限公司007865,9.1382e+017,1,,县级,4,3,1,-2323432,20540,"(17855.0, 21364.0]"
中原电子有限责任公司007866,9.13338525592e+017,1,1,省级,3,6,4,565,30390,"(27972.0, 31471.0]"
中原建设集团有限公司007867,9.1375397133256e+017,1,0,市级,7,2,2,-3434545,22410,"(21364.0, 24660.0]"
汇通信息股份有限公司007868,9.13995e+017,0,0,县级,4,6,7,343434,6270,"(3780.0, 7370.0]"
瑞丰机械有限责任公司007869,9.138988e+017,0,0,国家级,5,2,6,5656,8550,"(7370.0, 10954.0]"
汇通环保股份有限公司007870,9.135089078529e+017,1,,省级,6,,6,343434,9030,"(7370.0, 10954.0]"
汇通物流股份有限公司007871,9.1348447033e+017,1,1,国家级,7,2,6,6767,25600,"(24660.0, 27972.0]"
金鼎装备股份有限公司007872,9.13993922e+017,1,0,省级,5,2,4,5656,18920,"(17855.0, 21364.0]"
华泰装备股份有限公司007873,9.1358349973e+017,0,0,省级,1,2,4,6767,10670,"(7370.0, 10954.0]"
金鼎智能有限公司007874,9.139727352511e+017,1,1,,6,2,3,343434,4140,"(3780.0, 7370.0]"
中原能源有限公司007875,9.13853854113e+017,1,,省级,5,7,7,676767,660,"(49.999, 3780.0]"
汇通智能股份有限公司007876,9.13302073473046e+017,1,1,国家级,7,6,7,676767,34500,"(31471.0, 35000.0]"
金鼎物流股份有限公司007877,9.13650443933309e+017,0,1,县级,5,5,6,565656,21830,"(21364.0, 24660.0]"
金鼎医药有限责任公司007878,9.1354859391e+017,1,,国家级,,5,4,5656,23200,"(21364.0, 24660.0]"
嘉禾建设有限公司007879,9.13300585998e+017,1,0,省级,6,6,2,565656,4810,"(3780.0, 7370.0]"
汇通机械有限公司007880,9.13190908844804e+017,0,1,省级,6,1,1,6767,27190,"(24660.0, 27972.0]"
启明纺织股份有限公司007881,9.1313291525e+017,1,0,县级,5,3,1,-3434545,27820,"(24660.0, 27972.0]"
鼎盛能源集团有限公司007882,9.13267089553038e+017,1,1,,1,7,1,565656,11290,"(10954.0, 14480.0]"
中原环保集团有限公司007883,9.131526853497254e+017,0,1,,4,4,2,343434,20540,"(17855.0, 21364.0]"
星河食品有限责任公司007884,9.1301752e+017,1,1,市级,7,1,6,-3434545,34060,"(31471.0, 35000.0]"
中原环保有限公司007885,9.13743374857e+017,0,0,省级,,2,2,343434,4690,"(3780.0, 7370.0]"
天成科技有限责任公司007886,9.132368962e+017,1,0,国家级,,,5,565656,34330,"(31471.0, 35000.0]"
远航建设有限责任公司007887,9.1306092112538e+017,0,0,县级,1,,,-2323432,11610,"(10954.0, 14480.0]"
嘉禾物流集团有限公司007888,9.136306e+017,0,0,市级,,,4,343434,470,"(49.999, 3780.0]"
金鼎医药有限公司007889,9.13810335637880e+017,1,0,省级,7,3,,6767,13060,"(10954.0, 14480.0]"
盛世科技有限责任公司007890,9.1317348207282062e+017,0,1,省级,,3,2,6767,21210,"(17855.0, 21364.0]"
宏达智能有限公司007891,9.135560e+017,0,1,县级,1,7,6,676767,15830,"(14480.0, 17855.0]"
远航生物股份有限公司007892,9.138176669e+017,1,1,省级,3,,1,6767,2370,"(49.999, 3780.0]"
永泰装备集团有限公司007893,9.1388362e+017,1,0,省级,1,2,5,676767,30700,"(27972.0, 31471.0]"
中原电子集团有限公司007894,9.1303195138115526e+017,0,1,市级,6,,4,343434,18200,"(17855.0, 21364.0]"
永泰物流有限责任公司007895,9.135613734095e+017,0,1,县级,7,5,5,343434,14790,"(14480.0, 17855.0]"
中原科技有限公司007896,9.1394825101e+017,1,0,省级,4,3,3,-2323432,28980,"(27972.0, 31471.0]"
联创机械集团有限公司007897,9.1387477e+017,1,0,县级,4,4,2,676767,260,"(49.999, 3780.0]"
星河信息有限公司007898,9.136616967e+017,1,0,县级,2,,5,6767,14500,"(14480.0, 17855.0]"
盛世能源有限责任公司007899,9.139468727197070e+017,,0,,7,2,5,565656,2810,"(49.999, 3780.0]"
天成医药有限责任公司007900,9.133216e+017,1,0,国家级,3,2,,565656,22410,"(21364.0, 24660.0]"
金鼎食品集团有限公司007901,9.13307181637482e+017,1,,省级,5,4,5,565656,18950,"(17855.0, 21364.0]"
宏达纺织股份有限公司007902,9.13908774e+017,0,0,省级,5,3,7,6767,4410,"(3780.0, 7370.0]"
启明贸易集团有限公司007903,9.13520714e+017,1,0,市级,2,5,3,343434,22500,"(21364.0, 24660.0]"
华泰智能集团有限公司007904,9.13968e+017,1,0,县级,3,6,4,565656,6050,"(3780.0, 7370.0]"
华泰电子有限公司007905,9.13248e+017,0,1,国家级,3,6,1,-3434545,12030,"(10954.0, 14480.0]"
联创化工有限责任公司007906,9.1389517917e+017,1,1,县级,,,3,-3434545,9750,"(7370.0, 10954.0]"
鼎盛医药有限公司007907,9.1304374207e+017,1,0,,6,4,,565656,34280,"(31471.0, 35000.0]"
嘉禾智能股份有限公司007908,9.1388889127100134e+017,0,0,市级,,4,7,-2323432,26160,"(24660.0, 27972.0]"
金鼎化工股份有限公司007909,9.131582696340484e+017,0,1,县级,2,6,3,-3434545,23660,"(21364.0, 24660.0]"
中原纺织有限责任公司007910,9.13291850e+017,1,0,县级,3,,5,565656,18350,"(17855.0, 21364.0]"
博雅建设有限公司007911,9.139791609140e+017,,0,,,1,5,-3434545,7630,"(7370.0, 10954.0]"
天成环保有限公司007912,9.13777343815510e+017,0,1,省级,2,7,4,676767,13710,"(10954.0, 14480.0]"
永泰化工有限公司007913,9.1384120922324889e+017,0,1,国家级,4,7,3,676767,18090,"(17855.0, 21364.0]"
鼎盛贸易有限责任公司007914,9.1380e+017,0,1,国家级,5,3,1,565,34650,"(31471.0, 35000.0]"
远航装备有限公司007915,9.137804512140529e+017,0,0,县级,6,6,4,5656,21670,"(21364.0, 24660.0]"
华信生物股份有限公司007916,9.1384e+017,1,1,国家级,3,2,4,565656,30890,"(27972.0, 31471.0]"
创元智能有限公司007917,9.131372463717e+017,0,1,省级,7,4,7,565656,22790,"(21364.0, 24660.0]"
华信物流有限公司007918,9.134412462e+017,,1,国家级,2,1,,565,3590,"(49.999, 3780.0]"
创元医药集团有限公司007919,9.1399748340e+017,1,1,市级,2,4,4,565,6200,"(3780.0, 7370.0]"
启明网络有限公司007920,9.13179630157e+017,0,1,市级,1,1,,-2323432,34580,"(31471.0, 35000.0]"
华信装备有限责任公司007921,9.1316144e+017,0,0,国家级,,6,4,565,10670,"(7370.0, 10954.0]"
联创生物股份有限公司007922,9.13181704693e+017,1,0,国家级,1,5,5,565,19440,"(17855.0, 21364.0]"
中原物流集团有限公司007923,9.135411e+017,1,0,县级,,6,1,343434,25440,"(24660.0, 27972.0]"
宏达信息集团有限公司007924,9.1385854717105207e+017,0,0,市级,,4,1,565,250,"(49.999, 3780.0]"
汇通建设集团有限公司007925,9.139879577090431e+017,1,1,省级,2,7,1,-2323432,14300,"(10954.0, 14480.0]"
永泰材料股份有限公司007926,9.13320e+017,0,0,市级,2,,3,6767,14240,"(10954.0, 14480.0]"
盛世电子集团有限公司007927,9.1357298824e+017,1,,,7,2,5,-2323432,5850,"(3780.0, 7370.0]"
中原装备股份有限公司007928,9.1381272e+017,1,1,,1,7,,343434,28810,"(27972.0, 31471.0]"
永泰智能集团有限公司007929,9.137987307e+017,1,0,市级,5,6,3,6767,9110,"(7370.0, 10954.0]"
中原纺织有限责任公司007930,9.13866e+017,,1,市级,3,,7,6767,5090,"(3780.0, 7370.0]"
星河环保有限责任公司007931,9.1338509987e+017,0,1,,6,6,4,343434,27180,"(24660.0, 27972.0]"
瑞丰材料集团有限公司007932,9.13031256e+017,0,1,,5,3,5,565656,16990,"(14480.0, 17855.0]"
汇通机械有限公司007933,9.1347864412687e+017,1,0,省级,3,,4,565656,26020,"(24660.0, 27972.0]"
金鼎机械股份有限公司007934,9.1305083e+017,1,1,市级,7,6,4,5656,3350,"(49.999, 3780.0]"
华泰生物股份有限公司007935,9.1313130e+017,0,1,县级,3,5,6,343434,14310,"(10954.0, 14480.0]"
永泰科技股份有限公司007936,9.13940242939e+017,1,0,市级,7,3,4,343434,2370,"(49.999, 3780.0]"
博雅物流集团有限公司007937,9.1312883097856e+017,0,1,县级,6,,5,6767,15630,"(14480.0, 17855.0]"
盛世生物集团有限公司007938,9.135005010e+017,,1,国家级,,6,2,-3434545,24670,"(24660.0, 27972.0]"
中原装备股份有限公司007939,9.13597089528e+017,1,1,县级,4,6,6,343434,9810,"(7370.0, 10954.0]"
启明信息有限责任公司007940,9.136246464096e+017,0,1,省级,7,6,3,565,6070,"(3780.0, 7370.0]"
天成贸易有限责任公司007941,9.1377890e+017,1,1,省级,6,5,6,-2323432,4760,"(3780.0, 7370.0]"
永泰科技有限公司007942,9.1319827413074e+017,0,1,国家级,,2,5,565,32850,"(31471.0, 35000.0]"
汇通建设股份有限公司007943,9.137761666199963e+017,0,,省级,5,5,,5656,31590,"(31471.0, 35000.0]"
鼎盛能源有限公司007944,9.1399667510e+017,1,0,市级,3,5,6,-3434545,34400,"(31471.0, 35000.0]"
金鼎网络有限公司007945,9.1384776e+017,1,1,县级,,2,3,565656,21270,"(17855.0, 21364.0]"
联创环保有限公司007946,9.1365956e+017,0,0,,4,5,,6767,22600,"(21364.0, 24660.0]"
创元化工有限公司007947,9.130374867004703e+017,1,0,市级,3,3,3,343434,9590,"(7370.0, 10954.0]"
汇通纺织有限公司007948,9.13517e+017,1,0,市级,,2,3,5656,26200,"(24660.0, 27972.0]"
联创能源股份有限公司007949,9.13483130802881e+017,0,1,省级,3,6,4,-3434545,14630,"(14480.0, 17855.0]"
宏达贸易有限责任公司007950,9.13618e+017,0,0,县级,4,2,1,6767,17990,"(17855.0, 21364.0]"
鼎盛环保股份有限公司007951,9.1366341128034e+017,0,0,省级,2,4,7,565,6660,"(3780.0, 7370.0]"
瑞丰食品股份有限公司007952,9.13335630823901e+017,0,0,国家级,,4,3,5656,3680,"(49.999, 3780.0]"
华泰建设股份有限公司007953,9.13561067e+017,0,0,省级,2,1,1,6767,8300,"(7370.0, 10954.0]"
启明装备股份有限公司007954,9.1399e+017,0,0,省级,,4,5,-2323432,12390,"(10954.0, 14480.0]"
嘉禾电子有限公司007955,9.1346750328683e+017,0,1,省级,6,6,6,565656,25550,"(24660.0, 27972.0]"
瑞丰信息有限公司007956,9.1344912435e+017,1,0,省级,,2,4,6767,6820,"(3780.0, 7370.0]"
中原化工有限责任公司007957,9.13952766540577e+017,0,0,县级,5,2,3,343434,760,"(49.999, 3780.0]"
永泰纺织集团有限公司007958,9.134504967982319e+017,1,,县级,2,1,7,-2323432,33810,"(31471.0, 35000.0]"
嘉禾生物股份有限公司007959,9.133033838e+017,1,0,市级,7,6,7,6767,9000,"(7370.0, 10954.0]"
瑞丰装备集团有限公司007960,9.1337e+017,0,,国家级,7,6,7,676767,23530,"(21364.0, 24660.0]"
瑞丰网络集团有限公司007961,9.1361158e+017,0,1,,7,5,5,565656,8340,"(7370.0, 10954.0]"
金鼎纺织有限责任公司007962,9.1325700e+017,0,1,,4,6,,343434,140,"(49.999, 3780.0]"
华信生物股份有限公司007963,9.13933637297e+017,0,1,,4,3,5,5656,21490,"(21364.0, 24660.0]"
汇通装备有限公司007964,9.1349e+017,1,0,县级,5,3,4,343434,20100,"(17855.0, 21364.0]"
启明能源股份有限公司007965,9.1325e+017,1,1,,1,,6,-2323432,7300,"(3780.0, 7370.0]"
博雅科技有限公司007966,9.130304e+017,0,0,省级,7,1,7,5656,12050,"(10954.0, 14480.0]"
永泰化工有限公司007967,9.13503366656420e+017,1,0,市级,5,7,5,565,25260,"(24660.0, 27972.0]"
远航环保股份有限公司007968,9.13140618e+017,0,0,省级,7,,1,565,33930,"(31471.0, 35000.0]"
远航智能有限责任公司007969,9.13362269588457e+017,1,,市级,4,6,7,-2323432,26150,"(24660.0, 27972.0]"
远航信息集团有限公司007970,9.1389483187e+017,1,1,国家级,3,3,3,565656,4700,"(3780.0, 7370.0]"
博雅电子股份有限公司007971,9.135493064e+017,1,0,市级,7,3,7,676767,19910,"(17855.0, 21364.0]"
嘉禾装备有限公司007972,9.136920e+017,0,0,省级,6,5,4,6767,33390,"(31471.0, 35000.0]"
天成网络有限公司007973,9.1367491991235e+017,0,1,省级,1,2,6,565656,1510,"(49.999, 3780.0]"
汇通机械集团有限公司007974,9.1323e+017,,0,,4,7,5,343434,12100,"(10954.0, 14480.0]"
华信生物集团有限公司007975,9.130619197125e+017,1,1,,1,7,,-3434545,7580,"(7370.0, 10954.0]"
金鼎医药股份有限公司007976,9.138453e+017,0,1,省级,4,,,-2323432,30840,"(27972.0, 31471.0]"
中原网络有限公司007977,9.1322686e+017,,1,省级,7,5,,565656,12570,"(10954.0, 14480.0]"
宏达装备股份有限公司007978,9.138785078709534e+017,0,1,省级,7,5,5,565,16160,"(14480.0, 17855.0]"
远航装备集团有限公司007979,9.1385003889264082e+017,1,,,6,7,1,565,32790,"(31471.0, 35000.0]"
启明生物股份有限公司007980,9.131511830209e+017,1,0,市级,,6,2,565,34790,"(31471.0, 35000.0]"
嘉禾医药股份有限公司007981,9.1347691854e+017,0,0,市级,,3,3,565,25970,"(24660.0, 27972.0]"
华信化工集团有限公司007982,9.135970e+017,1,,国家级,,2,1,-2323432,16940,"(14480.0, 17855.0]"
星河电子股份有限公司007983,9.1308308880e+017,1,0,县级,7,1,2,-3434545,6700,"(3780.0, 7370.0]"
嘉禾纺织集团有限公司007984,9.139866e+017,1,1,县级,1,7,,-3434545,26310,"(24660.0, 27972.0]"
永泰能源有限公司007985,9.13566e+017,0,0,县级,7,1,5,343434,8000,"(7370.0, 10954.0]"
华泰纺织有限公司007986,9.13779163493e+017,0,1,省级,4,2,5,565656,3790,"(3780.0, 7370.0]"
天成机械股份有限公司007987,9.13702498203614e+017,,1,省级,6,2,4,5656,30840,"(27972.0, 31471.0]"
创元电子股份有限公司007988,9.137409688653128e+017,1,0,市级,1,3,4,565,29980,"(27972.0, 31471.0]"
远航纺织有限公司007989,9.134242389026e+017,1,0,市级,5,1,1,6767,740,"(49.999, 3780.0]"
创元机械有限公司007990,9.13047851721417e+017,1,1,县级,3,,7,343434,360,"(49.999, 3780.0]"
中原纺织有限责任公司007991,9.133755460e+017,1,1,市级,3,,1,565656,21380,"(21364.0, 24660.0]"
宏达能源股份有限公司007992,9.13504448783e+017,1,1,市级,1,7,2,565,20200,"(17855.0, 21364.0]"
中原环保集团有限公司007993,9.13119e+017,1,0,省级,2,5,7,-2323432,13730,"(10954.0, 14480.0]"
远航机械股份有限公司007994,9.13550933e+017,0,1,市级,5,5,3,-2323432,26140,"(24660.0, 27972.0]"
金鼎材料有限公司007995,9.137519984269e+017,,0,市级,2,5,6,565,21780,"(21364.0, 24660.0]"
宏达电子有限责任公司007996,9.136581e+017,,0,国家级,6,6,6,-3434545,16860,"(14480.0, 17855.0]"
宏达材料有限公司007997,9.135529114e+017,1,0,县级,1,4,,-2323432,33270,"(31471.0, 35000.0]"
华泰生物股份有限公司007998,9.135828e+017,0,1,,3,2,7,-3434545,31890,"(31471.0, 35000.0]"
鼎盛材料集团有限公司007999,9.134093e+017,1,1,县级,1,5,5,676767,20780,"(17855.0, 21364.0]"
天成贸易集团有限公司008000,9.13235110e+017,0,0,,6,6,3,6767,13510,"(10954.0, 14480.0]"
博雅机械股份有限公司008001,9.13657639116e+017,1,1,市级,6,,4,-3434545,8240,"(7370.0, 10954.0]"
远航生物有限公司008002,9.1343425222e+017,0,1,国家级,5,6,5,676767,1020,"(49.999, 3780.0]"
嘉禾信息股份有限公司008003,9.131145e+017,,0,省级,3,3,3,676767,32680,"(31471.0, 35000.0]"
远航医药有限公司008004,9.13748842e+017,0,1,市级,3,7,4,5656,1100,"(49.999, 3780.0]"
嘉禾化工集团有限公司008005,9.137669677e+017,1,0,省级,3,2,3,5656,22990,"(21364.0, 24660.0]"
博雅环保集团有限公司008006,9.1354278802378273e+017,0,0,,6,4,1,-3434545,1210,"(49.999, 3780.0]"
启明物流有限责任公司008007,9.13284883744645e+017,0,0,省级,,2,1,-3434545,22400,"(21364.0, 24660.0]"
创元纺织有限公司008008,9.134598e+017,1,0,市级,,2,1,565,1190,"(49.999, 3780.0]"
远航生物集团有限公司008009,9.136071420e+017,0,0,国家级,3,1,3,565,9730,"(7370.0, 10954.0]"
盛世化工有限公司008010,9.1397833e+017,1,0,县级,4,2,6,-2323432,24430,"(21364.0, 24660.0]"
星河智能股份有限公司008011,9.13472248727094e+017,1,1,省级,3,4,2,5656,1870,"(49.999, 3780.0]"
天成电子有限公司008012,9.132763485116448e+017,0,1,省级,3,4,4,565,25120,"(24660.0, 27972.0]"
博雅机械集团有限公司008013,9.13642402e+017,1,0,县级,2,7,1,565656,29480,"(27972.0, 31471.0]"
中原建设股份有限公司008014,9.13279e+017,0,1,市级,4,4,7,565,20000,"(17855.0, 21364.0]"
华泰智能集团有限公司008015,9.1333872768935475e+017,1,1,市级,3,4,6,565656,21030,"(17855.0, 21364.0]"
博雅建设股份有限公司008016,9.1311129403991e+017,0,0,,4,4,5,6767,24570,"(21364.0, 24660.0]"
中原纺织股份有限公司008017,9.136670739e+017,0,1,,3,2,1,676767,26940,"(24660.0, 27972.0]"
天成化工有限责任公司008018,9.13137e+017,0,0,市级,7,6,5,5656,12110,"(10954.0, 14480.0]"
天成装备有限公司008019,9.1315330e+017,1,1,市级,3,6,2,-2323432,13100,"(10954.0, 14480.0]"
宏达贸易集团有限公司008020,9.136713496e+017,1,0,县级,4,2,1,6767,6730,"(3780.0, 7370.0]"
联创生物集团有限公司008021,9.135457091943926e+017,0,0,市级,7,7,5,343434,22790,"(21364.0, 24660.0]"
启明化工股份有限公司008022,9.13507189789274e+017,0,1,县级,3,3,6,-2323432,8410,"(7370.0, 10954.0]"
联创建设有限公司008023,9.133466026e+017,0,0,国家级,5,6,6,565,13630,"(10954.0, 14480.0]"
华泰信息集团有限公司008024,9.1318798028681187e+017,0,1,县级,4,,7,5656,18540,"(17855.0, 21364.0]"
宏达食品集团有限公司008025,9.13420072823716e+017,0,0,县级,6,3,4,565656,22230,"(21364.0, 24660.0]"
盛世食品股份有限公司008026,9.13317720634463e+017,1,0,省级,2,1,,565,17200,"(14480.0, 17855.0]"
汇通纺织股份有限公司008027,9.13027748e+017,0,0,县级,3,6,7,5656,25180,"(24660.0, 27972.0]"
联创环保集团有限公司008028,9.1315045e+017,0,,省级,1,6,,565656,4530,"(3780.0, 7370.0]"
华信化工有限责任公司008029,9.132226e+017,0,1,市级,5,3,4,-3434545,12390,"(10954.0, 14480.0]"
启明科技集团有限公司008030,9.1310115780102e+017,1,,县级,4,2,4,676767,14140,"(10954.0, 14480.0]"
天成机械股份有限公司008031,9.130006208158109e+017,,1,省级,2,7,4,-2323432,23060,"(21364.0, 24660.0]"
华信环保有限公司008032,9.1344e+017,1,0,省级,1,7,7,-2323432,13050,"(10954.0, 14480.0]"
金鼎能源集团有限公司008033,9.13476e+017,1,0,省级,2,4,2,5656,30450,"(27972.0, 31471.0]"
盛世纺织集团有限公司008034,9.1340555470437e+017,1,0,国家级,2,7,2,676767,25050,"(24660.0, 27972.0]"
创元智能集团有限公司008035,9.1366e+017,0,0,省级,1,3,5,6767,5940,"(3780.0, 7370.0]"
金鼎智能股份有限公司008036,9.1302715136679232e+017,1,0,省级,1,7,2,5656,15370,"(14480.0, 17855.0]"
鼎盛智能股份有限公司008037,9.1375983071093e+017,,0,市级,4,3,4,-3434545,30020,"(27972.0, 31471.0]"
瑞丰信息有限责任公司008038,9.134715552277477e+017,0,,省级,3,4,4,676767,11680,"(10954.0, 14480.0]"
金鼎装备集团有限公司008039,9.1350149261671604e+017,0,0,省级,5,7,7,5656,25390,"(24660.0, 27972.0]"
华信信息股份有限公司008040,9.1330131e+017,1,0,市级,,6,,565,11280,"(10954.0, 14480.0]"
创元纺织股份有限公司008041,9.13603216862e+017,1,1,,,3,3,343434,5620,"(3780.0, 7370.0]"
嘉禾材料集团有限公司008042,9.136244e+017,0,0,,7,7,4,-2323432,20060,"(17855.0, 21364.0]"
天成能源股份有限公司008043,9.13406e+017,0,1,市级,,4,,676767,25380,"(24660.0, 27972.0]"
金鼎科技有限公司008044,9.133808e+017,,1,国家级,5,1,2,565,24410,"(21364.0, 24660.0]"
创元电子集团有限公司008045,9.13869058826988e+017,,0,市级,6,5,6,676767,32890,"(31471.0, 35000.0]"
中原生物股份有限公司008046,9.139138067541e+017,1,1,国家级,2,7,6,6767,16460,"(14480.0, 17855.0]"
启明材料有限责任公司008047,9.1367204692011e+017,0,0,县级,7,5,6,-2323432,9440,"(7370.0, 10954.0]"
鼎盛医药集团有限公司008048,9.130545571602e+017,,1,省级,3,5,2,565,28840,"(27972.0, 31471.0]"
联创医药有限公司008049,9.1383296801e+017,0,1,省级,3,,3,343434,12730,"(10954.0, 14480.0]"
远航装备股份有限公司008050,9.131626e+017,0,0,,2,1,,343434,25860,"(24660.0, 27972.0]"
联创建设集团有限公司008051,9.133420219119034e+017,0,1,省级,4,,3,676767,29920,"(27972.0, 31471.0]"
联创食品有限公司008052,9.134092656e+017,1,1,省级,3,6,6,565656,14880,"(14480.0, 17855.0]"
嘉禾食品集团有限公司008053,9.139806e+017,1,1,省级,2,5,6,-2323432,23130,"(21364.0, 24660.0]"
联创材料有限责任公司008054,9.131365e+017,0,0,,3,2,,6767,22550,"(21364.0, 24660.0]"
瑞丰化工股份有限公司008055,9.131845245372422e+017,0,0,,7,7,4,676767,15190,"(14480.0, 17855.0]"
联创贸易股份有限公司008056,9.135736492771895e+017,1,1,县级,6,1,7,565,32420,"(31471.0, 35000.0]"
嘉禾化工股份有限公司008057,9.13912e+017,0,0,县级,2,6,1,565656,16120,"(14480.0, 17855.0]"
宏达贸易集团有限公司008058,9.13103674381e+017,0,0,市级,4,1,7,-2323432,15490,"(14480.0, 17855.0]"
联创智能有限公司008059,9.13408864e+017,0,0,省级,5,4,2,343434,20360,"(17855.0, 21364.0]"
永泰物流有限责任公司008060,9.13946e+017,1,0,县级,7,4,,565,2860,"(49.999, 3780.0]"
汇通信息集团有限公司008061,9.132393431149844e+017,0,,省级,3,5,5,5656,21390,"(21364.0, 24660.0]"
星河材料有限公司008062,9.1304534782266e+017,,0,,3,2,6,676767,8830,"(7370.0, 10954.0]"
星河信息股份有限公司008063,9.13409743112e+017,,1,省级,6,5,3,343434,15900,"(14480.0, 17855.0]"
盛世物流有限责任公司008064,9.1332944798318044e+017,1,1,国家级,2,6,7,565,16690,"(14480.0, 17855.0]"
博雅信息有限责任公司008065,9.139448e+017,1,1,国家级,7,3,3,-2323432,29750,"(27972.0, 31471.0]"
启明生物有限责任公司008066,9.13962200910121e+017,1,0,国家级,7,7,4,-2323432,15400,"(14480.0, 17855.0]"
天成医药有限公司008067,9.1371e+017,1,0,县级,3,7,5,-2323432,10190,"(7370.0, 10954.0]"
华信生物股份有限公司008068,9.133036921e+017,1,1,市级,3,1,3,6767,23120,"(21364.0, 24660.0]"
启明纺织集团有限公司008069,9.1312302479355e+017,1,1,,5,2,6,6767,26510,"(24660.0, 27972.0]"
中原装备股份有限公司008070,9.134462281510423e+017,,0,省级,2,4,1,343434,14140,"(10954.0, 14480.0]"
博雅建设有限责任公司008071,9.13101e+017,0,1,市级,2,4,2,343434,8420,"(7370.0, 10954.0]"
金鼎能源有限公司008072,9.133884708464156e+017,1,1,国家级,4,2,4,-3434545,14220,"(10954.0, 14480.0]"
创元化工有限公司008073,9.138440656e+017,0,0,国家级,3,5,3,565,1100,"(49.999, 3780.0]"
嘉禾装备有限公司008074,9.1330175e+017,1,0,县级,,5,1,565,1180,"(49.999, 3780.0]"
宏达机械集团有限公司008075,9.137814203e+017,,0,国家级,5,4,5,565656,33910,"(31471.0, 35000.0]"
创元物流有限公司008076,9.1352311911761e+017,,1,县级,,3,1,343434,33200,"(31471.0, 35000.0]"
启明生物有限责任公司008077,9.13927e+017,1,1,市级,,3,,6767,34700,"(31471.0, 35000.0]"
远航化工集团有限公司008078,9.13553e+017,1,,县级,,6,,343434,22820,"(21364.0, 24660.0]"
华泰电子集团有限公司008079,9.1333183588032e+017,0,1,国家级,3,3,1,-2323432,17890,"(17855.0, 21364.0]"
华信电子有限公司008080,9.13540928e+017,1,0,市级,7,3,4,565656,20330,"(17855.0, 21364.0]"
星河机械有限责任公司008081,9.138954e+017,1,1,市级,1,2,,6767,11640,"(10954.0, 14480.0]"
金鼎能源有限公司008082,9.136661452e+017,1,0,县级,5,2,3,5656,16240,"(14480.0, 17855.0]"
启明纺织集团有限公司008083,9.13542138283e+017,,0,县级,,,,565656,17110,"(14480.0, 17855.0]"
嘉禾装备股份有限公司008084,9.13887446915486e+017,1,1,省级,,2,4,-3434545,5760,"(3780.0, 7370.0]"
天成医药有限责任公司008085,9.135054920e+017,1,1,省级,2,1,,5656,7320,"(3780.0, 7370.0]"
创元网络有限公司008086,9.1309676839563990e+017,,0,国家级,3,4,7,-3434545,14990,"(14480.0, 17855.0]"
启明电子集团有限公司008087,9.139266e+017,1,1,县级,3,6,3,565656,10380,"(7370.0, 10954.0]"
华泰食品有限责任公司008088,9.138593e+017,0,0,县级,4,5,4,6767,33240,"(31471.0, 35000.0]"
华信医药有限责任公司008089,9.134598545151240e+017,0,1,县级,4,2,4,676767,17070,"(14480.0, 17855.0]"
远航食品股份有限公司008090,9.136135296448e+017,0,1,市级,,6,1,565,4550,"(3780.0, 7370.0]"
创元生物有限公司008091,9.13980915e+017,0,,市级,,7,7,565,9750,"(7370.0, 10954.0]"
汇通建设股份有限公司008092,9.1386340533331584e+017,1,1,省级,7,6,6,-2323432,31830,"(31471.0, 35000.0]"
启明医药集团有限公司008093,9.1366113632880891e+017,0,1,国家级,1,7,1,6767,14570,"(14480.0, 17855.0]"
博雅智能有限责任公司008094,9.1386e+017,1,1,省级,7,2,6,-2323432,9160,"(7370.0, 10954.0]"
宏达信息集团有限公司008095,9.13712e+017,1,0,县级,7,5,3,565,34520,"(31471.0, 35000.0]"
远航化工股份有限公司008096,9.13209e+017,0,0,县级,4,,2,-3434545,1340,"(49.999, 3780.0]"
星河医药股份有限公司008097,9.135882043e+017,,0,市级,4,2,3,-3434545,27560,"(24660.0, 27972.0]"
远航化工集团有限公司008098,9.1370e+017,0,1,省级,5,,5,343434,25960,"(24660.0, 27972.0]"
瑞丰物流集团有限公司008099,9.13627942e+017,1,0,国家级,1,5,1,676767,31440,"(27972.0, 31471.0]"
华泰网络有限责任公司008100,9.1303391926259e+017,1,0,国家级,4,1,1,5656,27130,"(24660.0, 27972.0]"
宏达医药股份有限公司008101,9.1316e+017,1,1,国家级,,,1,565656,27580,"(24660.0, 27972.0]"
远航智能股份有限公司008102,9.13448403917351e+017,1,0,国家级,1,6,6,565656,27220,"(24660.0, 27972.0]"
鼎盛生物有限责任公司008103,9.13682911749310e+017,1,1,国家级,2,6,6,676767,810,"(49.999, 3780.0]"
金鼎装备集团有限公司008104,9.1352e+017,0,1,县级,5,5,1,343434,18390,"(17855.0, 21364.0]"
汇通化工有限公司008105,9.138002648775028e+017,0,1,国家级,1,2,5,5656,13190,"(10954.0, 14480.0]"
鼎盛电子有限责任公司008106,9.1376e+017,0,1,县级,,5,5,5656,18780,"(17855.0, 21364.0]"
嘉禾建设股份有限公司008107,9.139162948992e+017,0,0,,,5,3,565,33540,"(31471.0, 35000.0]"
华泰生物有限责任公司008108,9.13011441511649e+017,1,1,县级,2,5,3,-3434545,23910,"(21364.0, 24660.0]"
创元化工股份有限公司008109,9.1399238612e+017,1,0,国家级,5,1,4,-2323432,13770,"(10954.0, 14480.0]"
鼎盛医药集团有限公司008110,9.135770788046e+017,0,,省级,4,7,,6767,28780,"(27972.0, 31471.0]"
宏达医药有限责任公司008111,9.13048463639663e+017,0,1,县级,4,,3,-2323432,10920,"(7370.0, 10954.0]"
星河物流股份有限公司008112,9.131547031316e+017,1,0,,,7,6,676767,2780,"(49.999, 3780.0]"
博雅医药集团有限公司008113,9.1333274926416175e+017,1,1,省级,,7,3,-3434545,15120,"(14480.0, 17855.0]"
联创医药集团有限公司008114,9.139132791932e+017,0,1,市级,3,7,3,565656,9110,"(7370.0, 10954.0]"
天成科技股份有限公司008115,9.138181982491072e+017,1,1,国家级,6,1,4,343434,24960,"(24660.0, 27972.0]"
华信能源集团有限公司008116,9.1367194e+017,0,1,省级,4,7,1,5656,2760,"(49.999, 3780.0]"
宏达食品集团有限公司008117,9.1361414174e+017,1,0,,4,,7,-3434545,9630,"(7370.0, 10954.0]"
盛世科技股份有限公司008118,9.135019209854e+017,0,,市级,1,2,3,343434,4790,"(3780.0, 7370.0]"
嘉禾医药有限公司008119,9.1350241954607106e+017,1,0,,7,3,,565,8030,"(7370.0, 10954.0]"
永泰食品有限责任公司008120,9.139938447e+017,0,0,县级,,2,,676767,22340,"(21364.0, 24660.0]"
华信环保股份有限公司008121,9.1318295680e+017,1,1,县级,2,3,3,5656,5200,"(3780.0, 7370.0]"
汇通化工有限责任公司008122,9.132950e+017,0,0,省级,6,2,6,343434,12360,"(10954.0, 14480.0]"
华泰装备集团有限公司008123,9.13351e+017,0,0,,,2,6,6767,10980,"(10954.0, 14480.0]"
天成信息有限公司008124,9.134982098e+017,0,1,市级,6,3,2,343434,29630,"(27972.0, 31471.0]"
盛世科技有限公司008125,9.1335559136991330e+017,0,1,市级,1,7,7,5656,32530,"(31471.0, 35000.0]"
瑞丰电子集团有限公司008126,9.13097651130583e+017,1,0,国家级,7,7,7,-3434545,14090,"(10954.0, 14480.0]"
金鼎食品有限公司008127,9.130546e+017,1,0,,4,1,,-2323432,18370,"(17855.0, 21364.0]"
鼎盛物流集团有限公司008128,9.132505350e+017,1,0,市级,1,,3,-2323432,930,"(49.999, 3780.0]"
永泰食品集团有限公司008129,9.1326748e+017,1,0,县级,1,5,6,5656,27730,"(24660.0, 27972.0]"
星河医药股份有限公司008130,9.13721849e+017,1,0,县级,5,3,4,-3434545,3920,"(3780.0, 7370.0]"
瑞丰科技有限公司008131,9.1340165e+017,1,1,市级,,5,2,676767,23050,"(21364.0, 24660.0]"
盛世能源集团有限公司008132,9.1341874045340e+017,0,0,国家级,3,2,3,6767,26010,"(24660.0, 27972.0]"
中原机械有限责任公司008133,9.135168054247e+017,1,0,县级,,,2,565656,27780,"(24660.0, 27972.0]"
启明机械有限公司008134,9.1301446045e+017,1,0,省级,3,4,,-2323432,31120,"(27972.0, 31471.0]"
汇通物流集团有限公司008135,9.130961168776736e+017,1,1,市级,5,5,4,-3434545,19550,"(17855.0, 21364.0]"
创元电子集团有限公司008136,9.13322e+017,0,0,市级,1,6,3,-3434545,16020,"(14480.0, 17855.0]"
华信装备股份有限公司008137,9.132988e+017,1,1,国家级,3,3,,5656,4870,"(3780.0, 7370.0]"
宏达机械股份有限公司008138,9.1393201e+017,0,1,县级,6,3,1,676767,9180,"(7370.0, 10954.0]"
星河医药有限责任公司008139,9.13615216420e+017,1,0,国家级,4,5,7,565656,33430,"(31471.0, 35000.0]"
天成化工有限责任公司008140,9.132910306629834e+017,1,,省级,6,6,,-3434545,27940,"(24660.0, 27972.0]"
华信纺织有限责任公司008141,9.13075689e+017,0,1,国家级,,,6,6767,31990,"(31471.0, 35000.0]"
远航智能股份有限公司008142,9.139272885e+017,1,0,县级,6,,3,-3434545,22710,"(21364.0, 24660.0]"
创元食品有限公司008143,9.137709047562272e+017,0,,国家级,5,,4,6767,25510,"(24660.0, 27972.0]"
中原智能集团有限公司008144,9.139386262e+017,1,1,,,7,,343434,33030,"(31471.0, 35000.0]"
联创材料股份有限公司008145,9.131895403e+017,1,0,省级,,3,5,565,290,"(49.999, 3780.0]"
中原科技股份有限公司008146,9.13892967039226e+017,1,1,国家级,5,4,7,676767,13270,"(10954.0, 14480.0]"
星河物流集团有限公司008147,9.132225499278e+017,1,,,,3,,565,28260,"(27972.0, 31471.0]"
嘉禾装备股份有限公司008148,9.13802143071990e+017,1,0,省级,1,7,1,676767,12640,"(10954.0, 14480.0]"
鼎盛食品有限责任公司008149,9.13963440675736e+017,0,1,市级,5,,5,565,29410,"(27972.0, 31471.0]"
中原能源有限责任公司008150,9.13679151e+017,,0,国家级,6,7,3,5656,16950,"(14480.0, 17855.0]"
中原贸易有限责任公司008151,9.13900644e+017,1,0,省级,4,7,4,565656,31580,"(31471.0, 35000.0]"
联创物流有限公司008152,9.13916292691e+017,0,0,省级,1,,4,565656,21750,"(21364.0, 24660.0]"
华信贸易集团有限公司008153,9.1308e+017,1,1,,,7,3,565,15300,"(14480.0, 17855.0]"
天成智能有限公司008154,9.139037e+017,1,1,,,7,3,565,4470,"(3780.0, 7370.0]"
远航贸易集团有限公司008155,9.13559057500e+017,1,1,,7,5,,343434,16720,"(14480.0, 17855.0]"
鼎盛建设股份有限公司008156,9.1304433538409175e+017,1,0,国家级,,4,4,5656,1400,"(49.999, 3780.0]"
金鼎智能有限公司008157,9.135965055e+017,0,1,市级,1,6,3,6767,32820,"(31471.0, 35000.0]"
启明能源集团有限公司008158,9.1342832941484687e+017,1,0,县级,5,4,2,-2323432,23220,"(21364.0, 24660.0]"
天成建设集团有限公司008159,9.1310417086939e+017,1,,国家级,2,4,6,565656,18780,"(17855.0, 21364.0]"
博雅能源集团有限公司008160,9.13931660861340e+017,1,1,市级,1,2,7,6767,11250,"(10954.0, 14480.0]"
联创科技有限责任公司008161,9.133594125229293e+017,1,0,县级,3,2,7,676767,1290,"(49.999, 3780.0]"
创元物流集团有限公司008162,9.1368925e+017,1,1,国家级,5,7,1,565656,32190,"(31471.0, 35000.0]"
中原网络有限公司008163,9.1308e+017,0,1,国家级,,1,,-3434545,24750,"(24660.0, 27972.0]"
天成信息集团有限公司008164,9.1316588e+017,0,1,县级,,1,1,343434,6070,"(3780.0, 7370.0]"
金鼎科技有限公司008165,9.1330352119e+017,0,0,县级,,,6,5656,12210,"(10954.0, 14480.0]"
联创智能有限责任公司008166,9.13902e+017,1,1,县级,4,7,5,676767,4920,"(3780.0, 7370.0]"
天成环保股份有限公司008167,9.13099461691936e+017,0,0,,2,3,2,6767,33510,"(31471.0, 35000.0]"
天成环保集团有限公司008168,9.1366811517894e+017,1,1,县级,3,7,7,565656,17040,"(14480.0, 17855.0]"
金鼎化工有限公司008169,9.13509249401e+017,0,0,市级,1,6,2,565656,28290,"(27972.0, 31471.0]"
金鼎化工股份有限公司008170,9.13402e+017,0,0,省级,,2,7,5656,20410,"(17855.0, 21364.0]"
远航食品股份有限公司008171,9.13813852e+017,1,1,省级,5,2,6,5656,3820,"(3780.0, 7370.0]"
瑞丰贸易有限责任公司008172,9.13892e+017,0,0,市级,1,6,1,5656,29830,"(27972.0, 31471.0]"
永泰能源有限责任公司008173,9.13923e+017,1,0,国家级,,4,4,5656,14120,"(10954.0, 14480.0]"
中原食品有限责任公司008174,9.130674e+017,0,1,国家级,2,3,2,343434,9200,"(7370.0, 10954.0]"
鼎盛生物集团有限公司008175,9.1344122163825e+017,1,0,县级,1,1,4,565656,30200,"(27972.0, 31471.0]"
中原智能有限公司008176,9.137183016574815e+017,1,0,国家级,3,4,4,-3434545,31940,"(31471.0, 35000.0]"
中原食品有限公司008177,9.137142e+017,0,1,省级,4,7,,565656,14360,"(10954.0, 14480.0]"
华信建设有限公司008178,9.132549268e+017,0,1,,3,,,5656,33060,"(31471.0, 35000.0]"
天成智能有限公司008179,9.131514372701e+017,1,0,,2,3,7,-3434545,17280,"(14480.0, 17855.0]"
鼎盛材料股份有限公司008180,9.13450838e+017,,0,县级,3,1,,-2323432,1020,"(49.999, 3780.0]"
嘉禾机械股份有限公司008181,9.138581e+017,1,0,县级,4,5,6,5656,11360,"(10954.0, 14480.0]"
华泰医药集团有限公司008182,9.1311e+017,1,0,县级,,7,2,676767,13300,"(10954.0, 14480.0]"
天成纺织集团有限公司008183,9.133103631244e+017,1,0,省级,5,2,7,5656,21900,"(21364.0, 24660.0]"
启明环保集团有限公司008184,9.132639496e+017,1,0,市级,5,6,1,-3434545,14740,"(14480.0, 17855.0]"
星河信息有限责任公司008185,9.1388238440340e+017,1,1,市级,7,7,6,343434,6690,"(3780.0, 7370.0]"
博雅环保股份有限公司008186,9.13413298141e+017,1,0,县级,6,,3,6767,8190,"(7370.0, 10954.0]"
创元环保集团有限公司008187,9.138934804429091e+017,0,0,市级,2,,1,5656,31240,"(27972.0, 31471.0]"
华信网络股份有限公司008188,9.1385388018e+017,1,0,市级,3,5,7,565656,6480,"(3780.0, 7370.0]"
盛世化工股份有限公司008189,9.132469428975e+017,0,1,市级,1,1,3,6767,29630,"(27972.0, 31471.0]"
宏达材料集团有限公司008190,9.1391892202545562e+017,,0,国家级,3,6,5,676767,31440,"(27972.0, 31471.0]"
启明能源股份有限公司008191,9.132657367597e+017,1,1,省级,,2,2,565656,1610,"(49.999, 3780.0]"
联创化工股份有限公司008192,9.132570966e+017,0,1,市级,,3,,676767,3010,"(49.999, 3780.0]"
华信生物集团有限公司008193,9.131717173675e+017,1,0,国家级,4,6,7,565,6050,"(3780.0, 7370.0]"
远航电子有限责任公司008194,9.13121131383701e+017,0,0,国家级,3,,5,-3434545,6270,"(3780.0, 7370.0]"
鼎盛能源有限公司008195,9.13640248657e+017,1,0,,3,3,7,-2323432,18010,"(17855.0, 21364.0]"
永泰科技有限公司008196,9.132434497136e+017,1,0,省级,6,1,7,5656,16630,"(14480.0, 17855.0]"
联创机械有限公司008197,9.1322e+017,1,0,,5,2,2,-2323432,32440,"(31471.0, 35000.0]"
远航信息有限责任公司008198,9.13591277105052e+017,0,1,市级,3,7,7,565656,24380,"(21364.0, 24660.0]"
博雅物流股份有限公司008199,9.13639737561e+017,,,县级,1,3,6,343434,22220,"(21364.0, 24660.0]"
汇通机械集团有限公司008200,9.13411754226245e+017,,1,县级,4,3,1,565656,6330,"(3780.0, 7370.0]"
中原建设集团有限公司008201,9.13467e+017,1,0,县级,,6,6,565,34770,"(31471.0, 35000.0]"
中原环保有限公司008202,9.1309914338512429e+017,1,1,国家级,,5,7,565656,29980,"(27972.0, 31471.0]"
鼎盛生物有限责任公司008203,9.13595166693341e+017,1,,省级,6,4,2,6767,3020,"(49.999, 3780.0]"
宏达网络有限责任公司008204,9.1305773646002809e+017,1,0,国家级,2,,3,6767,28510,"(27972.0, 31471.0]"
金鼎能源有限责任公司008205,9.136314949773151e+017,1,0,县级,6,6,4,565,26810,"(24660.0, 27972.0]"
创元生物有限责任公司008206,9.1335e+017,0,0,国家级,3,5,6,-3434545,16590,"(14480.0, 17855.0]"
启明机械股份有限公司008207,9.1311e+017,1,0,市级,4,5,5,-2323432,30220,"(27972.0, 31471.0]"
瑞丰纺织股份有限公司008208,9.1318e+017,1,1,,7,,1,565,19190,"(17855.0, 21364.0]"
华信生物股份有限公司008209,9.13516702e+017,1,1,县级,7,7,2,-2323432,3780,"(49.999, 3780.0]"
华泰物流有限责任公司008210,9.13096e+017,1,0,县级,3,3,2,676767,28040,"(27972.0, 31471.0]"
宏达纺织有限责任公司008211,9.1329648e+017,1,1,市级,6,5,3,-3434545,25150,"(24660.0, 27972.0]"
天成智能有限责任公司008212,9.13568275e+017,0,1,,4,5,2,343434,19980,"(17855.0, 21364.0]"
汇通信息集团有限公司008213,9.137851858166e+017,1,0,市级,7,4,6,565656,28050,"(27972.0, 31471.0]"
博雅机械有限责任公司008214,9.134064414752e+017,0,1,市级,6,2,3,565,27920,"(24660.0, 27972.0]"
嘉禾机械集团有限公司008215,9.1329581e+017,0,0,国家级,,1,1,565,12490,"(10954.0, 14480.0]"
启明电子集团有限公司008216,9.1309534753264e+017,0,1,省级,5,1,5,565656,15380,"(14480.0, 17855.0]"
华信科技集团有限公司008217,9.13380e+017,,1,市级,,2,5,676767,9640,"(7370.0, 10954.0]"
鼎盛信息有限责任公司008218,9.13433e+017,0,1,县级,4,4,5,5656,21610,"(21364.0, 24660.0]"
金鼎建设集团有限公司008219,9.13922e+017,1,1,,2,4,,676767,27900,"(24660.0, 27972.0]"
汇通物流集团有限公司008220,9.1323836032e+017,1,0,市级,5,2,4,6767,16280,"(14480.0, 17855.0]"
宏达信息股份有限公司008221,9.133351475591e+017,,0,市级,,4,5,343434,11520,"(10954.0, 14480.0]"
鼎盛纺织有限公司008222,9.13027956715584e+017,1,0,省级,2,4,7,-2323432,34160,"(31471.0, 35000.0]"
联创医药股份有限公司008223,9.13871e+017,0,1,,7,3,1,565,17220,"(14480.0, 17855.0]"
鼎盛物流股份有限公司008224,9.13463447231131e+017,1,0,市级,4,3,2,343434,22920,"(21364.0, 24660.0]"
星河机械有限公司008225,9.13003178492802e+017,1,1,国家级,3,4,4,676767,4220,"(3780.0, 7370.0]"
远航建设有限公司008226,9.13777e+017,0,0,省级,2,3,2,6767,29760,"(27972.0, 31471.0]"
永泰物流集团有限公司008227,9.134035232769e+017,0,0,市级,5,,7,565656,22460,"(21364.0, 24660.0]"
盛世智能股份有限公司008228,9.136430e+017,1,1,市级,5,6,1,-2323432,18950,"(17855.0, 21364.0]"
金鼎电子股份有限公司008229,9.1389450197342e+017,0,0,县级,4,6,2,5656,28950,"(27972.0, 31471.0]"
星河信息有限公司008230,9.1338e+017,1,0,省级,6,6,7,6767,26120,"(24660.0, 27972.0]"
联创化工有限公司008231,9.136240330e+017,1,0,市级,6,5,7,-3434545,22390,"(21364.0, 24660.0]"
天成生物集团有限公司008232,9.1326263564505e+017,1,0,县级,1,5,1,6767,6370,"(3780.0, 7370.0]"
永泰贸易有限公司008233,9.137590e+017,0,1,市级,7,5,2,6767,33490,"(31471.0, 35000.0]"
汇通化工有限公司008234,9.13681162069e+017,1,0,国家级,1,5,1,676767,23960,"(21364.0, 24660.0]"
启明能源集团有限公司008235,9.1389912024e+017,1,0,省级,4,6,4,-3434545,19150,"(17855.0, 21364.0]"
博雅生物有限公司008236,9.13196386432e+017,1,0,市级,2,,5,-3434545,8640,"(7370.0, 10954.0]"
华泰材料有限责任公司008237,9.1398147400130e+017,0,0,省级,6,1,3,676767,5460,"(3780.0, 7370.0]"
宏达装备集团有限公司008238,9.1392547947689725e+017,0,1,国家级,3,,5,565656,30030,"(27972.0, 31471.0]"
远航电子集团有限公司008239,9.1361104676479350e+017,0,0,省级,7,2,2,565656,28880,"(27972.0, 31471.0]"
鼎盛建设有限责任公司008240,9.1336257868456186e+017,0,0,,5,,2,-2323432,2870,"(49.999, 3780.0]"
联创材料股份有限公司008241,9.139030847e+017,1,1,国家级,,6,6,676767,28340,"(27972.0, 31471.0]"
远航纺织股份有限公司008242,9.13991604e+017,0,0,,,7,2,565656,6390,"(3780.0, 7370.0]"
华信装备股份有限公司008243,9.132786222e+017,0,1,,6,6,5,-2323432,19050,"(17855.0, 21364.0]"
鼎盛智能集团有限公司008244,9.1379196681593e+017,0,1,市级,3,5,3,565,21850,"(21364.0, 24660.0]"
宏达能源集团有限公司008245,9.1367560e+017,1,,市级,7,1,,-2323432,14380,"(10954.0, 14480.0]"
嘉禾网络股份有限公司008246,9.13079511974e+017,0,0,国家级,1,3,3,343434,10130,"(7370.0, 10954.0]"
金鼎生物有限公司008247,9.13008868560677e+017,0,1,县级,6,6,1,-3434545,20530,"(17855.0, 21364.0]"
创元电子股份有限公司008248,9.1373184499442552e+017,0,,市级,,4,2,-2323432,25220,"(24660.0, 27972.0]"
启明科技股份有限公司008249,9.136626894353e+017,1,1,省级,6,1,4,676767,6450,"(3780.0, 7370.0]"
盛世化工股份有限公司008250,9.13943195e+017,0,,国家级,7,,6,676767,24330,"(21364.0, 24660.0]"
嘉禾材料集团有限公司008251,9.13474256e+017,0,1,省级,7,1,4,343434,26700,"(24660.0, 27972.0]"
中原建设有限公司008252,9.1332954e+017,0,0,省级,,1,1,565656,15880,"(14480.0, 17855.0]"
宏达化工有限责任公司008253,9.1354281e+017,0,0,省级,5,,2,676767,8330,"(7370.0, 10954.0]"
金鼎食品股份有限公司008254,9.13662e+017,0,0,省级,4,7,,-3434545,9020,"(7370.0, 10954.0]"
天成环保有限公司008255,9.133186354e+017,1,0,县级,,,4,676767,24100,"(21364.0, 24660.0]"
天成材料股份有限公司008256,9.13009158751e+017,1,1,,2,5,7,6767,21500,"(21364.0, 24660.0]"
博雅材料集团有限公司008257,9.13861466e+017,1,0,市级,5,2,1,565656,1790,"(49.999, 3780.0]"
华信食品有限公司008258,9.1305004514e+017,1,,市级,6,,5,565656,23970,"(21364.0, 24660.0]"
华信能源股份有限公司008259,9.13268e+017,0,1,县级,1,3,,676767,5030,"(3780.0, 7370.0]"
远航材料集团有限公司008260,9.1327007e+017,0,1,,,,4,565656,28770,"(27972.0, 31471.0]"
鼎盛物流集团有限公司008261,9.132025149206675e+017,1,0,国家级,,5,5,-3434545,11750,"(10954.0, 14480.0]"
永泰医药有限公司008262,9.13456060457799e+017,0,1,国家级,6,4,5,565656,5200,"(3780.0, 7370.0]"
星河医药集团有限公司008263,9.133751002e+017,0,1,县级,4,,1,676767,17080,"(14480.0, 17855.0]"
华泰环保有限责任公司008264,9.1390754e+017,0,1,国家级,7,1,6,343434,29650,"(27972.0, 31471.0]"
远航纺织股份有限公司008265,9.1330874086732370e+017,1,0,市级,1,1,5,-2323432,14760,"(14480.0, 17855.0]"
汇通化工集团有限公司008266,9.137283e+017,0,0,县级,1,2,4,343434,8990,"(7370.0, 10954.0]"
华信生物有限责任公司008267,9.1300475931e+017,1,1,,,,7,-2323432,12010,"(10954.0, 14480.0]"
鼎盛生物集团有限公司008268,9.13835451854e+017,1,,国家级,1,1,,343434,20380,"(17855.0, 21364.0]"
华泰医药有限公司008269,9.137555e+017,0,0,市级,,5,,-3434545,19550,"(17855.0, 21364.0]"
鼎盛材料有限责任公司008270,9.13947e+017,0,1,市级,7,7,3,-3434545,34850,"(31471.0, 35000.0]"
天成环保有限责任公司008271,9.1387275e+017,0,,市级,5,4,2,343434,28110,"(27972.0, 31471.0]"
华信化工有限公司008272,9.135206064199927e+017,1,,市级,2,6,5,-3434545,9640,"(7370.0, 10954.0]"
中原食品股份有限公司008273,9.13109509e+017,1,1,,1,1,2,565656,32440,"(31471.0, 35000.0]"
金鼎贸易股份有限公司008274,9.1313478829924878e+017,0,1,,6,2,1,6767,3980,"(3780.0, 7370.0]"
嘉禾科技有限公司008275,9.132548432e+017,0,1,市级,3,3,7,565,10900,"(7370.0, 10954.0]"
创元物流集团有限公司008276,9.1386621488385622e+017,0,0,省级,1,,4,676767,24570,"(21364.0, 24660.0]"
联创生物有限公司008277,9.1309132949e+017,1,1,国家级,1,4,7,-3434545,32760,"(31471.0, 35000.0]"
鼎盛化工股份有限公司008278,9.134268e+017,1,0,,5,1,,-3434545,16670,"(14480.0, 17855.0]"
盛世纺织有限责任公司008279,9.13111e+017,0,0,国家级,2,1,5,565656,18580,"(17855.0, 21364.0]"
汇通能源股份有限公司008280,9.13198388628666e+017,0,0,国家级,3,6,7,5656,20670,"(17855.0, 21364.0]"
创元纺织有限责任公司008281,9.137663e+017,1,0,,7,2,6,343434,5660,"(3780.0, 7370.0]"
嘉禾医药股份有限公司008282,9.131847e+017,0,0,县级,5,3,4,565656,16210,"(14480.0, 17855.0]"
鼎盛食品有限责任公司008283,9.1360598280e+017,0,1,县级,7,1,4,-3434545,29610,"(27972.0, 31471.0]"
鼎盛机械有限责任公司008284,9.1368e+017,1,1,市级,2,1,,6767,7110,"(3780.0, 7370.0]"
博雅化工集团有限公司008285,9.1393298247e+017,1,1,县级,,3,4,5656,27970,"(24660.0, 27972.0]"
联创材料集团有限公司008286,9.1346715133157e+017,0,1,,1,1,7,565656,24580,"(21364.0, 24660.0]"
博雅医药集团有限公司008287,9.1376897e+017,0,0,市级,4,3,2,-2323432,14200,"(10954.0, 14480.0]"
瑞丰能源有限责任公司008288,9.13406688870264e+017,1,0,省级,6,,7,6767,1060,"(49.999, 3780.0]"
瑞丰网络集团有限公司008289,9.13904868524e+017,1,1,县级,6,,5,-3434545,31040,"(27972.0, 31471.0]"
汇通网络集团有限公司008290,9.13148e+017,0,1,国家级,5,2,2,-3434545,2630,"(49.999, 3780.0]"
博雅食品股份有限公司008291,9.13279e+017,0,,国家级,6,4,4,565,19770,"(17855.0, 21364.0]"
启明科技集团有限公司008292,9.131495537686807e+017,0,0,国家级,7,1,3,-3434545,31170,"(27972.0, 31471.0]"
远航能源有限公司008293,9.1356555e+017,0,,省级,3,7,5,6767,25920,"(24660.0, 27972.0]"
永泰材料股份有限公司008294,9.138798e+017,0,,市级,6,7,5,5656,10810,"(7370.0, 10954.0]"
远航信息集团有限公司008295,9.1310499036e+017,,0,国家级,6,3,7,676767,30270,"(27972.0, 31471.0]"
宏达能源股份有限公司008296,9.1308813455424e+017,1,1,市级,6,4,1,-3434545,8210,"(7370.0, 10954.0]"
嘉禾材料集团有限公司008297,9.13341154e+017,0,1,国家级,4,3,3,5656,23750,"(21364.0, 24660.0]"
创元纺织有限责任公司008298,9.13362421e+017,0,1,国家级,,5,2,6767,8940,"(7370.0, 10954.0]"
联创生物有限公司008299,9.137544418979e+017,1,1,省级,6,1,6,-2323432,17300,"(14480.0, 17855.0]"
瑞丰能源股份有限公司008300,9.13855e+017,1,1,省级,5,2,2,676767,21900,"(21364.0, 24660.0]"
中原机械股份有限公司008301,9.139850667986652e+017,1,0,县级,5,6,7,565656,8160,"(7370.0, 10954.0]"
嘉禾电子集团有限公司008302,9.133133e+017,1,,国家级,6,,4,676767,31250,"(27972.0, 31471.0]"
永泰机械有限公司008303,9.137609877337e+017,1,1,市级,3,,2,343434,10080,"(7370.0, 10954.0]"
嘉禾环保集团有限公司008304,9.13826709e+017,1,0,省级,5,3,5,-2323432,24390,"(21364.0, 24660.0]"
创元机械股份有限公司008305,9.13160e+017,1,1,国家级,1,6,,565,22470,"(21364.0, 24660.0]"
天成医药有限责任公司008306,9.134190e+017,0,1,国家级,1,7,4,676767,28620,"(27972.0, 31471.0]"
联创机械有限责任公司008307,9.139150633421780e+017,0,1,省级,1,,1,-2323432,28830,"(27972.0, 31471.0]"
联创网络股份有限公司008308,9.13749668079e+017,1,,国家级,3,3,7,-2323432,24050,"(21364.0, 24660.0]"
永泰电子有限公司008309,9.1356555222897e+017,0,0,县级,5,2,1,-2323432,21800,"(21364.0, 24660.0]"
天成建设有限责任公司008310,9.130549744368706e+017,,0,市级,,4,,-2323432,5840,"(3780.0, 7370.0]"
鼎盛环保有限公司008311,9.135824e+017,1,1,县级,7,3,,5656,26690,"(24660.0, 27972.0]"
远航物流股份有限公司008312,9.133333527474e+017,,1,省级,3,7,2,-3434545,24890,"(24660.0, 27972.0]"
汇通生物集团有限公司008313,9.13120045897092e+017,1,1,省级,3,4,7,565,25430,"(24660.0, 27972.0]"
盛世生物有限责任公司008314,9.130972098377557e+017,1,1,国家级,3,3,6,676767,7810,"(7370.0, 10954.0]"
创元信息集团有限公司008315,9.138545e+017,1,1,国家级,7,5,2,-2323432,33160,"(31471.0, 35000.0]"
天成食品有限责任公司008316,9.13059222e+017,0,1,市级,6,4,1,565,31320,"(27972.0, 31471.0]"
博雅装备股份有限公司008317,9.1317e+017,1,0,县级,7,,4,5656,2660,"(49.999, 3780.0]"
博雅能源有限公司008318,9.13930e+017,1,0,县级,4,4,7,565,9010,"(7370.0, 10954.0]"
中原网络股份有限公司008319,9.134940642277e+017,0,0,,7,7,7,5656,4720,"(3780.0, 7370.0]"
联创生物集团有限公司008320,9.1386693860e+017,,0,省级,,2,5,-3434545,11750,"(10954.0, 14480.0]"
华信纺织有限责任公司008321,9.1387e+017,0,1,国家级,,1,5,676767,15480,"(14480.0, 17855.0]"
金鼎机械有限责任公司008322,9.136188e+017,,0,市级,7,5,4,-2323432,5300,"(3780.0, 7370.0]"
永泰建设有限责任公司008323,9.133398324111e+017,1,1,市级,3,3,7,565656,13720,"(10954.0, 14480.0]"
博雅医药有限公司008324,9.1322e+017,1,0,省级,4,1,1,565,29510,"(27972.0, 31471.0]"
启明机械股份有限公司008325,9.134281307e+017,1,0,国家级,,2,7,-2323432,14420,"(10954.0, 14480.0]"
中原能源集团有限公司008326,9.1395e+017,1,1,县级,,6,,6767,34350,"(31471.0, 35000.0]"
启明信息有限责任公司008327,9.137845808e+017,1,1,省级,,,7,343434,22640,"(21364.0, 24660.0]"
启明物流有限责任公司008328,9.13998e+017,0,0,市级,5,3,1,565,16110,"(14480.0, 17855.0]"
天成材料有限公司008329,9.13280924253e+017,0,1,,2,,2,343434,6000,"(3780.0, 7370.0]"
联创医药有限公司008330,9.131714e+017,1,1,县级,6,3,4,-3434545,1510,"(49.999, 3780.0]"
盛世网络有限责任公司008331,9.1360e+017,1,0,县级,1,7,4,343434,27380,"(24660.0, 27972.0]"
宏达智能集团有限公司008332,9.1375318e+017,0,0,市级,2,,4,565656,24760,"(24660.0, 27972.0]"
宏达信息股份有限公司008333,9.1370e+017,1,,市级,3,,4,565,11170,"(10954.0, 14480.0]"
永泰物流集团有限公司008334,9.132895857567e+017,1,1,省级,,1,4,565656,250,"(49.999, 3780.0]"
星河贸易股份有限公司008335,9.13496e+017,1,0,,2,2,6,-2323432,14540,"(14480.0, 17855.0]"
中原生物股份有限公司008336,9.1358e+017,0,1,,7,7,1,565,12660,"(10954.0, 14480.0]"
宏达网络股份有限公司008337,9.130207e+017,,0,省级,3,,4,5656,19110,"(17855.0, 21364.0]"
华泰信息有限责任公司008338,9.1354e+017,0,1,省级,4,2,6,343434,21940,"(21364.0, 24660.0]"
中原食品有限公司008339,9.133857532768747e+017,1,0,县级,3,4,,6767,30130,"(27972.0, 31471.0]"
华信医药有限责任公司008340,9.132433932669460e+017,1,1,市级,7,2,3,-2323432,3940,"(3780.0, 7370.0]"
中原电子有限责任公司008341,9.13982938e+017,0,0,市级,,3,6,-2323432,12790,"(10954.0, 14480.0]"
中原化工集团有限公司008342,9.1385239146160908e+017,1,1,县级,5,,7,-2323432,34060,"(31471.0, 35000.0]"
嘉禾医药有限责任公司008343,9.132051e+017,0,1,国家级,1,3,4,565656,19890,"(17855.0, 21364.0]"
鼎盛食品集团有限公司008344,9.13082265157e+017,1,1,省级,2,,2,6767,5890,"(3780.0, 7370.0]"
星河贸易有限责任公司008345,9.13920781563772e+017,1,1,县级,4,5,7,565,12240,"(10954.0, 14480.0]"
嘉禾网络股份有限公司008346,9.1339427e+017,1,0,市级,1,,7,565,22010,"(21364.0, 24660.0]"
汇通纺织股份有限公司008347,9.13014774958e+017,1,,县级,7,5,4,6767,3470,"(49.999, 3780.0]"
博雅材料集团有限公司008348,9.1379847934476e+017,1,1,国家级,5,4,4,565656,24910,"(24660.0, 27972.0]"
博雅贸易集团有限公司008349,9.1328651629e+017,0,1,市级,7,7,7,565656,4960,"(3780.0, 7370.0]"
博雅建设股份有限公司008350,9.134080075639e+017,0,1,省级,7,2,2,5656,6900,"(3780.0, 7370.0]"
博雅物流股份有限公司008351,9.132634851767019e+017,0,0,县级,,1,1,565656,29530,"(27972.0, 31471.0]"
华泰信息有限公司008352,9.1342233439e+017,1,0,县级,7,2,3,565656,3620,"(49.999, 3780.0]"
盛世能源股份有限公司008353,9.13722393693e+017,0,1,市级,3,5,1,-2323432,6610,"(3780.0, 7370.0]"
金鼎化工股份有限公司008354,9.1374195418e+017,0,1,市级,2,5,,5656,650,"(49.999, 3780.0]"
华泰化工股份有限公司008355,9.1376e+017,1,0,市级,7,5,6,-2323432,15350,"(14480.0, 17855.0]"
金鼎信息有限公司008356,9.134196361e+017,0,0,省级,2,5,5,565,1460,"(49.999, 3780.0]"
华信信息集团有限公司008357,9.1340566877e+017,1,0,市级,7,5,4,-2323432,19980,"(17855.0, 21364.0]"
远航贸易有限责任公司008358,9.1341389e+017,0,1,国家级,5,6,7,-2323432,11070,"(10954.0, 14480.0]"
华信智能有限公司008359,9.130694280e+017,0,1,市级,4,6,6,676767,25490,"(24660.0, 27972.0]"
鼎盛智能有限责任公司008360,9.130914843858e+017,1,1,县级,2,7,,6767,33990,"(31471.0, 35000.0]"
汇通网络集团有限公司008361,9.138461932022260e+017,0,0,国家级,6,3,1,-3434545,29630,"(27972.0, 31471.0]"
联创纺织集团有限公司008362,9.1359728200678e+017,0,1,国家级,,,7,343434,27810,"(24660.0, 27972.0]"
永泰物流有限公司008363,9.130216702381779e+017,0,0,省级,1,4,1,-2323432,21940,"(21364.0, 24660.0]"
远航能源有限责任公司008364,9.1348286e+017,1,1,,4,5,5,-2323432,34970,"(31471.0, 35000.0]"
中原食品有限责任公司008365,9.13391530297695e+017,1,1,省级,7,1,6,6767,28270,"(27972.0, 31471.0]"
鼎盛环保集团有限公司008366,9.1351205198222470e+017,1,0,市级,5,5,5,676767,25490,"(24660.0, 27972.0]"
金鼎科技集团有限公司008367,9.133325298e+017,1,0,县级,3,2,5,676767,30310,"(27972.0, 31471.0]"
创元网络有限公司008368,9.13207804e+017,0,,省级,4,7,,-3434545,2820,"(49.999, 3780.0]"
金鼎建设股份有限公司008369,9.13804379661e+017,1,0,市级,3,3,2,676767,3700,"(49.999, 3780.0]"
中原智能有限责任公司008370,9.138912796e+017,1,0,县级,4,4,2,343434,2330,"(49.999, 3780.0]"
远航信息有限责任公司008371,9.139675209613e+017,0,1,国家级,,2,6,565656,19010,"(17855.0, 21364.0]"
天成网络股份有限公司008372,9.1304484956584150e+017,,1,省级,,7,3,676767,20960,"(17855.0, 21364.0]"
启明网络有限公司008373,9.1314923705e+017,0,,省级,,4,3,676767,4030,"(3780.0, 7370.0]"
华信贸易股份有限公司008374,9.13067595053e+017,,1,市级,7,4,1,565656,33840,"(31471.0, 35000.0]"
华信能源股份有限公司008375,9.138903181865572e+017,0,1,县级,5,,5,676767,13540,"(10954.0, 14480.0]"
启明科技股份有限公司008376,9.135556355e+017,0,0,省级,1,4,,343434,23590,"(21364.0, 24660.0]"
远航贸易有限责任公司008377,9.13351797057e+017,0,0,市级,7,6,6,-3434545,22560,"(21364.0, 24660.0]"
启明能源有限公司008378,9.1317144485225900e+017,0,1,省级,3,7,1,676767,27340,"(24660.0, 27972.0]"
盛世机械有限公司008379,9.13860195e+017,0,0,市级,4,3,3,-3434545,16700,"(14480.0, 17855.0]"
中原机械股份有限公司008380,9.13004891e+017,1,1,市级,1,6,2,343434,6730,"(3780.0, 7370.0]"
天成物流集团有限公司008381,9.136166719844e+017,0,,,3,1,,565,14180,"(10954.0, 14480.0]"
鼎盛生物有限责任公司008382,9.13186407490e+017,1,0,省级,3,,2,343434,15880,"(14480.0, 17855.0]"
启明机械股份有限公司008383,9.134481773446e+017,1,1,国家级,6,,2,-3434545,11860,"(10954.0, 14480.0]"
嘉禾机械有限公司008384,9.1339755080e+017,1,,市级,2,7,,676767,960,"(49.999, 3780.0]"
星河机械集团有限公司008385,9.130020789220866e+017,0,1,市级,1,1,7,565,27980,"(27972.0, 31471.0]"
嘉禾环保集团有限公司008386,9.13343965897928e+017,,0,县级,,5,7,-2323432,26600,"(24660.0, 27972.0]"
启明环保有限责任公司008387,9.1384e+017,1,,县级,,4,1,343434,32080,"(31471.0, 35000.0]"
创元材料股份有限公司008388,9.1354109e+017,0,0,市级,,4,1,-2323432,17200,"(14480.0, 17855.0]"
鼎盛食品股份有限公司008389,9.1323564967644e+017,1,0,省级,,3,1,5656,17150,"(14480.0, 17855.0]"
中原网络集团有限公司008390,9.1385818384472515e+017,0,1,市级,3,1,7,6767,5530,"(3780.0, 7370.0]"
盛世网络有限责任公司008391,9.133326757034086e+017,0,0,省级,2,2,5,-3434545,27910,"(24660.0, 27972.0]"
中原纺织有限责任公司008392,9.139241174628e+017,,0,国家级,1,3,3,343434,26360,"(24660.0, 27972.0]"
天成纺织有限公司008393,9.1330273e+017,,1,国家级,5,,5,565,17350,"(14480.0, 17855.0]"
远航电子股份有限公司008394,9.1333e+017,0,1,国家级,2,3,5,565,26960,"(24660.0, 27972.0]"
瑞丰装备股份有限公司008395,9.13843378644537e+017,1,1,市级,,2,4,6767,2880,"(49.999, 3780.0]"
宏达环保有限责任公司008396,9.1399085572e+017,1,0,省级,1,6,1,6767,33070,"(31471.0, 35000.0]"
联创食品有限责任公司008397,9.136326992e+017,1,0,国家级,3,5,6,676767,7180,"(3780.0, 7370.0]"
盛世贸易有限责任公司008398,9.130514e+017,1,0,省级,,3,7,-3434545,6860,"(3780.0, 7370.0]"
华泰生物股份有限公司008399,9.131070e+017,1,0,市级,4,2,1,565,22890,"(21364.0, 24660.0]"
永泰生物股份有限公司008400,9.132368339867773e+017,1,1,市级,7,,7,343434,27260,"(24660.0, 27972.0]"
盛世网络有限公司008401,9.13202264017379e+017,0,0,国家级,7,1,,565,1760,"(49.999, 3780.0]"
金鼎医药股份有限公司008402,9.1330334e+017,0,,,7,5,3,676767,28360,"(27972.0, 31471.0]"
启明生物有限责任公司008403,9.133863554141e+017,1,0,市级,4,2,,6767,31800,"(31471.0, 35000.0]"
永泰装备有限公司008404,9.1352485730e+017,1,1,县级,3,2,,5656,8320,"(7370.0, 10954.0]"
中原化工有限责任公司008405,9.1311513375041660e+017,0,0,,6,2,1,6767,2240,"(49.999, 3780.0]"
嘉禾环保集团有限公司008406,9.135277123e+017,0,0,县级,1,4,1,6767,29000,"(27972.0, 31471.0]"
汇通贸易有限责任公司008407,9.13292033372138e+017,1,0,,7,,1,343434,18520,"(17855.0, 21364.0]"
金鼎网络有限公司008408,9.13160465225e+017,0,1,省级,3,4,,6767,1270,"(49.999, 3780.0]"
创元贸易股份有限公司008409,9.13488e+017,1,1,国家级,,6,,-2323432,19760,"(17855.0, 21364.0]"
永泰材料股份有限公司008410,9.138800254081e+017,1,0,国家级,3,7,3,-3434545,26380,"(24660.0, 27972.0]"
鼎盛生物有限公司008411,9.132915147748e+017,1,1,国家级,5,3,3,676767,28740,"(27972.0, 31471.0]"
永泰材料有限公司008412,9.138534708611e+017,1,1,县级,6,,2,5656,1940,"(49.999, 3780.0]"
鼎盛能源有限公司008413,9.132646227e+017,1,1,国家级,7,,3,343434,23380,"(21364.0, 24660.0]"
星河贸易集团有限公司008414,9.13569813e+017,0,0,县级,1,,4,343434,15380,"(14480.0, 17855.0]"
启明环保有限公司008415,9.1391748732226786e+017,0,1,市级,3,7,7,6767,23380,"(21364.0, 24660.0]"
宏达信息有限责任公司008416,9.13470472214e+017,1,0,国家级,,4,2,565,17770,"(14480.0, 17855.0]"
联创食品有限公司008417,9.1351415092218492e+017,0,0,市级,1,2,6,565,13910,"(10954.0, 14480.0]"
鼎盛贸易股份有限公司008418,9.13965471e+017,1,0,,3,1,3,5656,28600,"(27972.0, 31471.0]"
远航能源集团有限公司008419,9.13018233699e+017,0,,,1,3,6,565656,22970,"(21364.0, 24660.0]"
汇通能源股份有限公司008420,9.138358e+017,1,1,,7,5,,343434,15200,"(14480.0, 17855.0]"
创元能源集团有限公司008421,9.130402376e+017,0,1,市级,6,1,7,565656,29880,"(27972.0, 31471.0]"
联创材料集团有限公司008422,9.1367437868381e+017,0,0,国家级,7,3,4,565656,3950,"(3780.0, 7370.0]"
鼎盛信息股份有限公司008423,9.132426410945789e+017,0,0,省级,4,1,7,5656,20000,"(17855.0, 21364.0]"
宏达电子有限责任公司008424,9.133644803e+017,0,,市级,,5,6,343434,17280,"(14480.0, 17855.0]"
鼎盛纺织有限责任公司008425,9.1303888e+017,,0,市级,5,6,6,565656,11010,"(10954.0, 14480.0]"
天成贸易有限公司008426,9.13327502551e+017,0,1,市级,5,3,4,5656,9460,"(7370.0, 10954.0]"
天成机械股份有限公司008427,9.1348e+017,1,0,省级,6,6,5,676767,1070,"(49.999, 3780.0]"
星河机械股份有限公司008428,9.132077e+017,1,0,国家级,6,,4,6767,11680,"(10954.0, 14480.0]"
天成机械集团有限公司008429,9.138322449962e+017,0,1,省级,7,2,1,565,29540,"(27972.0, 31471.0]"
华泰纺织有限责任公司008430,9.13959664517e+017,0,0,县级,4,1,3,565656,26320,"(24660.0, 27972.0]"
华泰环保集团有限公司008431,9.13667e+017,0,1,县级,4,1,1,-3434545,26430,"(24660.0, 27972.0]"
启明材料有限责任公司008432,9.131359897e+017,0,0,省级,3,3,6,565,32560,"(31471.0, 35000.0]"
鼎盛物流股份有限公司008433,9.13977030964e+017,1,1,国家级,1,4,4,-3434545,26380,"(24660.0, 27972.0]"
瑞丰纺织集团有限公司008434,9.136018363e+017,0,1,,6,6,1,565656,9900,"(7370.0, 10954.0]"
星河食品股份有限公司008435,9.1340e+017,0,1,国家级,7,4,1,565,17250,"(14480.0, 17855.0]"
创元智能集团有限公司008436,9.1371991187e+017,0,0,县级,3,6,5,565,21160,"(17855.0, 21364.0]"
永泰能源集团有限公司008437,9.13943e+017,1,0,省级,,3,6,565656,16580,"(14480.0, 17855.0]"
中原材料股份有限公司008438,9.13456e+017,1,0,国家级,4,2,7,-3434545,2310,"(49.999, 3780.0]"
嘉禾机械有限责任公司008439,9.1348053289518947e+017,1,1,省级,7,,3,-3434545,6640,"(3780.0, 7370.0]"
星河食品有限公司008440,9.133464194e+017,1,1,省级,2,1,5,6767,4130,"(3780.0, 7370.0]"
华泰网络有限责任公司008441,9.1358828e+017,1,0,省级,,,5,343434,33020,"(31471.0, 35000.0]"
汇通科技股份有限公司008442,9.1383e+017,1,,县级,4,3,4,-3434545,8360,"(7370.0, 10954.0]"
永泰材料集团有限公司008443,9.1314588488667e+017,,,国家级,1,4,7,-3434545,20950,"(17855.0, 21364.0]"
中原能源集团有限公司008444,9.13295051e+017,1,0,县级,3,4,3,6767,6070,"(3780.0, 7370.0]"
联创环保股份有限公司008445,9.1345929e+017,1,0,市级,6,1,,343434,30110,"(27972.0, 31471.0]"
汇通机械有限公司008446,9.1378909010e+017,0,1,国家级,6,2,6,5656,12330,"(10954.0, 14480.0]"
瑞丰食品股份有限公司008447,9.13828998e+017,,1,市级,5,7,1,565656,26830,"(24660.0, 27972.0]"
远航医药有限公司008448,9.1369324452e+017,1,0,县级,,6,3,5656,13800,"(10954.0, 14480.0]"
华泰装备股份有限公司008449,9.134407e+017,0,1,国家级,3,2,6,676767,10050,"(7370.0, 10954.0]"
鼎盛科技有限责任公司008450,9.13020514090504e+017,1,1,市级,3,5,5,676767,28250,"(27972.0, 31471.0]"
华信科技股份有限公司008451,9.13359110e+017,1,,省级,6,7,,6767,5060,"(3780.0, 7370.0]"
宏达装备有限公司008452,9.1388735979e+017,1,0,国家级,2,1,3,6767,27920,"(24660.0, 27972.0]"
金鼎贸易有限公司008453,9.138970e+017,1,0,县级,,2,2,-3434545,6260,"(3780.0, 7370.0]"
嘉禾电子有限公司008454,9.13859058663855e+017,1,1,省级,7,4,3,343434,29640,"(27972.0, 31471.0]"
博雅智能有限公司008455,9.1344e+017,1,0,国家级,5,2,1,676767,20680,"(17855.0, 21364.0]"
汇通建设有限责任公司008456,9.1318004339053983e+017,1,0,,6,6,,5656,31590,"(31471.0, 35000.0]"
博雅化工有限公司008457,9.1334725462703291e+017,1,0,县级,2,5,7,565,14660,"(14480.0, 17855.0]"
联创智能有限公司008458,9.130931984855386e+017,0,0,市级,4,7,5,676767,21630,"(21364.0, 24660.0]"
宏达化工有限责任公司008459,9.13743e+017,0,1,市级,1,,2,-2323432,6190,"(3780.0, 7370.0]"
创元电子集团有限公司008460,9.1373175085e+017,0,1,省级,2,6,7,343434,20730,"(17855.0, 21364.0]"
远航化工有限公司008461,9.13357884756927e+017,1,1,国家级,1,2,3,676767,31190,"(27972.0, 31471.0]"
盛世信息集团有限公司008462,9.132587582e+017,1,,,1,1,1,-3434545,19770,"(17855.0, 21364.0]"
远航建设股份有限公司008463,9.13063312809890e+017,1,1,国家级,7,3,3,6767,15820,"(14480.0, 17855.0]"
启明生物有限公司008464,9.137974e+017,1,0,国家级,1,3,7,6767,9950,"(7370.0, 10954.0]"
鼎盛机械有限公司008465,9.1307440063002e+017,1,0,县级,6,,5,676767,30710,"(27972.0, 31471.0]"
星河医药集团有限公司008466,9.1341582497574e+017,1,1,国家级,6,5,7,565656,17140,"(14480.0, 17855.0]"
远航科技有限责任公司008467,9.137658900142e+017,0,0,国家级,,4,,343434,18030,"(17855.0, 21364.0]"
中原智能股份有限公司008468,9.136704829623e+017,1,1,,2,5,3,676767,2960,"(49.999, 3780.0]"
鼎盛生物有限公司008469,9.1332773700436e+017,,,市级,3,5,2,-3434545,19520,"(17855.0, 21364.0]"
华信材料股份有限公司008470,9.13755724524638e+017,0,0,县级,1,1,7,6767,6660,"(3780.0, 7370.0]"
星河食品有限责任公司008471,9.13137578e+017,0,1,县级,7,,3,-2323432,9530,"(7370.0, 10954.0]"
启明智能有限公司008472,9.1303751646386935e+017,0,0,省级,2,1,5,-2323432,5170,"(3780.0, 7370.0]"
瑞丰物流集团有限公司008473,9.139398266932554e+017,1,0,国家级,5,1,,565,22520,"(21364.0, 24660.0]"
天成食品有限责任公司008474,9.13846e+017,1,1,国家级,,1,2,6767,20790,"(17855.0, 21364.0]"
启明信息有限责任公司008475,9.1369781733669e+017,0,1,市级,1,5,5,676767,2190,"(49.999, 3780.0]"
汇通材料股份有限公司008476,9.13851918005605e+017,0,1,省级,1,6,,343434,1880,"(49.999, 3780.0]"
鼎盛能源集团有限公司008477,9.136623894587085e+017,0,1,县级,,6,4,565656,27000,"(24660.0, 27972.0]"
盛世物流股份有限公司008478,9.13869706e+017,1,0,县级,5,1,2,565,2130,"(49.999, 3780.0]"
瑞丰电子集团有限公司008479,9.133390780e+017,0,0,,6,3,3,565,4820,"(3780.0, 7370.0]"
盛世生物股份有限公司008480,9.13436441e+017,1,0,市级,2,,6,343434,24950,"(24660.0, 27972.0]"
远航网络有限公司008481,9.135524911e+017,0,1,省级,,1,1,676767,940,"(49.999, 3780.0]"
嘉禾环保有限公司008482,9.1301917712715e+017,1,0,国家级,1,5,2,-3434545,22290,"(21364.0, 24660.0]"
嘉禾化工集团有限公司008483,9.13086278e+017,0,0,市级,5,2,,676767,27610,"(24660.0, 27972.0]"
鼎盛装备有限责任公司008484,9.134331650489e+017,1,,省级,1,1,1,676767,7610,"(7370.0, 10954.0]"
金鼎贸易有限责任公司008485,9.1329e+017,1,0,县级,,5,2,-2323432,27310,"(24660.0, 27972.0]"
中原智能股份有限公司008486,9.1325935463827e+017,1,1,县级,2,2,3,-3434545,13510,"(10954.0, 14480.0]"
鼎盛环保有限责任公司008487,9.133341948418e+017,0,1,国家级,5,7,5,343434,490,"(49.999, 3780.0]"
星河食品集团有限公司008488,9.1379e+017,0,0,国家级,1,4,7,676767,17570,"(14480.0, 17855.0]"
创元医药有限公司008489,9.134754646e+017,1,0,,1,1,6,-2323432,6290,"(3780.0, 7370.0]"
永泰能源有限公司008490,9.13870e+017,0,0,市级,5,1,1,343434,10130,"(7370.0, 10954.0]"
星河信息有限责任公司008491,9.13471127443428e+017,0,1,国家级,7,5,7,343434,19930,"(17855.0, 21364.0]"
创元物流有限公司008492,9.131135027e+017,0,1,国家级,,2,6,676767,4720,"(3780.0, 7370.0]"
创元建设股份有限公司008493,9.13595676e+017,1,0,国家级,6,2,5,565,26360,"(24660.0, 27972.0]"
天成科技有限责任公司008494,9.13232e+017,1,0,国家级,4,6,2,565,2560,"(49.999, 3780.0]"
瑞丰医药股份有限公司008495,9.1357e+017,1,0,市级,5,5,6,676767,26690,"(24660.0, 27972.0]"
创元食品有限公司008496,9.1312508e+017,1,1,市级,7,2,6,5656,32640,"(31471.0, 35000.0]"
启明纺织股份有限公司008497,9.13501619099591e+017,0,1,国家级,5,2,6,-3434545,31630,"(31471.0, 35000.0]"
天成信息有限责任公司008498,9.13834918875832e+017,0,1,县级,,1,,565,5020,"(3780.0, 7370.0]"
华信网络股份有限公司008499,9.131365207069675e+017,1,0,市级,1,2,5,5656,22540,"(21364.0, 24660.0]"
博雅医药有限公司008500,9.13677273900065e+017,0,1,省级,4,4,6,565,22640,"(21364.0, 24660.0]"
天成能源股份有限公司008501,9.1302874e+017,0,1,县级,2,6,1,-2323432,10260,"(7370.0, 10954.0]"
汇通环保有限责任公司008502,9.131199039944601e+017,1,1,省级,5,7,1,-3434545,2530,"(49.999, 3780.0]"
中原食品股份有限公司008503,9.1349e+017,0,0,国家级,3,6,7,6767,23190,"(21364.0, 24660.0]"
金鼎建设集团有限公司008504,9.1315101147630e+017,1,1,市级,7,3,7,-3434545,21510,"(21364.0, 24660.0]"
星河物流有限责任公司008505,9.13279819e+017,0,,省级,1,5,3,343434,10840,"(7370.0, 10954.0]"
瑞丰医药有限责任公司008506,9.130392692e+017,0,0,市级,3,4,7,676767,6610,"(3780.0, 7370.0]"
华泰医药有限责任公司008507,9.13597e+017,1,1,市级,3,4,7,6767,12950,"(10954.0, 14480.0]"
创元能源有限公司008508,9.13180e+017,1,0,省级,5,3,1,565656,16130,"(14480.0, 17855.0]"
天成食品有限公司008509,9.13119433228691e+017,1,1,县级,3,4,5,5656,11730,"(10954.0, 14480.0]"
创元环保有限公司008510,9.136137036292119e+017,1,1,市级,5,7,1,343434,34610,"(31471.0, 35000.0]"
创元机械有限公司008511,9.13548683170769e+017,,0,省级,1,6,,6767,25700,"(24660.0, 27972.0]"
中原能源有限责任公司008512,9.130440246e+017,1,0,市级,7,2,7,565656,15700,"(14480.0, 17855.0]"
远航智能有限公司008513,9.13002e+017,1,0,县级,6,,,5656,3630,"(49.999, 3780.0]"
华泰建设有限责任公司008514,9.1334757e+017,1,,省级,3,6,6,6767,18880,"(17855.0, 21364.0]"
华信物流有限责任公司008515,9.13409426e+017,0,1,国家级,6,2,1,-3434545,31470,"(27972.0, 31471.0]"
远航科技有限责任公司008516,9.13118716e+017,0,0,县级,4,7,3,-2323432,3630,"(49.999, 3780.0]"
嘉禾生物有限责任公司008517,9.130248895008094e+017,0,1,省级,6,6,3,5656,3780,"(49.999, 3780.0]"
联创纺织股份有限公司008518,9.1331830067731738e+017,1,1,国家级,1,5,7,565,18880,"(17855.0, 21364.0]"
瑞丰化工有限公司008519,9.1319076e+017,1,0,省级,7,3,4,-3434545,27110,"(24660.0, 27972.0]"
宏达材料有限责任公司008520,9.1311816525e+017,1,0,县级,6,3,6,-2323432,32990,"(31471.0, 35000.0]"
鼎盛医药股份有限公司008521,9.137009589900e+017,1,,国家级,1,2,1,343434,19850,"(17855.0, 21364.0]"
远航生物有限责任公司008522,9.13169571e+017,1,0,国家级,7,2,,-3434545,34420,"(31471.0, 35000.0]"
华泰电子集团有限公司008523,9.1318994670362e+017,1,1,市级,7,6,4,565,29100,"(27972.0, 31471.0]"
华信纺织股份有限公司008524,9.133969822e+017,,0,市级,4,3,4,565,7430,"(7370.0, 10954.0]"
盛世贸易股份有限公司008525,9.139582319781e+017,0,1,国家级,7,1,5,-2323432,20640,"(17855.0, 21364.0]"
远航机械有限责任公司008526,9.13659e+017,,1,国家级,,6,6,565,7490,"(7370.0, 10954.0]"
创元信息集团有限公司008527,9.1350e+017,1,1,省级,,4,4,-3434545,24140,"(21364.0, 24660.0]"
永泰物流集团有限公司008528,9.1306e+017,0,1,国家级,1,,,676767,24960,"(24660.0, 27972.0]"
汇通能源集团有限公司008529,9.1366497e+017,0,1,国家级,,2,3,343434,9670,"(7370.0, 10954.0]"
联创电子股份有限公司008530,9.1340e+017,0,,,1,4,5,5656,28330,"(27972.0, 31471.0]"
华泰网络集团有限公司008531,9.1352731628103186e+017,0,1,市级,3,,5,-3434545,13470,"(10954.0, 14480.0]"
宏达食品有限责任公司008532,9.1366953233674e+017,0,0,,5,,4,565656,6290,"(3780.0, 7370.0]"
华泰环保有限责任公司008533,9.1378e+017,1,0,市级,3,,,5656,17650,"(14480.0, 17855.0]"
远航信息有限公司008534,9.138512343e+017,,1,省级,,6,,-3434545,21990,"(21364.0, 24660.0]"
博雅纺织股份有限公司008535,9.1338e+017,0,0,市级,3,2,2,-3434545,21410,"(21364.0, 24660.0]"
启明建设股份有限公司008536,9.1324064676234e+017,0,0,市级,7,7,1,-3434545,3210,"(49.999, 3780.0]"
嘉禾科技集团有限公司008537,9.130227e+017,1,1,,7,5,6,-2323432,10660,"(7370.0, 10954.0]"
华信信息集团有限公司008538,9.13382250e+017,1,1,市级,6,,2,-3434545,7520,"(7370.0, 10954.0]"
启明材料集团有限公司008539,9.1398008098e+017,1,0,市级,3,6,5,343434,4360,"(3780.0, 7370.0]"
华泰贸易集团有限公司008540,9.1373400e+017,0,1,县级,4,3,1,-2323432,28190,"(27972.0, 31471.0]"
盛世化工集团有限公司008541,9.133642301e+017,0,1,市级,1,6,7,676767,11460,"(10954.0, 14480.0]"
鼎盛信息集团有限公司008542,9.13697865e+017,0,1,县级,5,6,6,-3434545,9030,"(7370.0, 10954.0]"
金鼎食品集团有限公司008543,9.13997903e+017,0,1,国家级,,1,7,-2323432,19350,"(17855.0, 21364.0]"
嘉禾网络有限公司008544,9.138486e+017,1,1,市级,5,7,5,-2323432,15190,"(14480.0, 17855.0]"
永泰科技有限公司008545,9.13674e+017,1,0,市级,4,6,1,676767,4150,"(3780.0, 7370.0]"
中原网络有限责任公司008546,9.1322421576e+017,1,0,国家级,1,3,1,676767,21160,"(17855.0, 21364.0]"
远航装备有限责任公司008547,9.138335e+017,1,0,国家级,5,5,3,5656,2820,"(49.999, 3780.0]"
鼎盛电子集团有限公司008548,9.1337784137e+017,1,0,县级,3,6,1,-2323432,30070,"(27972.0, 31471.0]"
华信电子集团有限公司008549,9.1375749449718103e+017,0,,省级,,,5,565,29690,"(27972.0, 31471.0]"
金鼎环保股份有限公司008550,9.137304206199551e+017,,1,省级,5,2,7,565656,23070,"(21364.0, 24660.0]"
远航装备股份有限公司008551,9.13323481e+017,1,1,省级,1,1,5,5656,10810,"(7370.0, 10954.0]"
汇通材料集团有限公司008552,9.1309160650379216e+017,0,0,市级,3,6,,676767,15770,"(14480.0, 17855.0]"
盛世物流有限责任公司008553,9.136633149e+017,1,1,县级,2,3,4,-3434545,25960,"(24660.0, 27972.0]"
联创建设集团有限公司008554,9.136088936e+017,0,0,县级,3,4,2,565656,10490,"(7370.0, 10954.0]"
金鼎能源有限责任公司008555,9.139369358e+017,0,1,国家级,4,4,2,343434,13360,"(10954.0, 14480.0]"
华泰能源有限公司008556,9.138845e+017,0,1,国家级,3,2,4,6767,970,"(49.999, 3780.0]"
宏达电子有限公司008557,9.134283634994e+017,0,1,国家级,1,6,5,565656,33630,"(31471.0, 35000.0]"
瑞丰机械集团有限公司008558,9.13323121374750e+017,0,0,县级,4,7,3,565656,590,"(49.999, 3780.0]"
嘉禾物流集团有限公司008559,9.13158401834e+017,0,,,,,7,5656,6370,"(3780.0, 7370.0]"
中原纺织有限责任公司008560,9.1332497116254e+017,,0,市级,4,7,5,6767,5720,"(3780.0, 7370.0]"
天成贸易集团有限公司008561,9.13216e+017,1,1,市级,4,7,1,565656,33980,"(31471.0, 35000.0]"
天成化工有限公司008562,9.1302159364243e+017,1,0,县级,5,7,6,565656,27150,"(24660.0, 27972.0]"
宏达贸易有限责任公司008563,9.13482e+017,,1,县级,3,4,7,-3434545,7250,"(3780.0, 7370.0]"
瑞丰环保股份有限公司008564,9.13284e+017,0,1,,1,6,6,-3434545,17880,"(17855.0, 21364.0]"
创元生物有限公司008565,9.1323462e+017,,1,,1,3,,565,2340,"(49.999, 3780.0]"
金鼎生物集团有限公司008566,9.13313871854e+017,,1,国家级,5,4,7,6767,31570,"(31471.0, 35000.0]"
华泰建设股份有限公司008567,9.1355e+017,0,1,国家级,4,2,,565,30360,"(27972.0, 31471.0]"
宏达食品股份有限公司008568,9.1326470810e+017,,1,国家级,1,4,7,565,21410,"(21364.0, 24660.0]"
中原机械股份有限公司008569,9.13824e+017,0,0,国家级,7,5,,6767,32460,"(31471.0, 35000.0]"
星河食品有限公司008570,9.13246365828e+017,1,0,市级,2,6,4,6767,10650,"(7370.0, 10954.0]"
创元科技股份有限公司008571,9.13198139100e+017,0,,省级,,,2,5656,9770,"(7370.0, 10954.0]"
鼎盛装备股份有限公司008572,9.13823941233e+017,0,1,县级,2,6,4,-3434545,21370,"(21364.0, 24660.0]"
远航贸易有限公司008573,9.137387713526063e+017,1,0,国家级,5,1,5,-2323432,22560,"(21364.0, 24660.0]"
天成化工有限公司008574,9.1397078042221535e+017,0,0,市级,7,1,4,5656,32080,"(31471.0, 35000.0]"
天成智能有限公司008575,9.139229643470039e+017,1,0,国家级,6,3,3,343434,24610,"(21364.0, 24660.0]"
华信智能有限责任公司008576,9.1303e+017,1,0,,,,7,5656,10210,"(7370.0, 10954.0]"
中原装备有限公司008577,9.13045619120522e+017,1,1,国家级,2,7,,343434,22600,"(21364.0, 24660.0]"
华信科技有限公司008578,9.133953418e+017,0,1,,7,3,3,6767,10820,"(7370.0, 10954.0]"
星河科技集团有限公司008579,9.13634271723e+017,,0,,4,4,3,6767,9540,"(7370.0, 10954.0]"
远航网络集团有限公司008580,9.13311e+017,0,0,省级,,3,,5656,31320,"(27972.0, 31471.0]"
华信机械有限公司008581,9.132989e+017,1,0,国家级,6,3,7,565,11180,"(10954.0, 14480.0]"
华泰医药集团有限公司008582,9.1350e+017,0,0,国家级,5,4,2,-2323432,33830,"(31471.0, 35000.0]"
嘉禾纺织有限公司008583,9.13412e+017,1,0,国家级,7,4,7,5656,18180,"(17855.0, 21364.0]"
宏达建设有限公司008584,9.136603318e+017,0,1,县级,,4,7,-2323432,34420,"(31471.0, 35000.0]"
金鼎信息有限公司008585,9.139187e+017,0,1,,3,2,4,6767,860,"(49.999, 3780.0]"
金鼎生物有限公司008586,9.138581122e+017,1,0,县级,3,5,3,565,34170,"(31471.0, 35000.0]"
华信装备有限责任公司008587,9.136017e+017,1,0,县级,5,4,2,-2323432,9290,"(7370.0, 10954.0]"
华泰机械股份有限公司008588,9.1384805473e+017,1,0,市级,7,1,3,565656,2840,"(49.999, 3780.0]"
天成智能有限公司008589,9.1371606814170194e+017,,0,国家级,7,7,2,-3434545,10800,"(7370.0, 10954.0]"
星河食品股份有限公司008590,9.134279567e+017,,0,省级,5,7,4,676767,24400,"(21364.0, 24660.0]"
永泰信息有限公司008591,9.138111788742e+017,0,0,市级,4,3,4,343434,18740,"(17855.0, 21364.0]"
远航物流有限责任公司008592,9.135186255e+017,,,国家级,5,2,1,-3434545,30040,"(27972.0, 31471.0]"
联创科技有限责任公司008593,9.1320e+017,1,1,国家级,5,3,1,676767,3730,"(49.999, 3780.0]"
远航化工股份有限公司008594,9.13806830e+017,0,0,省级,5,5,1,6767,19690,"(17855.0, 21364.0]"
盛世网络有限公司008595,9.13019e+017,0,0,,6,2,,343434,3740,"(49.999, 3780.0]"
宏达生物有限责任公司008596,9.134703486547371e+017,0,0,县级,6,6,1,676767,14300,"(10954.0, 14480.0]"
瑞丰环保有限责任公司008597,9.1338245235880648e+017,1,0,县级,2,2,5,5656,8590,"(7370.0, 10954.0]"
汇通化工股份有限公司008598,9.1327018533326167e+017,0,0,县级,,2,4,343434,34750,"(31471.0, 35000.0]"
联创装备集团有限公司008599,9.1326442e+017,1,0,国家级,3,2,1,-3434545,21590,"(21364.0, 24660.0]"
嘉禾医药有限责任公司008600,9.133771220e+017,0,1,,3,,,676767,10920,"(7370.0, 10954.0]"
中原科技集团有限公司008601,9.13792906e+017,1,0,省级,,1,1,565,31000,"(27972.0, 31471.0]"
远航机械有限公司008602,9.13252206e+017,,0,县级,5,6,5,343434,20290,"(17855.0, 21364.0]"
博雅生物股份有限公司008603,9.1324409758e+017,1,1,,2,7,5,-3434545,29030,"(27972.0, 31471.0]"
永泰科技集团有限公司008604,9.132724555e+017,0,1,国家级,1,5,2,-3434545,14130,"(10954.0, 14480.0]"
天成材料集团有限公司008605,9.1362470571069e+017,0,,县级,2,,6,343434,5770,"(3780.0, 7370.0]"
华信生物有限责任公司008606,9.136291242433049e+017,1,1,省级,5,7,,565656,27620,"(24660.0, 27972.0]"
星河智能集团有限公司008607,9.1339056080391e+017,0,0,国家级,,1,6,565656,2000,"(49.999, 3780.0]"
创元化工有限公司008608,9.1341814671e+017,0,0,县级,1,1,6,565,2030,"(49.999, 3780.0]"
汇通智能有限责任公司008609,9.13134e+017,,,县级,6,3,5,565,3060,"(49.999, 3780.0]"
远航机械有限责任公司008610,9.13539588596e+017,1,0,省级,6,1,6,343434,15400,"(14480.0, 17855.0]"
博雅物流有限责任公司008611,9.13966425e+017,1,1,国家级,6,,7,6767,34840,"(31471.0, 35000.0]"
华泰机械集团有限公司008612,9.137004e+017,,,县级,6,7,6,565656,16050,"(14480.0, 17855.0]"
嘉禾材料股份有限公司008613,9.1355e+017,0,0,,5,6,4,-3434545,21350,"(17855.0, 21364.0]"
鼎盛科技有限公司008614,9.13932630804e+017,0,0,县级,6,5,4,565656,27920,"(24660.0, 27972.0]"
宏达智能股份有限公司008615,9.1361307105013943e+017,0,0,,,5,3,565656,4810,"(3780.0, 7370.0]"
汇通物流集团有限公司008616,9.134831230986989e+017,1,,市级,7,6,1,5656,28020,"(27972.0, 31471.0]"
创元电子集团有限公司008617,9.1359507007788e+017,1,0,省级,2,6,2,565,22220,"(21364.0, 24660.0]"
华信贸易有限责任公司008618,9.13297951440718e+017,0,0,省级,,1,,6767,30960,"(27972.0, 31471.0]"
联创科技有限责任公司008619,9.13002828753753e+017,1,1,省级,4,,4,6767,24200,"(21364.0, 24660.0]"
金鼎贸易集团有限公司008620,9.1360956e+017,1,1,,3,7,1,565,34980,"(31471.0, 35000.0]"
远航医药有限责任公司008621,9.1344247e+017,1,1,市级,3,7,1,565656,10110,"(7370.0, 10954.0]"
华泰贸易有限责任公司008622,9.133448086011131e+017,1,0,省级,6,,2,-2323432,30690,"(27972.0, 31471.0]"
嘉禾生物股份有限公司008623,9.13578340662e+017,0,0,县级,3,7,2,676767,12960,"(10954.0, 14480.0]"
宏达机械集团有限公司008624,9.131823997e+017,,1,市级,6,3,,676767,34980,"(31471.0, 35000.0]"
盛世物流股份有限公司008625,9.13545885575e+017,0,0,省级,2,2,,5656,3230,"(49.999, 3780.0]"
金鼎科技有限公司008626,9.13953430650207e+017,,0,县级,5,3,3,6767,23500,"(21364.0, 24660.0]"
鼎盛信息集团有限公司008627,9.135486146028e+017,0,1,国家级,7,6,7,343434,6660,"(3780.0, 7370.0]"
星河电子有限责任公司008628,9.1348e+017,0,0,,6,2,4,565656,5210,"(3780.0, 7370.0]"
华泰建设集团有限公司008629,9.136839e+017,0,1,省级,1,6,,6767,6870,"(3780.0, 7370.0]"
永泰能源集团有限公司008630,9.1349149e+017,0,1,县级,1,2,4,5656,11980,"(10954.0, 14480.0]"
华泰医药股份有限公司008631,9.1365e+017,1,1,县级,,2,,565656,10340,"(7370.0, 10954.0]"
永泰信息有限公司008632,9.13962e+017,,0,县级,,5,7,343434,13920,"(10954.0, 14480.0]"
汇通生物集团有限公司008633,9.13894e+017,0,0,市级,6,,5,343434,3290,"(49.999, 3780.0]"
华信纺织股份有限公司008634,9.13825645467e+017,0,1,市级,6,6,1,676767,14710,"(14480.0, 17855.0]"
联创生物股份有限公司008635,9.1383823414e+017,,1,,3,,4,5656,19200,"(17855.0, 21364.0]"
博雅生物股份有限公司008636,9.133074e+017,1,1,市级,4,6,4,6767,4230,"(3780.0, 7370.0]"
瑞丰纺织有限公司008637,9.1303931280e+017,0,0,市级,1,4,7,343434,460,"(49.999, 3780.0]"
鼎盛医药集团有限公司008638,9.13210721602275e+017,0,0,国家级,5,1,3,676767,17990,"(17855.0, 21364.0]"
星河信息有限责任公司008639,9.137258453276e+017,1,1,县级,6,5,1,-2323432,15460,"(14480.0, 17855.0]"
天成食品有限公司008640,9.134931213460630e+017,0,0,县级,6,,7,-2323432,4960,"(3780.0, 7370.0]"
盛世纺织集团有限公司008641,9.135809e+017,1,0,国家级,1,1,,5656,24240,"(21364.0, 24660.0]"
汇通环保有限公司008642,9.134406412822586e+017,0,0,,2,1,6,565656,470,"(49.999, 3780.0]"
华信科技股份有限公司008643,9.1396545940981e+017,1,0,国家级,7,4,6,565656,14380,"(10954.0, 14480.0]"
星河材料集团有限公司008644,9.1328073e+017,0,1,市级,1,5,5,-3434545,15680,"(14480.0, 17855.0]"
华信智能集团有限公司008645,9.132297e+017,0,0,县级,,2,,565656,34950,"(31471.0, 35000.0]"
博雅建设集团有限公司008646,9.13290011528537e+017,0,0,省级,,6,6,565,17760,"(14480.0, 17855.0]"
联创化工股份有限公司008647,9.1363e+017,0,1,,1,4,1,-3434545,3410,"(49.999, 3780.0]"
永泰贸易有限责任公司008648,9.136989e+017,1,0,省级,4,2,1,5656,9220,"(7370.0, 10954.0]"
博雅电子股份有限公司008649,9.1317416401e+017,,1,县级,3,2,,-3434545,31840,"(31471.0, 35000.0]"
天成纺织集团有限公司008650,9.13342228982259e+017,0,1,县级,,,1,676767,16600,"(14480.0, 17855.0]"
华信化工有限公司008651,9.1382171e+017,0,1,,2,2,5,5656,32850,"(31471.0, 35000.0]"
华信网络有限公司008652,9.136451230196826e+017,0,0,国家级,5,3,1,5656,27860,"(24660.0, 27972.0]"
汇通贸易集团有限公司008653,9.1327036e+017,1,0,省级,5,7,2,343434,34780,"(31471.0, 35000.0]"
天成电子股份有限公司008654,9.134069e+017,0,1,县级,,6,1,565656,8150,"(7370.0, 10954.0]"
联创材料有限责任公司008655,9.1379277991e+017,0,,,3,5,2,343434,24530,"(21364.0, 24660.0]"
创元环保股份有限公司008656,9.13813936355e+017,1,0,市级,2,5,2,-2323432,7220,"(3780.0, 7370.0]"
联创材料有限公司008657,9.1318733095621e+017,0,0,县级,,6,5,-2323432,15700,"(14480.0, 17855.0]"
启明建设有限公司008658,9.13930956070276e+017,1,1,县级,6,5,,565,15290,"(14480.0, 17855.0]"
博雅电子股份有限公司008659,9.1378501e+017,0,0,省级,2,,3,-2323432,10310,"(7370.0, 10954.0]"
联创化工有限责任公司008660,9.1359434292709e+017,1,0,省级,7,5,4,-3434545,21050,"(17855.0, 21364.0]"
创元食品有限责任公司008661,9.130008e+017,1,1,国家级,3,,1,6767,30560,"(27972.0, 31471.0]"
瑞丰能源有限公司008662,9.13417e+017,0,1,市级,6,1,3,565656,17260,"(14480.0, 17855.0]"
星河材料有限责任公司008663,9.132330643006486e+017,,0,县级,3,6,2,6767,11290,"(10954.0, 14480.0]"
联创食品有限公司008664,9.1306e+017,1,0,,1,2,6,-2323432,8690,"(7370.0, 10954.0]"
启明建设集团有限公司008665,9.136219e+017,0,1,县级,6,7,7,-3434545,22060,"(21364.0, 24660.0]"
金鼎建设股份有限公司008666,9.13981028262304e+017,0,0,省级,7,5,,565656,34900,"(31471.0, 35000.0]"
嘉禾化工集团有限公司008667,9.13128029e+017,0,0,县级,5,7,5,565,14740,"(14480.0, 17855.0]"
嘉禾装备集团有限公司008668,9.13351305191e+017,0,1,市级,4,3,,6767,29680,"(27972.0, 31471.0]"
创元贸易集团有限公司008669,9.133363415e+017,0,0,省级,6,5,4,565,9950,"(7370.0, 10954.0]"
瑞丰科技有限公司008670,9.13093649e+017,0,1,市级,3,1,1,565656,6860,"(3780.0, 7370.0]"
宏达装备有限责任公司008671,9.130312240824861e+017,1,1,县级,1,6,1,-3434545,23850,"(21364.0, 24660.0]"
中原食品集团有限公司008672,9.133746774381637e+017,0,1,县级,4,,1,6767,1090,"(49.999, 3780.0]"
华泰贸易有限责任公司008673,9.13879e+017,0,1,,1,4,2,565,24690,"(24660.0, 27972.0]"
博雅材料有限责任公司008674,9.13843950391e+017,0,1,县级,1,6,6,-3434545,26960,"(24660.0, 27972.0]"
天成建设集团有限公司008675,9.1346338861234e+017,0,,省级,,7,5,-3434545,32940,"(31471.0, 35000.0]"
瑞丰装备集团有限公司008676,9.1369458e+017,0,1,县级,,3,,565656,32170,"(31471.0, 35000.0]"
联创环保有限责任公司008677,9.1381089e+017,1,0,省级,3,7,3,6767,16140,"(14480.0, 17855.0]"
天成信息有限公司008678,9.13812864437900e+017,1,1,,1,3,1,-3434545,14810,"(14480.0, 17855.0]"
嘉禾建设有限责任公司008679,9.1349777919464e+017,0,,国家级,7,7,7,565656,17170,"(14480.0, 17855.0]"
宏达物流有限公司008680,9.134268601018150e+017,,0,县级,3,6,1,5656,20670,"(17855.0, 21364.0]"
启明贸易有限责任公司008681,9.13701821896843e+017,1,1,县级,,1,5,-2323432,21700,"(21364.0, 24660.0]"
金鼎建设有限公司008682,9.138795913e+017,0,1,县级,4,1,2,-3434545,25010,"(24660.0, 27972.0]"
星河环保有限公司008683,9.1311e+017,1,0,市级,2,2,6,-3434545,6150,"(3780.0, 7370.0]"
联创材料有限责任公司008684,9.13257147e+017,1,0,国家级,5,5,4,565656,34790,"(31471.0, 35000.0]"
汇通建设有限责任公司008685,9.13452128583560e+017,0,,省级,4,7,1,565656,28020,"(27972.0, 31471.0]"
金鼎食品股份有限公司008686,9.13128382453995e+017,0,0,国家级,5,2,3,565,20640,"(17855.0, 21364.0]"
永泰材料有限责任公司008687,9.134968771e+017,0,0,市级,4,2,1,565656,14640,"(14480.0, 17855.0]"
博雅网络股份有限公司008688,9.132586394562e+017,1,0,市级,1,4,7,5656,10320,"(7370.0, 10954.0]"
创元化工股份有限公司008689,9.130178e+017,0,0,县级,2,7,6,676767,19040,"(17855.0, 21364.0]"
博雅机械集团有限公司008690,9.1302148713e+017,0,1,国家级,4,1,3,343434,20810,"(17855.0, 21364.0]"
联创纺织有限责任公司008691,9.13784e+017,1,1,省级,3,3,2,343434,14620,"(14480.0, 17855.0]"
天成建设有限公司008692,9.13155e+017,1,0,,5,3,6,565656,30420,"(27972.0, 31471.0]"
星河化工股份有限公司008693,9.13316547409673e+017,,0,,3,3,5,5656,26830,"(24660.0, 27972.0]"
华信装备股份有限公司008694,9.1320905829560445e+017,0,1,国家级,,1,1,565656,25860,"(24660.0, 27972.0]"
瑞丰纺织股份有限公司008695,9.135316163e+017,0,0,市级,5,3,,-3434545,9950,"(7370.0, 10954.0]"
创元网络集团有限公司008696,9.1381756e+017,1,1,市级,2,5,3,565656,34790,"(31471.0, 35000.0]"
宏达电子股份有限公司008697,9.131995405e+017,,0,市级,6,4,5,343434,23090,"(21364.0, 24660.0]"
创元化工有限责任公司008698,9.13195397847443e+017,0,1,国家级,4,6,6,5656,21010,"(17855.0, 21364.0]"
盛世物流股份有限公司008699,9.13951703e+017,0,1,县级,,6,7,-3434545,25630,"(24660.0, 27972.0]"
博雅建设有限公司008700,9.13288e+017,1,0,县级,3,2,2,565,15470,"(14480.0, 17855.0]"
汇通材料集团有限公司008701,9.1387101481981e+017,0,1,省级,,1,,6767,25660,"(24660.0, 27972.0]"
远航食品集团有限公司008702,9.1307684898884e+017,,1,省级,5,2,,565656,12400,"(10954.0, 14480.0]"
星河材料股份有限公司008703,9.130699042e+017,1,0,国家级,4,4,1,-2323432,17120,"(14480.0, 17855.0]"
盛世材料有限公司008704,9.1347212e+017,1,0,省级,,3,7,-2323432,18190,"(17855.0, 21364.0]"
嘉禾装备集团有限公司008705,9.13066683223007e+017,1,1,,3,5,7,5656,17580,"(14480.0, 17855.0]"
宏达智能股份有限公司008706,9.1354e+017,1,1,省级,,1,,-2323432,26780,"(24660.0, 27972.0]"
星河智能有限责任公司008707,9.134393e+017,1,1,市级,,,7,343434,4310,"(3780.0, 7370.0]"
启明科技集团有限公司008708,9.13168e+017,,0,国家级,2,,7,6767,27870,"(24660.0, 27972.0]"
华信装备有限公司008709,9.1367022e+017,0,1,市级,3,4,3,-3434545,17030,"(14480.0, 17855.0]"
汇通物流有限公司008710,9.1399821895e+017,,1,县级,6,2,,565,29900,"(27972.0, 31471.0]"
鼎盛食品有限公司008711,9.13601388e+017,1,0,省级,6,,3,-2323432,33510,"(31471.0, 35000.0]"
创元网络股份有限公司008712,9.13237645659492e+017,0,0,县级,5,3,4,565656,7370,"(3780.0, 7370.0]"
华信科技有限公司008713,9.138468903e+017,0,0,省级,,6,6,343434,22280,"(21364.0, 24660.0]"
永泰食品有限公司008714,9.138564798330382e+017,1,,市级,,1,2,565,14100,"(10954.0, 14480.0]"
盛世纺织有限公司008715,9.1399e+017,1,0,省级,2,,,676767,1900,"(49.999, 3780.0]"
鼎盛能源集团有限公司008716,9.131990445989e+017,1,1,省级,7,5,5,-3434545,31140,"(27972.0, 31471.0]"
鼎盛贸易有限责任公司008717,9.130342e+017,,0,,,5,7,-2323432,3110,"(49.999, 3780.0]"
天成贸易有限公司008718,9.138858574927138e+017,1,1,省级,6,5,1,565,8880,"(7370.0, 10954.0]"
金鼎能源股份有限公司008719,9.1376e+017,0,0,国家级,2,4,5,565,23700,"(21364.0, 24660.0]"
汇通贸易集团有限公司008720,9.1350e+017,0,,县级,,4,2,565,23950,"(21364.0, 24660.0]"
鼎盛材料集团有限公司008721,9.13858e+017,0,1,国家级,7,5,2,-3434545,9040,"(7370.0, 10954.0]"
博雅机械有限公司008722,9.13472e+017,1,1,市级,7,,,565,27910,"(24660.0, 27972.0]"
中原建设股份有限公司008723,9.135163e+017,1,0,县级,1,7,,6767,13090,"(10954.0, 14480.0]"
金鼎科技集团有限公司008724,9.13288e+017,0,0,省级,1,5,6,-2323432,15060,"(14480.0, 17855.0]"
联创医药有限责任公司008725,9.134918943408e+017,0,,国家级,1,,1,-2323432,32690,"(31471.0, 35000.0]"
盛世能源集团有限公司008726,9.13376020118543e+017,0,1,,5,4,1,-2323432,17650,"(14480.0, 17855.0]"
远航生物集团有限公司008727,9.1366338487e+017,1,1,县级,1,2,7,5656,26070,"(24660.0, 27972.0]"
博雅纺织有限责任公司008728,9.1350856428e+017,0,0,县级,7,,7,6767,5320,"(3780.0, 7370.0]"
远航材料有限公司008729,9.13059e+017,0,0,,6,5,3,-2323432,15600,"(14480.0, 17855.0]"
华泰纺织有限公司008730,9.13174355793e+017,1,0,县级,1,3,5,565,8340,"(7370.0, 10954.0]"
嘉禾贸易有限公司008731,9.13370e+017,0,0,市级,4,7,5,565,11350,"(10954.0, 14480.0]"
华泰贸易有限公司008732,9.13005882916e+017,1,1,,2,1,6,-2323432,25810,"(24660.0, 27972.0]"
远航科技集团有限公司008733,9.1303029342e+017,1,0,县级,3,,5,-3434545,30520,"(27972.0, 31471.0]"
华泰科技股份有限公司008734,9.13581e+017,1,1,,6,7,2,565,13500,"(10954.0, 14480.0]"
宏达建设集团有限公司008735,9.137746e+017,0,1,国家级,7,1,5,343434,27750,"(24660.0, 27972.0]"
盛世环保集团有限公司008736,9.133260670837256e+017,,1,市级,4,,,5656,5990,"(3780.0, 7370.0]"
汇通科技有限公司008737,9.1337729202057e+017,0,0,国家级,7,4,2,343434,12750,"(10954.0, 14480.0]"
中原材料集团有限公司008738,9.1395741284095e+017,,,县级,6,4,4,-3434545,14160,"(10954.0, 14480.0]"
博雅电子股份有限公司008739,9.136658215164e+017,0,0,,,4,1,6767,30750,"(27972.0, 31471.0]"
嘉禾建设股份有限公司008740,9.132793e+017,1,0,市级,3,6,4,5656,28830,"(27972.0, 31471.0]"
创元电子股份有限公司008741,9.137155962054e+017,0,0,省级,2,,4,5656,24970,"(24660.0, 27972.0]"
鼎盛贸易股份有限公司008742,9.1346746e+017,1,0,县级,,,,6767,23930,"(21364.0, 24660.0]"
星河纺织有限责任公司008743,9.134548e+017,0,0,省级,3,6,4,-3434545,28910,"(27972.0, 31471.0]"
汇通能源有限公司008744,9.13525764431835e+017,1,,市级,7,3,2,565,12020,"(10954.0, 14480.0]"
汇通食品有限责任公司008745,9.13769759e+017,1,0,市级,1,5,2,565656,23180,"(21364.0, 24660.0]"
汇通化工有限公司008746,9.1333e+017,1,1,市级,2,7,5,6767,33690,"(31471.0, 35000.0]"
创元食品股份有限公司008747,9.13074e+017,0,,,,4,6,6767,19220,"(17855.0, 21364.0]"
嘉禾能源集团有限公司008748,9.1307696690e+017,1,0,国家级,6,3,4,6767,24690,"(24660.0, 27972.0]"
天成环保股份有限公司008749,9.135526942649143e+017,1,0,市级,5,7,6,-2323432,34760,"(31471.0, 35000.0]"
嘉禾环保股份有限公司008750,9.137587338e+017,1,0,,2,2,,676767,1190,"(49.999, 3780.0]"
联创物流股份有限公司008751,9.1303e+017,1,0,市级,4,,2,565,1980,"(49.999, 3780.0]"
中原电子股份有限公司008752,9.13537003310188e+017,,1,省级,2,6,6,-3434545,16450,"(14480.0, 17855.0]"
汇通生物集团有限公司008753,9.13948e+017,1,0,县级,4,1,2,565,17970,"(17855.0, 21364.0]"
博雅材料股份有限公司008754,9.13278194922e+017,0,0,县级,5,2,2,6767,12800,"(10954.0, 14480.0]"
启明贸易股份有限公司008755,9.13909e+017,0,0,国家级,,4,1,343434,29200,"(27972.0, 31471.0]"
联创医药股份有限公司008756,9.1343e+017,1,1,国家级,3,1,4,676767,18450,"(17855.0, 21364.0]"
创元机械集团有限公司008757,9.1350495975616e+017,0,0,,6,3,2,676767,5420,"(3780.0, 7370.0]"
远航贸易集团有限公司008758,9.133333287938e+017,1,,省级,3,4,1,676767,2980,"(49.999, 3780.0]"
星河食品有限责任公司008759,9.136317534798621e+017,0,,县级,6,5,,5656,25910,"(24660.0, 27972.0]"
博雅建设股份有限公司008760,9.1383000344337e+017,1,1,省级,1,5,5,343434,22630,"(21364.0, 24660.0]"
宏达机械有限责任公司008761,9.13351780664129e+017,0,0,市级,6,6,3,676767,23500,"(21364.0, 24660.0]"
盛世生物股份有限公司008762,9.13733754825658e+017,0,0,市级,1,2,3,343434,33500,"(31471.0, 35000.0]"
远航纺织集团有限公司008763,9.1341607e+017,0,0,县级,,,3,6767,23340,"(21364.0, 24660.0]"
联创贸易有限责任公司008764,9.139372e+017,0,0,省级,4,,7,5656,4620,"(3780.0, 7370.0]"
瑞丰信息有限公司008765,9.138536677583e+017,0,0,县级,3,3,7,676767,17410,"(14480.0, 17855.0]"
创元能源集团有限公司008766,9.1361762566616252e+017,0,0,县级,1,3,1,-3434545,21080,"(17855.0, 21364.0]"
永泰智能股份有限公司008767,9.1359868906779e+017,1,0,县级,,,2,565656,11930,"(10954.0, 14480.0]"
汇通环保集团有限公司008768,9.1369e+017,,1,县级,5,,6,565656,5180,"(3780.0, 7370.0]"
鼎盛网络股份有限公司008769,9.1318798640157e+017,,0,省级,1,5,4,343434,9590,"(7370.0, 10954.0]"
宏达环保集团有限公司008770,9.132046e+017,0,0,省级,5,1,7,343434,17890,"(17855.0, 21364.0]"
博雅信息股份有限公司008771,9.13766643527e+017,0,0,省级,1,3,2,343434,15960,"(14480.0, 17855.0]"
联创建设股份有限公司008772,9.1399e+017,0,0,国家级,4,5,5,676767,12180,"(10954.0, 14480.0]"
星河纺织集团有限公司008773,9.138245e+017,1,0,,2,2,2,-3434545,8560,"(7370.0, 10954.0]"
远航装备集团有限公司008774,9.1301478e+017,0,0,国家级,4,7,4,565,30590,"(27972.0, 31471.0]"
嘉禾材料有限公司008775,9.1391181e+017,1,1,国家级,5,6,3,-2323432,25970,"(24660.0, 27972.0]"
华泰网络有限公司008776,9.137937609428234e+017,1,1,国家级,6,1,3,5656,14840,"(14480.0, 17855.0]"
华信生物有限责任公司008777,9.137539e+017,1,0,市级,3,6,4,-3434545,4790,"(3780.0, 7370.0]"
金鼎网络有限责任公司008778,9.13729131804e+017,0,1,县级,2,,2,5656,17360,"(14480.0, 17855.0]"
星河建设股份有限公司008779,9.13889e+017,0,0,,1,6,1,565,2660,"(49.999, 3780.0]"
金鼎贸易有限公司008780,9.13716987919e+017,0,1,,,5,3,343434,2580,"(49.999, 3780.0]"
启明化工股份有限公司008781,9.1333612393116638e+017,1,0,县级,1,7,,5656,15880,"(14480.0, 17855.0]"
嘉禾物流有限公司008782,9.1304882361959e+017,,0,省级,6,,5,-2323432,2420,"(49.999, 3780.0]"
联创能源有限公司008783,9.13714914957796e+017,1,1,省级,7,1,1,565,25950,"(24660.0, 27972.0]"
瑞丰智能有限公司008784,9.13406e+017,1,1,省级,,1,6,565656,20640,"(17855.0, 21364.0]"
远航贸易有限责任公司008785,9.13448785236e+017,1,1,市级,7,4,6,676767,13490,"(10954.0, 14480.0]"
汇通贸易集团有限公司008786,9.137673209837e+017,0,1,县级,1,1,4,-3434545,9760,"(7370.0, 10954.0]"
宏达医药有限公司008787,9.13969426925e+017,0,0,县级,,6,,676767,12390,"(10954.0, 14480.0]"
博雅贸易股份有限公司008788,9.133827443e+017,0,0,县级,7,,7,565656,13010,"(10954.0, 14480.0]"
远航纺织集团有限公司008789,9.1343775529259433e+017,0,1,省级,1,3,2,-3434545,12550,"(10954.0, 14480.0]"
嘉禾科技股份有限公司008790,9.1365982086334e+017,0,1,县级,2,1,4,565,15840,"(14480.0, 17855.0]"
博雅环保有限责任公司008791,9.13843e+017,1,0,,1,5,6,565,12690,"(10954.0, 14480.0]"
天成纺织集团有限公司008792,9.134440067854552e+017,0,0,市级,7,4,6,5656,18410,"(17855.0, 21364.0]"
中原能源集团有限公司008793,9.1368845240479969e+017,1,1,省级,,6,,-2323432,30780,"(27972.0, 31471.0]"
永泰信息有限公司008794,9.13544e+017,1,1,省级,5,4,2,-3434545,18660,"(17855.0, 21364.0]"
天成信息有限责任公司008795,9.13083e+017,0,,国家级,3,7,4,5656,5450,"(3780.0, 7370.0]"
华泰医药股份有限公司008796,9.1321387306307e+017,0,,省级,1,1,3,5656,1860,"(49.999, 3780.0]"
宏达纺织集团有限公司008797,9.1344238e+017,0,1,国家级,5,,1,5656,14360,"(10954.0, 14480.0]"
中原环保集团有限公司008798,9.13770362086611e+017,,1,县级,2,5,6,5656,17630,"(14480.0, 17855.0]"
天成环保集团有限公司008799,9.137290e+017,0,1,,5,6,1,6767,30210,"(27972.0, 31471.0]"
天成环保有限责任公司008800,9.1319e+017,1,1,,5,6,6,6767,1270,"(49.999, 3780.0]"
华信生物有限公司008801,9.135468e+017,0,0,市级,,1,5,565,11870,"(10954.0, 14480.0]"
鼎盛纺织集团有限公司008802,9.1348407007e+017,1,,省级,5,5,5,5656,27580,"(24660.0, 27972.0]"
嘉禾建设有限责任公司008803,9.13798078e+017,1,0,国家级,4,2,2,565,18040,"(17855.0, 21364.0]"
创元机械有限公司008804,9.13160973e+017,1,0,市级,2,1,5,-3434545,13290,"(10954.0, 14480.0]"
启明智能有限责任公司008805,9.13253e+017,1,1,省级,6,,3,343434,28850,"(27972.0, 31471.0]"
汇通能源集团有限公司008806,9.1395218273532000e+017,0,1,国家级,6,5,4,676767,3190,"(49.999, 3780.0]"
星河材料有限责任公司008807,9.137640998727610e+017,1,0,市级,7,2,6,676767,20890,"(17855.0, 21364.0]"
星河智能集团有限公司008808,9.1379e+017,0,1,省级,6,,6,6767,520,"(49.999, 3780.0]"
华信信息集团有限公司008809,9.134675e+017,,0,市级,6,3,5,565,18490,"(17855.0, 21364.0]"
天成材料有限责任公司008810,9.13960e+017,1,1,省级,1,,7,-3434545,10890,"(7370.0, 10954.0]"
嘉禾食品集团有限公司008811,9.1329928475642e+017,0,1,县级,4,3,3,6767,3820,"(3780.0, 7370.0]"
星河电子集团有限公司008812,9.13151105684602e+017,,1,县级,3,4,7,-3434545,30510,"(27972.0, 31471.0]"
嘉禾食品有限责任公司008813,9.1329739325436e+017,1,1,省级,2,2,1,565656,24170,"(21364.0, 24660.0]"
永泰纺织集团有限公司008814,9.13265704759279e+017,0,1,省级,5,4,7,-3434545,18720,"(17855.0, 21364.0]"
远航医药有限公司008815,9.135868e+017,1,1,县级,5,1,5,-2323432,1010,"(49.999, 3780.0]"
永泰纺织股份有限公司008816,9.137625752354001e+017,0,1,,6,3,4,6767,7130,"(3780.0, 7370.0]"
远航能源有限公司008817,9.13949446184665e+017,1,,,4,1,1,565,11700,"(10954.0, 14480.0]"
华泰智能股份有限公司008818,9.1303477633869e+017,1,1,市级,,1,6,6767,20000,"(17855.0, 21364.0]"
创元智能有限责任公司008819,9.1350604791596e+017,0,0,省级,1,6,2,-3434545,20470,"(17855.0, 21364.0]"
华信材料集团有限公司008820,9.134136386463e+017,0,1,国家级,7,,7,676767,19970,"(17855.0, 21364.0]"
瑞丰信息有限责任公司008821,9.13225097551e+017,1,1,,2,,7,5656,6850,"(3780.0, 7370.0]"
远航贸易集团有限公司008822,9.1342384e+017,0,,国家级,6,4,5,676767,20570,"(17855.0, 21364.0]"
华信能源有限公司008823,9.135163777840e+017,0,0,县级,5,7,4,-3434545,7120,"(3780.0, 7370.0]"
宏达材料股份有限公司008824,9.132624e+017,1,1,县级,7,,2,343434,6040,"(3780.0, 7370.0]"
博雅医药集团有限公司008825,9.1379226882e+017,1,0,市级,7,5,2,565,22410,"(21364.0, 24660.0]"
金鼎环保集团有限公司008826,9.13716263383e+017,0,1,国家级,2,,7,676767,12810,"(10954.0, 14480.0]"
嘉禾生物有限公司008827,9.1331467202e+017,0,0,县级,6,,,-3434545,7090,"(3780.0, 7370.0]"
博雅环保有限责任公司008828,9.13356665141548e+017,1,1,省级,,6,1,5656,14570,"(14480.0, 17855.0]"
中原科技有限公司008829,9.13782135940e+017,0,1,,,3,7,-3434545,13200,"(10954.0, 14480.0]"
联创物流有限公司008830,9.137506e+017,1,,国家级,7,7,,-2323432,28950,"(27972.0, 31471.0]"
鼎盛网络有限公司008831,9.135891e+017,0,1,国家级,7,4,5,-2323432,10150,"(7370.0, 10954.0]"
盛世化工股份有限公司008832,9.1314004809096541e+017,0,0,国家级,6,1,1,565,6750,"(3780.0, 7370.0]"
远航食品有限公司008833,9.1321e+017,1,1,省级,,,,565,34790,"(31471.0, 35000.0]"
创元机械集团有限公司008834,9.1354531631023e+017,1,0,国家级,4,4,1,343434,7750,"(7370.0, 10954.0]"
博雅机械集团有限公司008835,9.13680e+017,1,1,县级,6,,5,-2323432,30130,"(27972.0, 31471.0]"
天成物流股份有限公司008836,9.1382e+017,1,0,国家级,5,4,4,6767,21650,"(21364.0, 24660.0]"
汇通化工有限责任公司008837,9.13774925443105e+017,1,0,国家级,,,7,-2323432,29780,"(27972.0, 31471.0]"
金鼎医药股份有限公司008838,9.130099349316e+017,,,市级,1,2,5,-3434545,3200,"(49.999, 3780.0]"
盛世能源有限责任公司008839,9.13008841142e+017,0,0,县级,5,3,1,-3434545,6390,"(3780.0, 7370.0]"
嘉禾装备股份有限公司008840,9.13833574999e+017,,1,市级,4,,,343434,18260,"(17855.0, 21364.0]"
永泰科技股份有限公司008841,9.13249821e+017,0,0,市级,5,6,5,565656,21830,"(21364.0, 24660.0]"
鼎盛材料股份有限公司008842,9.1342618e+017,1,1,省级,7,4,5,343434,10540,"(7370.0, 10954.0]"
金鼎材料有限公司008843,9.1300440724914630e+017,1,1,市级,1,3,7,-2323432,27820,"(24660.0, 27972.0]"
博雅纺织股份有限公司008844,9.133693e+017,0,,国家级,7,6,5,-2323432,16560,"(14480.0, 17855.0]"
创元化工有限公司008845,9.13458011806193e+017,0,1,县级,2,3,2,565656,14300,"(10954.0, 14480.0]"
博雅贸易有限责任公司008846,9.13295393795910e+017,1,0,省级,3,7,7,343434,22250,"(21364.0, 24660.0]"
联创建设股份有限公司008847,9.132845662118e+017,0,0,省级,1,6,1,343434,34290,"(31471.0, 35000.0]"
汇通医药集团有限公司008848,9.1347106963756754e+017,1,1,县级,2,7,1,676767,10810,"(7370.0, 10954.0]"
博雅能源股份有限公司008849,9.1360934929454e+017,0,1,县级,5,1,6,565,1350,"(49.999, 3780.0]"
天成食品集团有限公司008850,9.1352e+017,0,,国家级,4,,4,565656,11250,"(10954.0, 14480.0]"
鼎盛纺织股份有限公司008851,9.13677365372701e+017,0,1,市级,6,4,1,343434,9760,"(7370.0, 10954.0]"
永泰电子集团有限公司008852,9.1321e+017,0,0,国家级,5,1,4,565656,27440,"(24660.0, 27972.0]"
宏达纺织有限公司008853,9.13892e+017,,1,省级,4,,3,565656,14590,"(14480.0, 17855.0]"
博雅环保股份有限公司008854,9.1388788660408e+017,0,0,省级,2,5,5,343434,8370,"(7370.0, 10954.0]"
华信科技有限公司008855,9.131524032e+017,1,1,,2,7,1,-3434545,10530,"(7370.0, 10954.0]"
中原环保有限责任公司008856,9.13060499814044e+017,0,1,县级,3,7,5,676767,18220,"(17855.0, 21364.0]"
鼎盛医药有限责任公司008857,9.132853859e+017,0,1,县级,7,,4,343434,11330,"(10954.0, 14480.0]"
鼎盛纺织集团有限公司008858,9.13666377167e+017,0,1,县级,5,5,1,565,7170,"(3780.0, 7370.0]"
金鼎机械有限责任公司008859,9.13998756622350e+017,1,1,,4,1,7,343434,26130,"(24660.0, 27972.0]"
华泰食品集团有限公司008860,9.1300119e+017,1,1,市级,3,6,7,-3434545,29940,"(27972.0, 31471.0]"
宏达食品有限责任公司008861,9.13217117174478e+017,0,0,,6,6,,565,28730,"(27972.0, 31471.0]"
汇通智能股份有限公司008862,9.1385e+017,0,1,,7,6,5,-2323432,19840,"(17855.0, 21364.0]"
永泰材料股份有限公司008863,9.133487097223e+017,0,1,县级,3,3,,6767,9380,"(7370.0, 10954.0]"
启明生物集团有限公司008864,9.1374e+017,1,1,国家级,,1,3,676767,27580,"(24660.0, 27972.0]"
博雅物流集团有限公司008865,9.13790314089e+017,1,0,县级,,,,-2323432,570,"(49.999, 3780.0]"
天成食品有限公司008866,9.136540989432e+017,1,1,国家级,4,5,4,676767,26520,"(24660.0, 27972.0]"
远航信息股份有限公司008867,9.1384232771404811e+017,1,1,,5,1,4,565656,4890,"(3780.0, 7370.0]"
华信信息有限责任公司008868,9.1310683e+017,0,,省级,7,2,3,6767,33030,"(31471.0, 35000.0]"
远航生物有限责任公司008869,9.139042e+017,0,1,市级,,,2,5656,28240,"(27972.0, 31471.0]"
远航物流有限责任公司008870,9.1315379634969e+017,0,1,县级,3,1,1,6767,10610,"(7370.0, 10954.0]"
鼎盛能源有限公司008871,9.1349427028e+017,0,0,,6,7,7,-2323432,17470,"(14480.0, 17855.0]"
天成物流集团有限公司008872,9.13507e+017,0,1,省级,4,,1,-2323432,24310,"(21364.0, 24660.0]"
远航材料股份有限公司008873,9.134655970e+017,,,国家级,1,,1,-2323432,31360,"(27972.0, 31471.0]"
宏达环保集团有限公司008874,9.1382e+017,0,0,县级,2,2,5,-2323432,2070,"(49.999, 3780.0]"
宏达装备集团有限公司008875,9.1339540949395221e+017,1,0,市级,3,,,6767,21540,"(21364.0, 24660.0]"
博雅能源集团有限公司008876,9.134347020004733e+017,1,0,省级,5,3,4,565,33390,"(31471.0, 35000.0]"
永泰化工有限责任公司008877,9.134848743799e+017,0,1,县级,7,2,5,5656,4860,"(3780.0, 7370.0]"
联创生物有限公司008878,9.130217e+017,1,1,县级,,7,4,565656,26490,"(24660.0, 27972.0]"
启明机械有限公司008879,9.1313928752e+017,1,0,国家级,4,6,,343434,30390,"(27972.0, 31471.0]"
创元机械有限公司008880,9.1393335993e+017,,0,,4,,7,565,12280,"(10954.0, 14480.0]"
天成能源股份有限公司008881,9.1396228663537930e+017,1,1,国家级,,4,,343434,14670,"(14480.0, 17855.0]"
远航信息集团有限公司008882,9.13227987954e+017,1,1,县级,3,,3,-3434545,5610,"(3780.0, 7370.0]"
华信能源股份有限公司008883,9.1329e+017,0,,市级,3,6,7,565,28090,"(27972.0, 31471.0]"
启明装备集团有限公司008884,9.13129505540376e+017,,1,,3,4,7,676767,7040,"(3780.0, 7370.0]"
启明建设股份有限公司008885,9.1307588473030e+017,1,1,市级,6,2,,565656,19960,"(17855.0, 21364.0]"
盛世物流有限责任公司008886,9.13917789321775e+017,0,0,省级,6,,,565656,5130,"(3780.0, 7370.0]"
金鼎食品股份有限公司008887,9.134672321e+017,0,0,省级,1,5,6,565656,20190,"(17855.0, 21364.0]"
远航贸易股份有限公司008888,9.1329411292e+017,1,0,省级,2,,5,343434,23690,"(21364.0, 24660.0]"
华泰贸易有限责任公司008889,9.13303679436e+017,1,1,县级,7,6,5,-2323432,10310,"(7370.0, 10954.0]"
嘉禾电子股份有限公司008890,9.136100e+017,,0,县级,1,3,1,6767,32380,"(31471.0, 35000.0]"
中原电子有限公司008891,9.135685597493150e+017,0,1,,2,3,6,565656,24580,"(21364.0, 24660.0]"
启明电子股份有限公司008892,9.13047e+017,0,0,国家级,4,4,,5656,3070,"(49.999, 3780.0]"
天成贸易有限公司008893,9.1352512236974926e+017,1,0,国家级,6,2,1,343434,34970,"(31471.0, 35000.0]"
汇通化工股份有限公司008894,9.138491304059e+017,1,0,,6,7,7,676767,7290,"(3780.0, 7370.0]"
创元医药集团有限公司008895,9.132575485198797e+017,0,0,县级,5,4,5,-2323432,6720,"(3780.0, 7370.0]"
永泰纺织有限责任公司008896,9.1300354547999e+017,0,0,市级,,3,4,676767,11330,"(10954.0, 14480.0]"
宏达纺织股份有限公司008897,9.135919815e+017,1,0,县级,2,3,2,565656,17090,"(14480.0, 17855.0]"
星河机械股份有限公司008898,9.1395439e+017,1,1,县级,4,1,5,343434,28050,"(27972.0, 31471.0]"
联创网络有限公司008899,9.1315319e+017,1,0,,4,6,6,565,34820,"(31471.0, 35000.0]"
启明信息有限公司008900,9.1358743e+017,0,0,县级,5,,5,5656,24370,"(21364.0, 24660.0]"
中原信息集团有限公司008901,9.1369e+017,0,1,省级,7,2,7,-3434545,16780,"(14480.0, 17855.0]"
华信电子集团有限公司008902,9.1336474900e+017,0,1,国家级,5,,7,5656,28970,"(27972.0, 31471.0]"
天成机械有限责任公司008903,9.1364806439806e+017,0,0,市级,,6,2,676767,13900,"(10954.0, 14480.0]"
宏达物流有限责任公司008904,9.1366198392e+017,1,1,省级,1,,5,676767,34740,"(31471.0, 35000.0]"
嘉禾食品有限责任公司008905,9.1346876553e+017,1,1,省级,2,,5,6767,7470,"(7370.0, 10954.0]"
金鼎信息集团有限公司008906,9.131707e+017,0,0,,7,,6,6767,32200,"(31471.0, 35000.0]"
天成物流集团有限公司008907,9.1333e+017,1,0,市级,3,1,6,6767,26070,"(24660.0, 27972.0]"
永泰建设有限公司008908,9.1301980574846623e+017,1,0,县级,7,5,6,565,20950,"(17855.0, 21364.0]"
中原网络股份有限公司008909,9.1320e+017,0,,省级,1,5,4,565656,27820,"(24660.0, 27972.0]"
宏达医药股份有限公司008910,9.130857771840322e+017,,1,县级,1,3,6,676767,1910,"(49.999, 3780.0]"
创元装备有限责任公司008911,9.1309e+017,0,,县级,4,2,6,-2323432,4980,"(3780.0, 7370.0]"
中原环保集团有限公司008912,9.1358915e+017,1,1,,4,1,3,565,27680,"(24660.0, 27972.0]"
华泰电子集团有限公司008913,9.13737089601e+017,0,0,国家级,6,4,,6767,24650,"(21364.0, 24660.0]"
启明机械股份有限公司008914,9.139475030729746e+017,0,0,,7,4,6,6767,33000,"(31471.0, 35000.0]"
远航装备有限公司008915,9.1351983876181035e+017,1,1,,2,7,4,565656,25900,"(24660.0, 27972.0]"
博雅建设股份有限公司008916,9.138915e+017,0,0,,5,7,7,565,12060,"(10954.0, 14480.0]"
瑞丰信息有限公司008917,9.131723579888236e+017,0,0,县级,,,4,6767,13670,"(10954.0, 14480.0]"
金鼎智能股份有限公司008918,9.130646e+017,0,0,,7,,,565,19300,"(17855.0, 21364.0]"
远航食品股份有限公司008919,9.1391e+017,0,1,国家级,4,1,3,-3434545,25800,"(24660.0, 27972.0]"
中原材料有限责任公司008920,9.136870e+017,0,1,省级,1,4,5,-2323432,19450,"(17855.0, 21364.0]"
远航信息集团有限公司008921,9.133605491e+017,1,1,国家级,2,7,1,676767,27550,"(24660.0, 27972.0]"
远航机械有限公司008922,9.1340024499787589e+017,1,1,县级,1,7,7,343434,11770,"(10954.0, 14480.0]"
联创智能集团有限公司008923,9.1335077667501778e+017,1,0,省级,5,4,7,676767,21330,"(17855.0, 21364.0]"
永泰信息集团有限公司008924,9.13497425e+017,1,0,省级,2,7,4,-2323432,10960,"(10954.0, 14480.0]"
远航能源集团有限公司008925,9.13631530794e+017,,,省级,5,,5,6767,14290,"(10954.0, 14480.0]"
华泰装备有限责任公司008926,9.1336843560868721e+017,0,1,,4,3,6,-3434545,33920,"(31471.0, 35000.0]"
华泰医药股份有限公司008927,9.13451720e+017,,0,市级,5,7,1,565,15340,"(14480.0, 17855.0]"
宏达纺织有限责任公司008928,9.13107342864e+017,1,1,市级,5,,1,565,31370,"(27972.0, 31471.0]"
盛世环保有限责任公司008929,9.1362036907e+017,1,1,省级,1,7,3,-2323432,29490,"(27972.0, 31471.0]"
博雅装备有限责任公司008930,9.13493012875076e+017,0,1,省级,4,7,4,5656,19790,"(17855.0, 21364.0]"
宏达食品集团有限公司008931,9.1334436345795313e+017,1,1,省级,7,7,2,5656,2920,"(49.999, 3780.0]"
汇通食品有限责任公司008932,9.1362818644e+017,1,0,县级,1,4,5,5656,24500,"(21364.0, 24660.0]"
联创信息股份有限公司008933,9.1392997853261955e+017,0,1,县级,5,5,7,-3434545,20930,"(17855.0, 21364.0]"
远航贸易股份有限公司008934,9.132566556889e+017,0,0,国家级,2,2,2,565,27430,"(24660.0, 27972.0]"
金鼎装备有限公司008935,9.138030e+017,1,0,市级,1,4,2,676767,2280,"(49.999, 3780.0]"
华泰食品有限公司008936,9.1304564332e+017,0,1,县级,1,3,,-2323432,9020,"(7370.0, 10954.0]"
华信化工有限公司008937,9.13575899459e+017,0,0,,2,4,1,343434,16500,"(14480.0, 17855.0]"
鼎盛智能有限公司008938,9.1318e+017,1,0,省级,1,2,1,6767,7330,"(3780.0, 7370.0]"
鼎盛材料股份有限公司008939,9.134955603e+017,0,1,省级,4,7,,-3434545,13660,"(10954.0, 14480.0]"
金鼎材料有限公司008940,9.1390e+017,0,0,省级,5,2,4,343434,28210,"(27972.0, 31471.0]"
鼎盛贸易股份有限公司008941,9.13610e+017,1,,省级,7,1,1,565,17920,"(17855.0, 21364.0]"
宏达生物有限公司008942,9.1347973327e+017,1,0,省级,,1,5,343434,27250,"(24660.0, 27972.0]"
永泰化工股份有限公司008943,9.13094676392971e+017,0,0,,5,7,,565656,8540,"(7370.0, 10954.0]"
博雅智能有限责任公司008944,9.1380701e+017,0,0,市级,3,2,5,343434,13670,"(10954.0, 14480.0]"
华信纺织有限公司008945,9.13060e+017,1,1,县级,,5,4,6767,34760,"(31471.0, 35000.0]"
中原化工有限公司008946,9.13858e+017,0,1,,1,6,6,565656,12660,"(10954.0, 14480.0]"
中原材料有限公司008947,9.137349755e+017,,0,省级,,1,2,565,20470,"(17855.0, 21364.0]"
联创电子有限公司008948,9.138708792909529e+017,,1,市级,1,4,1,6767,30130,"(27972.0, 31471.0]"
宏达医药集团有限公司008949,9.13694093304e+017,1,0,县级,1,3,5,-2323432,22750,"(21364.0, 24660.0]"
金鼎信息集团有限公司008950,9.136194354e+017,1,,市级,2,2,5,-3434545,8180,"(7370.0, 10954.0]"
金鼎贸易有限责任公司008951,9.1375e+017,1,,省级,2,1,,565,26840,"(24660.0, 27972.0]"
中原生物有限公司008952,9.132724965306e+017,1,0,县级,,7,3,676767,33040,"(31471.0, 35000.0]"
瑞丰食品有限公司008953,9.1305525e+017,1,1,国家级,3,4,1,343434,910,"(49.999, 3780.0]"
永泰化工有限责任公司008954,9.139473529623e+017,0,1,省级,2,5,3,676767,18170,"(17855.0, 21364.0]"
瑞丰物流集团有限公司008955,9.1392846713294461e+017,0,1,国家级,3,4,,343434,34770,"(31471.0, 35000.0]"
联创能源有限公司008956,9.1395064471324469e+017,1,1,市级,7,5,6,565656,29110,"(27972.0, 31471.0]"
宏达装备有限公司008957,9.133153574015494e+017,,1,,2,7,4,6767,7400,"(7370.0, 10954.0]"
中原物流集团有限公司008958,9.1385336270263919e+017,0,1,,,3,1,676767,10660,"(7370.0, 10954.0]"
华信能源有限责任公司008959,9.137747750e+017,0,0,市级,3,3,,565,6580,"(3780.0, 7370.0]"
鼎盛纺织股份有限公司008960,9.1335992e+017,0,0,省级,3,3,1,-3434545,18380,"(17855.0, 21364.0]"
金鼎纺织有限公司008961,9.131747e+017,0,1,国家级,1,1,7,565,12140,"(10954.0, 14480.0]"
汇通食品有限公司008962,9.131190365e+017,0,1,市级,4,,1,343434,4230,"(3780.0, 7370.0]"
博雅科技有限责任公司008963,9.13003226e+017,1,1,县级,6,1,,343434,21080,"(17855.0, 21364.0]"
盛世能源有限公司008964,9.1382114057e+017,0,1,国家级,3,4,5,-3434545,17260,"(14480.0, 17855.0]"
远航信息有限公司008965,9.130187068216e+017,1,1,国家级,6,6,1,-3434545,20600,"(17855.0, 21364.0]"
博雅化工有限责任公司008966,9.133254e+017,1,,国家级,,5,1,-3434545,6530,"(3780.0, 7370.0]"
盛世网络集团有限公司008967,9.1331566335e+017,0,1,国家级,2,7,4,676767,34040,"(31471.0, 35000.0]"
天成机械集团有限公司008968,9.135768461262034e+017,0,0,国家级,6,,2,343434,13650,"(10954.0, 14480.0]"
金鼎机械集团有限公司008969,9.13481127e+017,1,0,,2,2,7,565,1330,"(49.999, 3780.0]"
华泰智能集团有限公司008970,9.137713e+017,1,1,市级,2,3,6,343434,10600,"(7370.0, 10954.0]"
嘉禾科技集团有限公司008971,9.1306154582e+017,0,0,,5,1,2,565,7870,"(7370.0, 10954.0]"
天成网络股份有限公司008972,9.1349493140148245e+017,1,0,国家级,,4,,343434,16520,"(14480.0, 17855.0]"
华泰食品集团有限公司008973,9.13912e+017,1,,国家级,3,2,6,676767,2240,"(49.999, 3780.0]"
金鼎装备集团有限公司008974,9.132215929e+017,0,1,县级,4,3,4,5656,6020,"(3780.0, 7370.0]"
远航电子有限公司008975,9.133534e+017,1,1,省级,2,5,,565,21540,"(21364.0, 24660.0]"
华泰生物集团有限公司008976,9.132411e+017,1,1,,2,3,,343434,6880,"(3780.0, 7370.0]"
远航纺织有限公司008977,9.1379876472098544e+017,0,1,县级,4,1,7,-3434545,24040,"(21364.0, 24660.0]"
嘉禾装备集团有限公司008978,9.1369e+017,1,0,市级,5,2,2,-3434545,7370,"(3780.0, 7370.0]"
鼎盛化工有限公司008979,9.1362519195e+017,1,0,市级,3,7,,-3434545,20080,"(17855.0, 21364.0]"
华泰物流有限责任公司008980,9.1323919460996442e+017,0,0,省级,,2,2,343434,17720,"(14480.0, 17855.0]"
联创能源有限责任公司008981,9.13238662842e+017,1,1,省级,,5,6,565656,8380,"(7370.0, 10954.0]"
嘉禾物流集团有限公司008982,9.131708020816494e+017,0,1,,,1,7,6767,32180,"(31471.0, 35000.0]"
中原物流有限责任公司008983,9.13065408e+017,0,0,国家级,,,2,565,18090,"(17855.0, 21364.0]"
金鼎能源有限公司008984,9.13073376072e+017,1,1,市级,5,1,3,-3434545,660,"(49.999, 3780.0]"
启明食品股份有限公司008985,9.1332772992945e+017,0,0,省级,2,6,,343434,18090,"(17855.0, 21364.0]"
永泰建设有限公司008986,9.13662396322394e+017,1,1,县级,5,,,676767,5330,"(3780.0, 7370.0]"
汇通贸易股份有限公司008987,9.131953e+017,1,0,县级,5,5,4,6767,27320,"(24660.0, 27972.0]"
永泰纺织股份有限公司008988,9.135232503384e+017,0,0,市级,6,7,6,-3434545,23910,"(21364.0, 24660.0]"
星河贸易集团有限公司008989,9.1354487574e+017,0,,市级,6,3,3,-3434545,2180,"(49.999, 3780.0]"
金鼎材料集团有限公司008990,9.132650682697e+017,0,0,县级,2,6,4,343434,1680,"(49.999, 3780.0]"
盛世网络有限公司008991,9.13015514843e+017,1,1,省级,3,7,,-3434545,31560,"(31471.0, 35000.0]"
联创科技有限公司008992,9.1357942e+017,1,0,县级,3,,5,343434,2230,"(49.999, 3780.0]"
华泰能源有限公司008993,9.1351528804912157e+017,0,0,省级,5,2,5,5656,21900,"(21364.0, 24660.0]"
嘉禾电子集团有限公司008994,9.137355755417e+017,0,0,,,5,7,565656,13460,"(10954.0, 14480.0]"
远航环保股份有限公司008995,9.1305593e+017,1,0,县级,1,1,,676767,19100,"(17855.0, 21364.0]"
华泰网络股份有限公司008996,9.1367633215e+017,1,1,省级,6,,6,565656,34050,"(31471.0, 35000.0]"
远航化工集团有限公司008997,9.13676e+017,0,0,县级,3,,1,343434,8980,"(7370.0, 10954.0]"
星河化工集团有限公司008998,9.13640224058352e+017,1,,国家级,1,4,6,6767,2380,"(49.999, 3780.0]"
金鼎食品有限公司008999,9.13914498559979e+017,1,1,县级,4,4,5,565,12730,"(10954.0, 14480.0]"
中原电子股份有限公司009000,9.137826344735e+017,0,1,县级,4,3,2,6767,11250,"(10954.0, 14480.0]"
天成物流有限公司009001,9.1330e+017,0,0,,2,,4,-2323432,18850,"(17855.0, 21364.0]"
创元医药集团有限公司009002,9.13950204e+017,0,0,市级,3,3,3,565656,26430,"(24660.0, 27972.0]"
瑞丰生物股份有限公司009003,9.132352388e+017,,0,市级,3,2,6,5656,3210,"(49.999, 3780.0]"
启明生物集团有限公司009004,9.1373014683792594e+017,1,1,国家级,,5,2,676767,6780,"(3780.0, 7370.0]"
启明环保股份有限公司009005,9.137808e+017,0,1,国家级,7,4,,-3434545,18530,"(17855.0, 21364.0]"
永泰医药集团有限公司009006,9.13997274e+017,0,0,县级,1,,6,6767,29130,"(27972.0, 31471.0]"
永泰智能集团有限公司009007,9.13287e+017,0,0,国家级,2,,,5656,1720,"(49.999, 3780.0]"
联创科技股份有限公司009008,9.13490752286199e+017,1,1,,5,4,5,565,32630,"(31471.0, 35000.0]"
启明装备有限责任公司009009,9.13171083574026e+017,0,1,国家级,1,4,7,343434,15880,"(14480.0, 17855.0]"
华泰电子有限公司009010,9.132985662915e+017,0,0,,,3,5,-2323432,22730,"(21364.0, 24660.0]"
远航智能集团有限公司009011,9.135723e+017,0,0,国家级,7,3,3,-2323432,27550,"(24660.0, 27972.0]"
宏达化工集团有限公司009012,9.1337331754895196e+017,1,1,县级,5,3,7,565656,21230,"(17855.0, 21364.0]"
华泰机械集团有限公司009013,9.135398567571e+017,0,0,市级,1,,3,676767,32810,"(31471.0, 35000.0]"
永泰生物集团有限公司009014,9.1398860e+017,0,0,市级,1,,3,-3434545,19600,"(17855.0, 21364.0]"
华信电子集团有限公司009015,9.1332362e+017,0,0,县级,4,5,4,6767,25200,"(24660.0, 27972.0]"
华信能源有限责任公司009016,9.1310370123e+017,1,0,县级,,7,6,676767,3130,"(49.999, 3780.0]"
博雅科技有限公司009017,9.133105783956071e+017,1,,县级,,2,3,343434,8570,"(7370.0, 10954.0]"
盛世机械有限责任公司009018,9.13181040274e+017,1,1,省级,2,,1,6767,8110,"(7370.0, 10954.0]"
天成智能有限公司009019,9.13033909082734e+017,1,,市级,1,2,2,-2323432,18420,"(17855.0, 21364.0]"
嘉禾信息股份有限公司009020,9.1311281417103e+017,,1,国家级,5,7,1,565656,13520,"(10954.0, 14480.0]"
创元机械有限公司009021,9.1320671713621e+017,1,0,市级,3,7,1,565656,23800,"(21364.0, 24660.0]"
盛世信息集团有限公司009022,9.130046965e+017,1,0,,7,4,7,-3434545,25260,"(24660.0, 27972.0]"
金鼎信息有限责任公司009023,9.139861572947e+017,0,1,市级,4,7,7,565,17880,"(17855.0, 21364.0]"
中原医药有限责任公司009024,9.137996795761e+017,0,,县级,5,,2,5656,10460,"(7370.0, 10954.0]"
宏达食品集团有限公司009025,9.13733e+017,1,0,国家级,,4,,676767,2460,"(49.999, 3780.0]"
金鼎纺织集团有限公司009026,9.1330e+017,1,1,市级,,1,3,5656,15640,"(14480.0, 17855.0]"
嘉禾能源有限责任公司009027,9.138828770035e+017,0,0,省级,1,4,3,-2323432,20860,"(17855.0, 21364.0]"
创元科技有限责任公司009028,9.133946e+017,1,0,省级,,7,,343434,4520,"(3780.0, 7370.0]"
金鼎能源集团有限公司009029,9.13282870157632e+017,1,1,国家级,2,5,7,6767,31540,"(31471.0, 35000.0]"
宏达生物集团有限公司009030,9.139393863072e+017,,0,市级,2,5,3,6767,33610,"(31471.0, 35000.0]"
星河化工股份有限公司009031,9.138649306521875e+017,1,0,国家级,2,7,5,565,1420,"(49.999, 3780.0]"
创元贸易有限责任公司009032,9.130527961e+017,0,0,市级,7,1,5,676767,5330,"(3780.0, 7370.0]"
博雅科技股份有限公司009033,9.1390e+017,1,1,市级,3,5,6,-3434545,26670,"(24660.0, 27972.0]"
瑞丰物流股份有限公司009034,9.135848848898e+017,1,0,国家级,3,3,2,6767,6480,"(3780.0, 7370.0]"
华信医药有限公司009035,9.136392399e+017,1,0,,3,7,4,676767,550,"(49.999, 3780.0]"
启明纺织有限公司009036,9.137369959534e+017,0,1,国家级,6,2,7,676767,29650,"(27972.0, 31471.0]"
瑞丰电子股份有限公司009037,9.133307e+017,0,1,国家级,3,7,,-2323432,8610,"(7370.0, 10954.0]"
联创智能有限公司009038,9.13844e+017,0,,国家级,2,4,4,-3434545,15040,"(14480.0, 17855.0]"
星河智能集团有限公司009039,9.13502719399e+017,1,0,市级,6,4,2,6767,3550,"(49.999, 3780.0]"
华泰物流有限责任公司009040,9.1344860887188e+017,0,1,市级,4,,6,565656,12420,"(10954.0, 14480.0]"
盛世医药有限公司009041,9.1353e+017,1,0,国家级,6,5,6,565,2920,"(49.999, 3780.0]"
宏达机械集团有限公司009042,9.1326629824232e+017,0,1,县级,1,3,4,343434,4130,"(3780.0, 7370.0]"
汇通环保集团有限公司009043,9.13118637358230e+017,1,0,市级,5,7,3,-2323432,24120,"(21364.0, 24660.0]"
联创纺织股份有限公司009044,9.1356941424528e+017,,0,县级,7,3,1,-2323432,25520,"(24660.0, 27972.0]"
创元网络有限责任公司009045,9.138938742e+017,0,0,市级,5,3,5,343434,15280,"(14480.0, 17855.0]"
联创物流有限公司009046,9.1312822776e+017,0,1,县级,3,7,3,676767,24660,"(21364.0, 24660.0]"
远航智能股份有限公司009047,9.13300025167294e+017,0,,,5,3,3,5656,19790,"(17855.0, 21364.0]"
联创科技集团有限公司009048,9.13135731e+017,1,1,县级,4,,1,6767,13700,"(10954.0, 14480.0]"
博雅纺织有限责任公司009049,9.131199006243626e+017,,,县级,3,3,5,5656,26060,"(24660.0, 27972.0]"
汇通能源有限责任公司009050,9.1319214984999e+017,0,1,省级,2,6,4,343434,14120,"(10954.0, 14480.0]"
金鼎食品有限公司009051,9.1380972e+017,1,0,县级,2,,7,5656,12370,"(10954.0, 14480.0]"
启明物流有限公司009052,9.139682235655e+017,0,1,国家级,,3,2,-3434545,9010,"(7370.0, 10954.0]"
盛世机械有限责任公司009053,9.1322531903e+017,1,0,省级,4,,1,-2323432,24530,"(21364.0, 24660.0]"
永泰建设集团有限公司009054,9.139308e+017,1,1,市级,4,7,,-2323432,6040,"(3780.0, 7370.0]"
嘉禾物流股份有限公司009055,9.139302414191e+017,1,,市级,7,7,5,5656,11610,"(10954.0, 14480.0]"
联创科技有限责任公司009056,9.137370474739e+017,0,1,,3,4,5,343434,28320,"(27972.0, 31471.0]"
创元装备有限公司009057,9.1379792e+017,0,1,国家级,6,5,7,343434,9150,"(7370.0, 10954.0]"
天成建设股份有限公司009058,9.13680223e+017,1,1,,7,2,,676767,11960,"(10954.0, 14480.0]"
永泰科技有限责任公司009059,9.138778419022e+017,1,0,国家级,7,1,2,5656,25910,"(24660.0, 27972.0]"
华信纺织有限责任公司009060,9.13181e+017,0,0,市级,2,5,,5656,28240,"(27972.0, 31471.0]"
星河信息股份有限公司009061,9.13321196e+017,0,,省级,,4,6,343434,14870,"(14480.0, 17855.0]"
华泰食品集团有限公司009062,9.131953824158e+017,0,0,县级,5,7,3,343434,27780,"(24660.0, 27972.0]"
盛世化工有限责任公司009063,9.13651e+017,0,0,县级,4,6,2,-2323432,5510,"(3780.0, 7370.0]"
华信信息有限责任公司009064,9.135761476917e+017,,0,县级,4,4,5,-3434545,6400,"(3780.0, 7370.0]"
远航机械有限公司009065,9.13975033755e+017,1,0,市级,1,4,3,-3434545,28530,"(27972.0, 31471.0]"
星河智能有限责任公司009066,9.13046771069940e+017,0,1,国家级,5,5,5,-2323432,14850,"(14480.0, 17855.0]"
天成生物股份有限公司009067,9.131127361225e+017,0,1,市级,,,1,565,29510,"(27972.0, 31471.0]"
中原物流集团有限公司009068,9.130249619076578e+017,1,,,6,6,,565,25620,"(24660.0, 27972.0]"
宏达智能有限公司009069,9.130076384570630e+017,0,,市级,5,4,6,676767,29210,"(27972.0, 31471.0]"
天成材料有限责任公司009070,9.13762e+017,0,1,市级,6,1,2,5656,2670,"(49.999, 3780.0]"
博雅智能有限责任公司009071,9.139281e+017,0,0,县级,6,1,3,565,34820,"(31471.0, 35000.0]"
远航机械集团有限公司009072,9.13421e+017,0,0,县级,5,,3,343434,33640,"(31471.0, 35000.0]"
盛世科技有限责任公司009073,9.1301e+017,1,1,市级,1,6,5,565656,22050,"(21364.0, 24660.0]"
中原物流有限公司009074,9.134030499623139e+017,0,1,国家级,4,1,4,565656,33410,"(31471.0, 35000.0]"
星河建设有限责任公司009075,9.134089e+017,1,0,县级,2,,1,-3434545,30100,"(27972.0, 31471.0]"
华信科技有限公司009076,9.1353400541639763e+017,1,1,国家级,3,5,,-2323432,7080,"(3780.0, 7370.0]"
金鼎能源股份有限公司009077,9.1364970434170532e+017,0,1,国家级,5,4,3,5656,5390,"(3780.0, 7370.0]"
盛世信息股份有限公司009078,9.1345e+017,,1,,6,5,4,565656,17860,"(17855.0, 21364.0]"
联创智能有限责任公司009079,9.1315828280e+017,0,1,省级,,6,,-3434545,18580,"(17855.0, 21364.0]"
瑞丰物流有限责任公司009080,9.134222915553131e+017,1,0,国家级,1,7,4,565,28880,"(27972.0, 31471.0]"
盛世环保股份有限公司009081,9.135009001571213e+017,1,1,省级,2,6,,-2323432,4480,"(3780.0, 7370.0]"
创元生物有限公司009082,9.1355e+017,1,,国家级,1,,4,676767,10560,"(7370.0, 10954.0]"
鼎盛科技有限公司009083,9.138251e+017,1,0,省级,5,,,565,2350,"(49.999, 3780.0]"
启明装备股份有限公司009084,9.134596554983728e+017,1,0,县级,5,4,6,565656,31960,"(31471.0, 35000.0]"
盛世电子有限公司009085,9.130325248352e+017,0,0,县级,4,4,1,-3434545,25310,"(24660.0, 27972.0]"
永泰电子集团有限公司009086,9.139724e+017,1,1,省级,,2,,-2323432,32590,"(31471.0, 35000.0]"
博雅医药有限责任公司009087,9.13914919942936e+017,0,0,省级,2,1,1,-2323432,15110,"(14480.0, 17855.0]"
盛世化工有限责任公司009088,9.138668222e+017,0,0,市级,,1,,676767,20060,"(17855.0, 21364.0]"
联创信息集团有限公司009089,9.135053095e+017,1,1,国家级,6,5,2,-2323432,10850,"(7370.0, 10954.0]"
瑞丰能源有限责任公司009090,9.135567311e+017,1,1,国家级,7,7,3,-2323432,15210,"(14480.0, 17855.0]"
永泰医药有限公司009091,9.13525285e+017,1,1,市级,4,3,4,-3434545,34290,"(31471.0, 35000.0]"
星河能源有限公司009092,9.1335e+017,0,0,县级,7,1,1,565656,22640,"(21364.0, 24660.0]"
创元医药有限公司009093,9.1341141827e+017,0,1,,1,,3,-3434545,4780,"(3780.0, 7370.0]"
启明装备有限责任公司009094,9.13521e+017,1,0,市级,1,2,3,565656,14330,"(10954.0, 14480.0]"
汇通医药集团有限公司009095,9.1354361639e+017,0,0,,5,,7,6767,24100,"(21364.0, 24660.0]"
华泰装备集团有限公司009096,9.1303255080835e+017,1,,省级,4,1,4,-3434545,2010,"(49.999, 3780.0]"
永泰能源有限公司009097,9.130985e+017,1,1,,4,2,7,676767,7870,"(7370.0, 10954.0]"
嘉禾科技有限责任公司009098,9.13103907e+017,1,0,市级,7,1,7,343434,23240,"(21364.0, 24660.0]"
天成机械股份有限公司009099,9.13903621045e+017,0,1,市级,2,2,,343434,31890,"(31471.0, 35000.0]"
远航材料有限公司009100,9.1351896018e+017,1,1,市级,5,,5,565,2680,"(49.999, 3780.0]"
华信网络有限责任公司009101,9.137750947533581e+017,0,0,国家级,,3,3,343434,16700,"(14480.0, 17855.0]"
鼎盛贸易集团有限公司009102,9.1334237708214e+017,1,0,县级,6,6,,-3434545,14540,"(14480.0, 17855.0]"
启明环保有限公司009103,9.131577358e+017,0,1,省级,6,7,5,-2323432,10080,"(7370.0, 10954.0]"
鼎盛化工有限公司009104,9.1300110e+017,1,0,国家级,5,4,7,-3434545,33260,"(31471.0, 35000.0]"
博雅生物股份有限公司009105,9.1352033134626e+017,1,1,国家级,5,,6,565,27920,"(24660.0, 27972.0]"
永泰物流有限责任公司009106,9.1365e+017,1,0,,,2,2,-2323432,20450,"(17855.0, 21364.0]"
天成物流股份有限公司009107,9.1310575709e+017,0,1,县级,,1,6,343434,14420,"(10954.0, 14480.0]"
启明纺织集团有限公司009108,9.13887445e+017,1,0,国家级,,,6,5656,13820,"(10954.0, 14480.0]"
盛世建设有限责任公司009109,9.13782176e+017,0,1,,6,2,3,-2323432,4360,"(3780.0, 7370.0]"
联创物流股份有限公司009110,9.131454e+017,0,,市级,6,,6,-3434545,3620,"(49.999, 3780.0]"
鼎盛电子集团有限公司009111,9.13032e+017,1,1,市级,7,3,,676767,7570,"(7370.0, 10954.0]"
博雅生物有限责任公司009112,9.13280e+017,0,0,省级,5,,7,565,5710,"(3780.0, 7370.0]"
启明网络有限公司009113,9.1331104253697322e+017,0,0,,2,4,,565,18850,"(17855.0, 21364.0]"
博雅能源有限公司009114,9.13179732e+017,0,1,市级,5,,6,343434,5340,"(3780.0, 7370.0]"
星河智能有限公司009115,9.13499774728e+017,1,1,,2,3,6,5656,15090,"(14480.0, 17855.0]"
鼎盛信息有限公司009116,9.1305088394042798e+017,0,1,,1,,5,-3434545,17920,"(17855.0, 21364.0]"
金鼎建设有限公司009117,9.13122917448108e+017,0,0,国家级,1,5,5,5656,17530,"(14480.0, 17855.0]"
中原材料股份有限公司009118,9.13788911231994e+017,0,0,市级,3,,6,5656,2970,"(49.999, 3780.0]"
远航物流股份有限公司009119,9.1314864205e+017,0,1,国家级,1,5,2,-2323432,33870,"(31471.0, 35000.0]"
创元贸易集团有限公司009120,9.13300156509525e+017,0,0,国家级,7,1,2,343434,30780,"(27972.0, 31471.0]"
中原化工有限公司009121,9.1323e+017,,0,县级,7,,5,-2323432,7130,"(3780.0, 7370.0]"
天成食品有限责任公司009122,9.1388114e+017,0,,省级,,1,3,565,29430,"(27972.0, 31471.0]"
嘉禾生物有限公司009123,9.13282899595106e+017,,1,县级,4,6,6,-3434545,26000,"(24660.0, 27972.0]"
星河网络集团有限公司009124,9.13969677e+017,,1,,4,6,,343434,4670,"(3780.0, 7370.0]"
金鼎机械有限责任公司009125,9.1360487618622e+017,0,0,县级,4,2,1,676767,18120,"(17855.0, 21364.0]"
宏达网络股份有限公司009126,9.1333300325e+017,1,1,省级,2,4,2,676767,25640,"(24660.0, 27972.0]"
鼎盛化工集团有限公司009127,9.135056550e+017,0,1,国家级,4,4,7,343434,22690,"(21364.0, 24660.0]"
嘉禾建设集团有限公司009128,9.1388462320e+017,0,1,,3,,4,-3434545,22350,"(21364.0, 24660.0]"
启明电子股份有限公司009129,9.134605916922e+017,0,0,县级,,7,,565656,23430,"(21364.0, 24660.0]"
汇通信息有限公司009130,9.138711465e+017,1,0,国家级,3,3,5,6767,5580,"(3780.0, 7370.0]"
华泰贸易有限责任公司009131,9.139502616514e+017,1,1,,6,6,6,5656,770,"(49.999, 3780.0]"
联创生物有限公司009132,9.13875e+017,1,0,国家级,3,4,5,-2323432,23510,"(21364.0, 24660.0]"
金鼎机械有限责任公司009133,9.133772640e+017,1,0,,6,4,5,-2323432,21380,"(21364.0, 24660.0]"
瑞丰装备有限公司009134,9.13023e+017,1,0,市级,3,4,4,676767,23280,"(21364.0, 24660.0]"
金鼎生物集团有限公司009135,9.1335e+017,0,,省级,7,5,,5656,5700,"(3780.0, 7370.0]"
汇通物流集团有限公司009136,9.13971742866447e+017,1,0,县级,1,,6,565656,14870,"(14480.0, 17855.0]"
瑞丰医药有限公司009137,9.13698e+017,,1,县级,1,6,2,-2323432,3740,"(49.999, 3780.0]"
金鼎信息有限责任公司009138,9.1305e+017,0,,市级,5,4,1,6767,25810,"(24660.0, 27972.0]"
博雅装备有限责任公司009139,9.1366938922863638e+017,0,1,国家级,,7,4,-3434545,130,"(49.999, 3780.0]"
联创医药集团有限公司009140,9.138350989298e+017,0,,国家级,5,,1,6767,24850,"(24660.0, 27972.0]"
永泰材料集团有限公司009141,9.1301e+017,1,1,省级,1,7,5,565,23490,"(21364.0, 24660.0]"
嘉禾智能有限公司009142,9.13755873422e+017,1,0,,5,2,6,565656,17850,"(14480.0, 17855.0]"
远航贸易股份有限公司009143,9.131181e+017,1,0,国家级,3,7,,676767,13690,"(10954.0, 14480.0]"
中原纺织有限责任公司009144,9.1386362147720e+017,1,1,省级,1,5,4,343434,10790,"(7370.0, 10954.0]"
启明能源有限公司009145,9.13741675817e+017,1,0,省级,6,6,7,676767,21760,"(21364.0, 24660.0]"
汇通电子股份有限公司009146,9.1386985e+017,1,1,省级,1,6,2,676767,1390,"(49.999, 3780.0]"
华泰物流股份有限公司009147,9.135984209724e+017,0,1,省级,1,3,3,-3434545,29350,"(27972.0, 31471.0]"
联创电子有限公司009148,9.13980963e+017,0,1,市级,4,,,565,10510,"(7370.0, 10954.0]"
鼎盛环保有限公司009149,9.13658596024220e+017,0,0,,2,6,,-3434545,25090,"(24660.0, 27972.0]"
天成材料有限公司009150,9.136129952e+017,,1,国家级,2,6,4,5656,34820,"(31471.0, 35000.0]"
星河贸易有限责任公司009151,9.136668407e+017,0,1,国家级,1,6,2,-2323432,18530,"(17855.0, 21364.0]"
联创能源集团有限公司009152,9.13635236e+017,1,0,国家级,6,5,7,676767,12980,"(10954.0, 14480.0]"
创元建设集团有限公司009153,9.135899840686e+017,1,0,国家级,5,5,1,343434,23240,"(21364.0, 24660.0]"
汇通智能股份有限公司009154,9.1337658e+017,0,0,省级,7,1,5,6767,19610,"(17855.0, 21364.0]"
永泰电子集团有限公司009155,9.1324293278639823e+017,1,0,国家级,,,,6767,20150,"(17855.0, 21364.0]"
星河贸易有限责任公司009156,9.13255117020e+017,1,1,,6,3,6,-2323432,9990,"(7370.0, 10954.0]"
金鼎信息有限公司009157,9.13855392292e+017,1,1,省级,,3,2,-2323432,26260,"(24660.0, 27972.0]"
汇通能源有限公司009158,9.133026026308763e+017,0,0,县级,3,3,3,343434,4750,"(3780.0, 7370.0]"
远航化工有限公司009159,9.13277685e+017,1,1,市级,4,7,5,-3434545,23210,"(21364.0, 24660.0]"
永泰科技集团有限公司009160,9.1384212526e+017,1,0,县级,,1,,-3434545,990,"(49.999, 3780.0]"
远航材料集团有限公司009161,9.1338152542907e+017,1,0,省级,6,5,,-2323432,34140,"(31471.0, 35000.0]"
汇通科技股份有限公司009162,9.136815e+017,1,,国家级,6,1,3,5656,23990,"(21364.0, 24660.0]"
华泰机械有限责任公司009163,9.13033477e+017,,0,,7,5,6,5656,11920,"(10954.0, 14480.0]"
永泰化工股份有限公司009164,9.13575795e+017,1,1,国家级,6,3,1,676767,7190,"(3780.0, 7370.0]"
嘉禾医药有限公司009165,9.133395776747584e+017,1,0,省级,2,7,2,565656,5430,"(3780.0, 7370.0]"
永泰食品有限责任公司009166,9.1386450585448994e+017,1,1,市级,6,7,,6767,30160,"(27972.0, 31471.0]"
瑞丰建设有限责任公司009167,9.131219225078270e+017,1,1,国家级,7,7,5,-3434545,11900,"(10954.0, 14480.0]"
瑞丰智能股份有限公司009168,9.1327692587938e+017,0,1,市级,,3,1,-2323432,22980,"(21364.0, 24660.0]"
博雅材料集团有限公司009169,9.13237894514438e+017,1,1,国家级,1,,4,-3434545,860,"(49.999, 3780.0]"
华泰贸易有限公司009170,9.1395060463639e+017,1,,,1,3,4,343434,28320,"(27972.0, 31471.0]"
博雅物流有限责任公司009171,9.13872386879148e+017,,0,县级,,3,6,565,14060,"(10954.0, 14480.0]"
博雅材料有限公司009172,9.135706271e+017,1,1,县级,1,2,6,565,3990,"(3780.0, 7370.0]"
嘉禾医药有限公司009173,9.13729300016658e+017,0,0,省级,5,7,6,6767,27310,"(24660.0, 27972.0]"
瑞丰环保集团有限公司009174,9.1371428392547892e+017,1,1,县级,,2,1,6767,19280,"(17855.0, 21364.0]"
金鼎电子股份有限公司009175,9.1383037040e+017,0,,省级,,,7,5656,500,"(49.999, 3780.0]"
盛世科技集团有限公司009176,9.1350956663e+017,1,1,县级,7,3,2,565,410,"(49.999, 3780.0]"
华信建设有限公司009177,9.132462639123e+017,0,1,县级,7,7,6,-3434545,12620,"(10954.0, 14480.0]"
联创建设有限责任公司009178,9.1331076964e+017,0,1,市级,2,6,4,-3434545,14760,"(14480.0, 17855.0]"
汇通网络有限公司009179,9.133751199e+017,1,0,省级,1,1,1,-3434545,29260,"(27972.0, 31471.0]"
博雅网络有限责任公司009180,9.136449e+017,1,1,县级,1,4,3,565,25570,"(24660.0, 27972.0]"
华泰智能有限公司009181,9.1374767e+017,,0,国家级,2,3,1,-3434545,6420,"(3780.0, 7370.0]"
汇通食品股份有限公司009182,9.13843080e+017,0,0,,1,7,7,565,4220,"(3780.0, 7370.0]"
中原生物集团有限公司009183,9.13130491073e+017,0,0,市级,7,2,,-3434545,22500,"(21364.0, 24660.0]"
博雅科技股份有限公司009184,9.1339045393648737e+017,1,1,省级,2,6,,565656,15650,"(14480.0, 17855.0]"
星河建设有限公司009185,9.13927926543418e+017,1,1,国家级,2,6,4,565656,17430,"(14480.0, 17855.0]"
远航装备股份有限公司009186,9.1374579509171e+017,0,1,市级,4,3,5,565,29270,"(27972.0, 31471.0]"
天成网络有限责任公司009187,9.1347e+017,,,县级,7,5,4,565656,2910,"(49.999, 3780.0]"
创元纺织有限责任公司009188,9.130088e+017,1,0,省级,5,3,1,676767,8730,"(7370.0, 10954.0]"
远航材料有限公司009189,9.1361199058449e+017,,0,县级,6,7,1,-2323432,18490,"(17855.0, 21364.0]"
鼎盛贸易股份有限公司009190,9.1396199201e+017,,0,省级,2,1,4,-3434545,14180,"(10954.0, 14480.0]"
盛世贸易有限责任公司009191,9.1373309940e+017,0,,省级,7,4,1,6767,32430,"(31471.0, 35000.0]"
盛世机械股份有限公司009192,9.13249474e+017,1,0,省级,7,2,3,-3434545,12900,"(10954.0, 14480.0]"
中原食品有限责任公司009193,9.1398754581990e+017,0,1,县级,5,7,5,-3434545,27360,"(24660.0, 27972.0]"
创元智能有限责任公司009194,9.131782e+017,0,0,,6,,1,565656,25690,"(24660.0, 27972.0]"
创元食品股份有限公司009195,9.13995940343e+017,1,1,市级,4,7,7,-3434545,1840,"(49.999, 3780.0]"
盛世建设集团有限公司009196,9.13294199960191e+017,0,1,省级,2,3,3,-2323432,25780,"(24660.0, 27972.0]"
博雅机械有限责任公司009197,9.13001969907e+017,0,0,省级,5,2,2,565656,7580,"(7370.0, 10954.0]"
创元生物集团有限公司009198,9.1373e+017,1,0,国家级,6,,3,5656,2420,"(49.999, 3780.0]"
盛世材料有限责任公司009199,9.1350139651e+017,1,1,市级,5,,,565,17290,"(14480.0, 17855.0]"
远航建设有限公司009200,9.1380649e+017,0,1,省级,2,5,3,5656,5530,"(3780.0, 7370.0]"
博雅食品集团有限公司009201,9.1394455e+017,0,0,国家级,7,4,7,-2323432,15850,"(14480.0, 17855.0]"
汇通信息有限公司009202,9.138047267e+017,1,0,国家级,,3,1,5656,1490,"(49.999, 3780.0]"
华信纺织有限责任公司009203,9.132411967595841e+017,1,1,县级,5,7,4,565,10340,"(7370.0, 10954.0]"
联创网络有限责任公司009204,9.1315186640e+017,0,1,市级,1,7,,6767,24510,"(21364.0, 24660.0]"
天成信息有限公司009205,9.132206400e+017,0,0,省级,3,6,4,565,22000,"(21364.0, 24660.0]"
金鼎化工集团有限公司009206,9.139626e+017,1,0,国家级,,3,1,676767,21850,"(21364.0, 24660.0]"
盛世化工股份有限公司009207,9.137767e+017,0,1,国家级,5,6,2,676767,31630,"(31471.0, 35000.0]"
盛世材料股份有限公司009208,9.1347295746318011e+017,0,1,国家级,2,4,,6767,27430,"(24660.0, 27972.0]"
汇通环保股份有限公司009209,9.13157448552571e+017,1,0,县级,6,4,,5656,21430,"(21364.0, 24660.0]"
汇通能源有限公司009210,9.1319090e+017,1,0,省级,1,6,2,6767,6210,"(3780.0, 7370.0]"
启明纺织集团有限公司009211,9.13087665987884e+017,0,1,县级,6,7,7,676767,30040,"(27972.0, 31471.0]"
汇通科技股份有限公司009212,9.139578779e+017,0,1,省级,7,3,7,-3434545,11990,"(10954.0, 14480.0]"
宏达贸易集团有限公司009213,9.1390226124054598e+017,0,1,县级,1,5,4,-2323432,2340,"(49.999, 3780.0]"
联创机械有限公司009214,9.13944875772334e+017,1,1,,5,5,5,-3434545,18900,"(17855.0, 21364.0]"
联创智能有限责任公司009215,9.1338474e+017,1,0,县级,6,4,2,343434,11010,"(10954.0, 14480.0]"
鼎盛纺织集团有限公司009216,9.13967223850530e+017,1,1,县级,1,6,7,565656,18400,"(17855.0, 21364.0]"
嘉禾生物股份有限公司009217,9.13343992e+017,,0,市级,6,4,7,5656,17030,"(14480.0, 17855.0]"
嘉禾智能股份有限公司009218,9.13764672e+017,,0,省级,3,,5,6767,13720,"(10954.0, 14480.0]"
远航建设集团有限公司009219,9.1398662928140e+017,1,1,省级,5,1,2,6767,4550,"(3780.0, 7370.0]"
联创材料股份有限公司009220,9.1319099291555752e+017,1,,省级,4,1,7,565,8990,"(7370.0, 10954.0]"
金鼎机械有限责任公司009221,9.135062952547251e+017,0,0,市级,2,5,5,-3434545,17570,"(14480.0, 17855.0]"
嘉禾物流集团有限公司009222,9.1371156084199e+017,0,0,县级,6,5,3,343434,26400,"(24660.0, 27972.0]"
金鼎生物有限责任公司009223,9.1324128615e+017,0,1,国家级,4,,2,5656,14490,"(14480.0, 17855.0]"
金鼎化工集团有限公司009224,9.13775550e+017,1,1,省级,3,5,4,343434,5790,"(3780.0, 7370.0]"
汇通化工有限公司009225,9.134992327e+017,1,0,国家级,1,6,4,565656,5440,"(3780.0, 7370.0]"
瑞丰信息集团有限公司009226,9.138947017e+017,0,1,,3,4,6,565,1680,"(49.999, 3780.0]"
博雅医药有限责任公司009227,9.13646709e+017,1,1,国家级,2,3,4,5656,18250,"(17855.0, 21364.0]"
汇通装备集团有限公司009228,9.13251406065e+017,1,0,,3,,3,565656,4370,"(3780.0, 7370.0]"
盛世网络有限责任公司009229,9.1389051876141e+017,1,1,市级,7,6,2,-3434545,9070,"(7370.0, 10954.0]"
宏达电子股份有限公司009230,9.1376e+017,0,1,省级,5,3,,676767,15850,"(14480.0, 17855.0]"
中原纺织有限公司009231,9.13779724e+017,0,,县级,1,5,7,343434,16250,"(14480.0, 17855.0]"
华信网络集团有限公司009232,9.136992e+017,,0,省级,7,3,6,-3434545,25520,"(24660.0, 27972.0]"
华泰机械股份有限公司009233,9.1316331e+017,1,0,省级,5,6,5,6767,33630,"(31471.0, 35000.0]"
中原建设有限责任公司009234,9.1317144510182e+017,0,,县级,2,1,6,565656,18510,"(17855.0, 21364.0]"
博雅化工有限责任公司009235,9.139405271773e+017,0,1,市级,7,5,6,565656,8090,"(7370.0, 10954.0]"
创元化工有限责任公司009236,9.13881474066e+017,0,1,国家级,,2,5,676767,17390,"(14480.0, 17855.0]"
星河食品股份有限公司009237,9.13494946478e+017,0,0,省级,2,1,2,343434,28260,"(27972.0, 31471.0]"
嘉禾食品有限公司009238,9.139521041e+017,0,1,省级,,7,4,-3434545,4150,"(3780.0, 7370.0]"
瑞丰环保集团有限公司009239,9.1338105202e+017,1,,市级,7,4,7,565656,11210,"(10954.0, 14480.0]"
汇通信息有限公司009240,9.1375e+017,1,1,县级,1,7,2,-3434545,20380,"(17855.0, 21364.0]"
博雅医药集团有限公司009241,9.138852357124e+017,0,1,县级,1,1,1,-2323432,5720,"(3780.0, 7370.0]"
联创网络有限公司009242,9.1304424e+017,1,0,省级,3,1,7,-2323432,16390,"(14480.0, 17855.0]"
嘉禾信息有限公司009243,9.13678436e+017,0,1,县级,5,4,7,-3434545,12850,"(10954.0, 14480.0]"
鼎盛能源股份有限公司009244,9.138086e+017,1,0,县级,7,,4,676767,570,"(49.999, 3780.0]"
启明纺织有限责任公司009245,9.13192929e+017,1,0,,1,7,2,565,28660,"(27972.0, 31471.0]"
博雅信息集团有限公司009246,9.13978263003518e+017,1,1,国家级,6,2,2,676767,30180,"(27972.0, 31471.0]"
瑞丰物流有限公司009247,9.13839657439893e+017,1,1,,6,4,5,565,27350,"(24660.0, 27972.0]"
鼎盛机械集团有限公司009248,9.13196022672766e+017,,,国家级,4,7,1,-2323432,4160,"(3780.0, 7370.0]"
天成医药集团有限公司009249,9.13339876116e+017,0,0,县级,2,2,2,565656,12200,"(10954.0, 14480.0]"
联创建设股份有限公司009250,9.13624116e+017,1,,省级,6,4,1,6767,18730,"(17855.0, 21364.0]"
盛世贸易有限责任公司009251,9.13802175e+017,1,0,国家级,4,2,7,6767,6810,"(3780.0, 7370.0]"
中原网络集团有限公司009252,9.131538320789e+017,0,1,市级,6,4,5,676767,9070,"(7370.0, 10954.0]"
鼎盛网络有限公司009253,9.13693659069471e+017,1,0,省级,,5,2,-3434545,31420,"(27972.0, 31471.0]"
金鼎科技有限责任公司009254,9.13177721e+017,1,,市级,7,5,6,676767,11900,"(10954.0, 14480.0]"
联创智能股份有限公司009255,9.130826281e+017,,0,县级,5,3,1,-2323432,26450,"(24660.0, 27972.0]"
联创生物股份有限公司009256,9.13249e+017,0,,省级,5,5,3,5656,12600,"(10954.0, 14480.0]"
鼎盛物流集团有限公司009257,9.134187e+017,0,1,国家级,7,6,6,5656,31810,"(31471.0, 35000.0]"
华信医药股份有限公司009258,9.1327677132e+017,0,1,市级,5,,3,565,23700,"(21364.0, 24660.0]"
星河环保有限责任公司009259,9.135246096551e+017,1,1,,7,4,3,565,19710,"(17855.0, 21364.0]"
博雅机械有限责任公司009260,9.138480000796e+017,0,,市级,5,3,2,565,26030,"(24660.0, 27972.0]"
嘉禾装备股份有限公司009261,9.1366e+017,1,0,市级,5,3,,6767,11890,"(10954.0, 14480.0]"
天成医药有限公司009262,9.130948173e+017,,0,国家级,4,2,3,-2323432,3010,"(49.999, 3780.0]"
鼎盛材料有限责任公司009263,9.135784e+017,1,0,国家级,3,5,,5656,22920,"(21364.0, 24660.0]"
华泰环保有限责任公司009264,9.13092662e+017,,1,国家级,4,,2,-3434545,8090,"(7370.0, 10954.0]"
瑞丰生物有限公司009265,9.135242267126e+017,0,1,省级,5,3,3,565656,26900,"(24660.0, 27972.0]"
汇通科技集团有限公司009266,9.133084318010e+017,1,0,,2,6,,343434,27780,"(24660.0, 27972.0]"
天成物流有限公司009267,9.134333e+017,1,0,,3,3,6,5656,3670,"(49.999, 3780.0]"
星河电子集团有限公司009268,9.1328827e+017,0,0,市级,,2,2,676767,18960,"(17855.0, 21364.0]"
鼎盛网络有限责任公司009269,9.1313652605284e+017,0,1,县级,,3,4,343434,22870,"(21364.0, 24660.0]"
博雅化工有限公司009270,9.1391322669842355e+017,1,1,市级,4,5,2,5656,3490,"(49.999, 3780.0]"
鼎盛贸易股份有限公司009271,9.13596e+017,1,0,县级,,4,7,6767,16330,"(14480.0, 17855.0]"
星河装备有限公司009272,9.130806618836e+017,1,1,国家级,5,6,,565,9270,"(7370.0, 10954.0]"
宏达纺织股份有限公司009273,9.1326737841952e+017,0,0,市级,2,2,2,-3434545,34740,"(31471.0, 35000.0]"
汇通装备有限责任公司009274,9.13047496752742e+017,0,1,省级,1,7,1,676767,28350,"(27972.0, 31471.0]"
华信化工有限责任公司009275,9.1385e+017,1,0,国家级,2,1,3,676767,25750,"(24660.0, 27972.0]"
远航装备有限公司009276,9.13936122e+017,1,0,国家级,2,6,5,-2323432,2930,"(49.999, 3780.0]"
华泰环保有限责任公司009277,9.135574055092e+017,1,0,市级,5,7,5,5656,31650,"(31471.0, 35000.0]"
华泰科技有限责任公司009278,9.13492e+017,0,1,国家级,6,2,4,-3434545,14610,"(14480.0, 17855.0]"
天成电子有限责任公司009279,9.13515e+017,1,1,,1,5,5,676767,15330,"(14480.0, 17855.0]"
瑞丰物流有限公司009280,9.1390e+017,0,0,国家级,5,5,,-3434545,34410,"(31471.0, 35000.0]"
远航信息股份有限公司009281,9.1331377934e+017,1,0,县级,5,4,1,676767,11760,"(10954.0, 14480.0]"
启明贸易有限公司009282,9.137787614817e+017,1,0,国家级,5,6,6,6767,32770,"(31471.0, 35000.0]"
联创贸易有限责任公司009283,9.13712e+017,1,1,市级,7,1,3,-3434545,2100,"(49.999, 3780.0]"
嘉禾网络有限公司009284,9.135957948214e+017,0,1,国家级,1,7,3,-2323432,4870,"(3780.0, 7370.0]"
汇通网络集团有限公司009285,9.1346e+017,0,0,国家级,6,4,3,-3434545,9310,"(7370.0, 10954.0]"
博雅信息集团有限公司009286,9.134801e+017,1,1,,6,6,6,-2323432,17020,"(14480.0, 17855.0]"
博雅信息集团有限公司009287,9.1349919316e+017,0,1,县级,,6,5,-3434545,27030,"(24660.0, 27972.0]"
宏达信息有限公司009288,9.13367e+017,1,0,国家级,7,5,1,5656,34910,"(31471.0, 35000.0]"
瑞丰医药有限责任公司009289,9.139574092566e+017,1,0,,6,6,1,565,15000,"(14480.0, 17855.0]"
金鼎建设有限公司009290,9.137539098432e+017,0,1,市级,3,4,1,-2323432,13830,"(10954.0, 14480.0]"
华泰物流有限公司009291,9.13526885225879e+017,1,,,2,5,7,5656,17320,"(14480.0, 17855.0]"
嘉禾科技集团有限公司009292,9.13165841e+017,,0,省级,,3,,565656,9710,"(7370.0, 10954.0]"
联创装备有限责任公司009293,9.139428859897e+017,1,,,,3,2,676767,30030,"(27972.0, 31471.0]"
华泰医药集团有限公司009294,9.133044440055206e+017,0,1,省级,3,4,4,6767,24220,"(21364.0, 24660.0]"
天成智能集团有限公司009295,9.1381359e+017,0,0,省级,3,6,,5656,15530,"(14480.0, 17855.0]"
永泰生物有限责任公司009296,9.1341818e+017,1,0,国家级,6,,,6767,16040,"(14480.0, 17855.0]"
金鼎纺织有限责任公司009297,9.1346353484953818e+017,0,0,市级,4,3,2,-2323432,28710,"(27972.0, 31471.0]"
华信纺织股份有限公司009298,9.13258785244405e+017,0,0,县级,7,3,7,5656,31530,"(31471.0, 35000.0]"
远航信息有限公司009299,9.1379819163031e+017,1,0,市级,,6,1,-3434545,34390,"(31471.0, 35000.0]"
联创食品股份有限公司009300,9.13616371e+017,0,1,县级,2,2,2,6767,22780,"(21364.0, 24660.0]"
金鼎环保股份有限公司009301,9.13410493303e+017,,1,省级,5,7,,565656,3630,"(49.999, 3780.0]"
星河能源股份有限公司009302,9.13517088e+017,1,0,国家级,2,3,1,-3434545,27760,"(24660.0, 27972.0]"
中原智能有限公司009303,9.1384252256935e+017,0,0,省级,7,3,5,565,5960,"(3780.0, 7370.0]"
永泰建设有限公司009304,9.13608876882e+017,0,0,市级,2,5,,676767,17550,"(14480.0, 17855.0]"
瑞丰环保有限公司009305,9.132685805265e+017,1,0,县级,,7,2,565656,29850,"(27972.0, 31471.0]"
启明环保股份有限公司009306,9.1303570721771e+017,1,0,,5,5,6,676767,4060,"(3780.0, 7370.0]"
鼎盛装备有限责任公司009307,9.1311866e+017,1,0,省级,1,3,,565,8150,"(7370.0, 10954.0]"
远航电子股份有限公司009308,9.13828226405e+017,1,1,国家级,3,3,2,565,2220,"(49.999, 3780.0]"
联创智能股份有限公司009309,9.135401447814323e+017,0,0,县级,1,4,4,565656,29410,"(27972.0, 31471.0]"
远航贸易集团有限公司009310,9.13815e+017,1,0,国家级,2,5,4,343434,23810,"(21364.0, 24660.0]"
金鼎材料有限公司009311,9.133141527e+017,,1,省级,5,5,2,-2323432,24830,"(24660.0, 27972.0]"
金鼎贸易股份有限公司009312,9.132518818e+017,1,1,,7,7,6,-2323432,17170,"(14480.0, 17855.0]"
天成能源股份有限公司009313,9.1364009179932e+017,0,0,国家级,,1,7,-2323432,22680,"(21364.0, 24660.0]"
天成智能有限责任公司009314,9.1339467e+017,1,0,县级,5,,1,565656,22290,"(21364.0, 24660.0]"
瑞丰机械有限责任公司009315,9.1376787e+017,0,1,市级,2,1,1,-3434545,23840,"(21364.0, 24660.0]"
星河纺织集团有限公司009316,9.136854538340e+017,1,0,,5,1,5,5656,22290,"(21364.0, 24660.0]"
金鼎电子集团有限公司009317,9.134670992e+017,0,0,县级,4,2,4,-3434545,16320,"(14480.0, 17855.0]"
宏达贸易有限责任公司009318,9.134728460084e+017,1,0,,1,7,5,565656,15600,"(14480.0, 17855.0]"
金鼎物流有限公司009319,9.13403835141e+017,0,0,市级,7,,5,343434,2620,"(49.999, 3780.0]"
华信信息集团有限公司009320,9.13191735252748e+017,0,1,省级,2,2,,5656,12030,"(10954.0, 14480.0]"
嘉禾能源有限责任公司009321,9.134693605254e+017,1,0,市级,3,4,2,676767,25540,"(24660.0, 27972.0]"
华泰化工有限责任公司009322,9.132423612e+017,0,1,县级,,7,1,-3434545,34650,"(31471.0, 35000.0]"
天成科技集团有限公司009323,9.13753982455e+017,1,,,4,6,5,6767,3510,"(49.999, 3780.0]"
华泰食品有限责任公司009324,9.13333428240e+017,0,0,省级,3,2,7,343434,32480,"(31471.0, 35000.0]"
瑞丰生物有限公司009325,9.137512e+017,1,0,国家级,3,7,3,676767,7480,"(7370.0, 10954.0]"
启明纺织有限责任公司009326,9.13918650764e+017,1,1,国家级,,3,5,6767,1630,"(49.999, 3780.0]"
瑞丰纺织有限公司009327,9.13379737876e+017,1,,县级,,3,2,-3434545,31850,"(31471.0, 35000.0]"
鼎盛机械集团有限公司009328,9.1390595772e+017,0,1,市级,2,2,,565656,9960,"(7370.0, 10954.0]"
启明材料有限责任公司009329,9.13207971e+017,0,,市级,7,1,6,343434,24400,"(21364.0, 24660.0]"
华泰网络股份有限公司009330,9.1355784576368e+017,0,,县级,6,6,,-3434545,9740,"(7370.0, 10954.0]"
鼎盛医药股份有限公司009331,9.1322451791133101e+017,1,0,,,4,5,5656,1510,"(49.999, 3780.0]"
天成装备有限公司009332,9.1341e+017,0,1,,6,4,,6767,25980,"(24660.0, 27972.0]"
嘉禾生物股份有限公司009333,9.13474e+017,1,1,省级,4,3,7,565656,20130,"(17855.0, 21364.0]"
启明能源有限责任公司009334,9.130833e+017,1,1,,6,7,4,343434,12460,"(10954.0, 14480.0]"
华泰材料股份有限公司009335,9.134134730e+017,1,0,,5,3,3,-3434545,22080,"(21364.0, 24660.0]"
汇通物流有限公司009336,9.1391208645e+017,1,1,省级,6,2,6,565,25320,"(24660.0, 27972.0]"
中原材料有限公司009337,9.1349670435e+017,1,1,省级,3,3,2,-3434545,23850,"(21364.0, 24660.0]"
嘉禾建设有限公司009338,9.135511849382e+017,1,0,国家级,4,3,3,6767,24810,"(24660.0, 27972.0]"
创元纺织集团有限公司009339,9.138741529259e+017,,,,,2,2,6767,16320,"(14480.0, 17855.0]"
永泰贸易集团有限公司009340,9.1340991764e+017,1,,县级,6,2,6,-3434545,1580,"(49.999, 3780.0]"
联创网络集团有限公司009341,9.13929e+017,0,1,县级,5,2,6,565,20340,"(17855.0, 21364.0]"
盛世食品股份有限公司009342,9.135751638983858e+017,,0,,2,,1,343434,14300,"(10954.0, 14480.0]"
华信科技股份有限公司009343,9.132210e+017,1,1,市级,5,1,1,343434,23930,"(21364.0, 24660.0]"
华泰食品有限责任公司009344,9.13893140874858e+017,1,1,县级,6,6,2,6767,13790,"(10954.0, 14480.0]"
华信装备股份有限公司009345,9.1330e+017,,1,国家级,2,3,,565656,15550,"(14480.0, 17855.0]"
联创网络有限责任公司009346,9.1350e+017,1,0,县级,,1,5,-3434545,17620,"(14480.0, 17855.0]"
瑞丰信息集团有限公司009347,9.13779616e+017,,1,市级,2,,4,6767,25750,"(24660.0, 27972.0]"
金鼎装备集团有限公司009348,9.139966511647e+017,0,0,国家级,2,3,5,343434,18610,"(17855.0, 21364.0]"
博雅智能有限公司009349,9.1377188878179e+017,1,0,国家级,7,7,7,6767,22650,"(21364.0, 24660.0]"
宏达电子有限公司009350,9.1321e+017,0,0,,,,7,-2323432,7810,"(7370.0, 10954.0]"
创元能源有限公司009351,9.13761840522160e+017,1,,市级,3,5,7,676767,21060,"(17855.0, 21364.0]"
瑞丰建设有限公司009352,9.13170665422e+017,,0,省级,1,3,5,-3434545,12590,"(10954.0, 14480.0]"
鼎盛网络有限责任公司009353,9.13386332e+017,1,0,,5,6,3,5656,25360,"(24660.0, 27972.0]"
创元智能有限责任公司009354,9.1318245e+017,1,0,国家级,7,7,7,5656,22140,"(21364.0, 24660.0]"
远航信息有限责任公司009355,9.1399e+017,0,1,国家级,2,3,7,-2323432,34120,"(31471.0, 35000.0]"
金鼎信息有限公司009356,9.138580e+017,0,0,,2,1,2,-3434545,7650,"(7370.0, 10954.0]"
联创智能有限公司009357,9.13851620948911e+017,0,0,省级,2,5,2,676767,29600,"(27972.0, 31471.0]"
博雅食品股份有限公司009358,9.1339078518e+017,0,1,省级,5,2,1,565,10910,"(7370.0, 10954.0]"
宏达医药股份有限公司009359,9.13897412628e+017,0,1,省级,3,5,5,565,34840,"(31471.0, 35000.0]"
汇通能源有限责任公司009360,9.13105368243509e+017,1,1,国家级,,2,7,-2323432,21820,"(21364.0, 24660.0]"
天成科技有限责任公司009361,9.13676031e+017,1,0,县级,2,2,7,5656,11710,"(10954.0, 14480.0]"
金鼎化工有限责任公司009362,9.13635654063e+017,0,0,市级,2,4,3,565656,10530,"(7370.0, 10954.0]"
鼎盛贸易有限公司009363,9.13442722979e+017,1,,,4,1,7,343434,34450,"(31471.0, 35000.0]"
汇通物流有限责任公司009364,9.132296134268e+017,0,0,县级,3,4,3,-3434545,270,"(49.999, 3780.0]"
鼎盛装备股份有限公司009365,9.136109386676937e+017,0,1,县级,1,,3,676767,15360,"(14480.0, 17855.0]"
启明化工有限责任公司009366,9.1390442723733e+017,1,0,市级,,6,5,676767,19490,"(17855.0, 21364.0]"
星河纺织股份有限公司009367,9.1393480472232999e+017,0,1,省级,7,6,5,565,15000,"(14480.0, 17855.0]"
启明环保有限责任公司009368,9.1348612254438e+017,1,,市级,6,6,1,-2323432,16810,"(14480.0, 17855.0]"
创元电子集团有限公司009369,9.13593733e+017,0,1,县级,5,2,7,565656,12820,"(10954.0, 14480.0]"
星河食品有限责任公司009370,9.1384138e+017,1,0,国家级,7,1,6,6767,15080,"(14480.0, 17855.0]"
嘉禾食品股份有限公司009371,9.138122022713e+017,1,0,,1,3,3,676767,20030,"(17855.0, 21364.0]"
华泰食品股份有限公司009372,9.1377692280e+017,0,1,市级,3,6,4,6767,30810,"(27972.0, 31471.0]"
博雅医药集团有限公司009373,9.13623959e+017,1,,县级,1,1,7,-3434545,30380,"(27972.0, 31471.0]"
远航电子有限公司009374,9.138681e+017,1,1,省级,3,6,7,-2323432,2040,"(49.999, 3780.0]"
鼎盛物流有限公司009375,9.134951817e+017,0,1,市级,3,3,,676767,21940,"(21364.0, 24660.0]"
嘉禾电子有限公司009376,9.1383365e+017,1,0,县级,6,6,1,565,31880,"(31471.0, 35000.0]"
盛世能源股份有限公司009377,9.13743784672095e+017,0,1,市级,1,3,,565,16150,"(14480.0, 17855.0]"
永泰贸易股份有限公司009378,9.130675e+017,,1,县级,5,2,4,-3434545,1820,"(49.999, 3780.0]"
嘉禾医药股份有限公司009379,9.1389457981671e+017,0,0,,4,3,2,-2323432,190,"(49.999, 3780.0]"
联创物流股份有限公司009380,9.1337e+017,1,,市级,4,7,,-3434545,25520,"(24660.0, 27972.0]"
创元纺织股份有限公司009381,9.136061242432479e+017,0,,省级,4,3,4,5656,13920,"(10954.0, 14480.0]"
金鼎化工股份有限公司009382,9.13335550e+017,,0,国家级,2,4,1,565656,33580,"(31471.0, 35000.0]"
联创信息有限责任公司009383,9.131802931978e+017,1,0,市级,2,7,7,565,4910,"(3780.0, 7370.0]"
天成食品集团有限公司009384,9.1308429076e+017,1,,国家级,3,5,5,343434,15520,"(14480.0, 17855.0]"
华信电子有限责任公司009385,9.132663e+017,1,1,市级,6,7,7,5656,30100,"(27972.0, 31471.0]"
华泰医药有限责任公司009386,9.13097030479796e+017,1,1,国家级,,5,4,5656,29840,"(27972.0, 31471.0]"
鼎盛生物有限公司009387,9.1387305611125e+017,0,1,县级,7,4,6,-3434545,22420,"(21364.0, 24660.0]"
嘉禾物流股份有限公司009388,9.134582e+017,0,0,县级,4,7,4,343434,17600,"(14480.0, 17855.0]"
远航建设有限责任公司009389,9.13574504923e+017,1,0,市级,7,4,6,565656,5780,"(3780.0, 7370.0]"
宏达食品股份有限公司009390,9.1363693e+017,0,1,市级,7,6,2,565656,14110,"(10954.0, 14480.0]"
天成环保有限公司009391,9.1347472752e+017,1,0,市级,2,6,4,565656,25200,"(24660.0, 27972.0]"
宏达智能有限公司009392,9.13625390915827e+017,1,0,省级,1,7,,6767,18510,"(17855.0, 21364.0]"
星河生物有限责任公司009393,9.1309278509e+017,0,1,,3,,7,565656,6340,"(3780.0, 7370.0]"
瑞丰食品集团有限公司009394,9.136494872e+017,0,,县级,3,,5,-3434545,10510,"(7370.0, 10954.0]"
联创纺织有限责任公司009395,9.135960253492143e+017,0,0,县级,,5,2,-2323432,8790,"(7370.0, 10954.0]"
瑞丰电子有限公司009396,9.1343280599e+017,1,0,,7,2,1,5656,5610,"(3780.0, 7370.0]"
华泰材料有限责任公司009397,9.13505031e+017,0,1,,,2,6,565,34680,"(31471.0, 35000.0]"
博雅网络有限公司009398,9.1359872656379353e+017,1,1,市级,5,1,5,565656,28590,"(27972.0, 31471.0]"
远航纺织集团有限公司009399,9.13400863713970e+017,1,0,,,6,3,6767,6260,"(3780.0, 7370.0]"
博雅材料有限责任公司009400,9.138738649709e+017,0,1,,4,3,,676767,23140,"(21364.0, 24660.0]"
中原生物有限责任公司009401,9.1374282e+017,0,0,市级,,,7,676767,16490,"(14480.0, 17855.0]"
华泰物流集团有限公司009402,9.1362059154108e+017,0,,国家级,6,4,1,565656,34410,"(31471.0, 35000.0]"
中原食品有限责任公司009403,9.1334420827e+017,1,0,市级,,2,,676767,31560,"(31471.0, 35000.0]"
宏达电子有限责任公司009404,9.132873506902e+017,1,1,国家级,1,4,2,5656,28590,"(27972.0, 31471.0]"
联创机械集团有限公司009405,9.136733283e+017,1,,省级,6,7,,-3434545,2050,"(49.999, 3780.0]"
永泰网络有限公司009406,9.134197839e+017,1,0,,1,1,,-2323432,29360,"(27972.0, 31471.0]"
华信装备有限公司009407,9.130317e+017,1,0,,3,3,6,565,19460,"(17855.0, 21364.0]"
星河科技集团有限公司009408,9.1303011e+017,1,0,国家级,7,2,,-3434545,22800,"(21364.0, 24660.0]"
远航装备集团有限公司009409,9.1355826819e+017,1,0,县级,4,1,4,565,24240,"(21364.0, 24660.0]"
启明环保股份有限公司009410,9.13987e+017,1,1,国家级,,5,2,343434,8240,"(7370.0, 10954.0]"
汇通纺织有限公司009411,9.137925910e+017,1,1,省级,6,3,7,-2323432,25220,"(24660.0, 27972.0]"
博雅网络有限责任公司009412,9.134137306e+017,0,0,市级,6,3,1,565656,24500,"(21364.0, 24660.0]"
华信环保集团有限公司009413,9.13599624e+017,0,1,国家级,4,1,7,343434,27380,"(24660.0, 27972.0]"
启明化工有限公司009414,9.13816015115202e+017,0,,县级,6,1,7,-2323432,5050,"(3780.0, 7370.0]"
远航物流股份有限公司009415,9.1370027759512e+017,0,0,国家级,3,2,4,-2323432,33240,"(31471.0, 35000.0]"
盛世智能有限公司009416,9.1372260e+017,0,0,国家级,3,2,7,565,12760,"(10954.0, 14480.0]"
博雅食品有限责任公司009417,9.13759420350e+017,1,,县级,1,,5,-3434545,17100,"(14480.0, 17855.0]"
华信环保集团有限公司009418,9.138368317817715e+017,0,0,国家级,7,1,5,565,7890,"(7370.0, 10954.0]"
星河电子有限责任公司009419,9.1362212032945e+017,0,1,省级,4,2,1,676767,27090,"(24660.0, 27972.0]"
联创装备有限责任公司009420,9.1372406089e+017,0,1,省级,5,1,2,565,14880,"(14480.0, 17855.0]"
永泰机械有限公司009421,9.1346276e+017,1,1,国家级,,2,6,343434,400,"(49.999, 3780.0]"
联创能源集团有限公司009422,9.136240216577879e+017,1,1,县级,5,4,7,-3434545,5960,"(3780.0, 7370.0]"
瑞丰机械集团有限公司009423,9.13334310e+017,1,1,国家级,,6,,5656,23580,"(21364.0, 24660.0]"
中原医药有限责任公司009424,9.138825478671560e+017,0,1,国家级,1,3,2,-2323432,9920,"(7370.0, 10954.0]"
远航物流有限公司009425,9.135368448390e+017,0,0,国家级,1,4,,343434,10080,"(7370.0, 10954.0]"
远航环保有限责任公司009426,9.133552945139e+017,1,1,省级,5,5,7,-2323432,17860,"(17855.0, 21364.0]"
远航物流有限责任公司009427,9.1370e+017,0,0,市级,1,4,4,676767,2080,"(49.999, 3780.0]"
嘉禾电子有限责任公司009428,9.13097235e+017,0,0,省级,4,,6,565656,15330,"(14480.0, 17855.0]"
创元物流集团有限公司009429,9.139341383232e+017,1,1,县级,,4,7,676767,22750,"(21364.0, 24660.0]"
鼎盛纺织有限责任公司009430,9.1367073e+017,1,1,省级,1,6,5,5656,17850,"(14480.0, 17855.0]"
宏达智能集团有限公司009431,9.1349041499e+017,1,1,县级,1,3,3,565,8980,"(7370.0, 10954.0]"
宏达能源股份有限公司009432,9.1324410e+017,0,0,省级,3,2,7,-2323432,31510,"(31471.0, 35000.0]"
华信食品有限责任公司009433,9.1356e+017,0,,国家级,6,7,7,565656,8830,"(7370.0, 10954.0]"
金鼎生物有限公司009434,9.13465172569789e+017,0,0,县级,7,4,1,565,10580,"(7370.0, 10954.0]"
天成科技有限公司009435,9.1300906375e+017,0,1,国家级,6,5,4,6767,6780,"(3780.0, 7370.0]"
华信食品有限责任公司009436,9.133434033e+017,1,1,市级,2,5,1,6767,430,"(49.999, 3780.0]"
联创装备有限责任公司009437,9.1351159e+017,1,0,市级,1,,7,343434,8930,"(7370.0, 10954.0]"
永泰建设集团有限公司009438,9.13938996857986e+017,1,1,市级,7,4,2,565656,6640,"(3780.0, 7370.0]"
鼎盛物流集团有限公司009439,9.13937136475e+017,1,1,市级,,4,4,343434,27720,"(24660.0, 27972.0]"
嘉禾信息集团有限公司009440,9.1386323692570e+017,1,0,国家级,4,,,-2323432,23280,"(21364.0, 24660.0]"
鼎盛电子有限责任公司009441,9.138151746551e+017,0,0,市级,,6,,565,21720,"(21364.0, 24660.0]"
远航科技有限责任公司009442,9.136287401772014e+017,1,0,县级,4,1,,676767,30030,"(27972.0, 31471.0]"
中原生物有限责任公司009443,9.13655e+017,0,1,,2,5,6,-3434545,11250,"(10954.0, 14480.0]"
盛世智能有限公司009444,9.130702e+017,1,,省级,,7,7,6767,23540,"(21364.0, 24660.0]"
鼎盛装备股份有限公司009445,9.130120e+017,1,1,,2,5,6,5656,25360,"(24660.0, 27972.0]"
盛世建设股份有限公司009446,9.139732e+017,,0,市级,,7,5,676767,10190,"(7370.0, 10954.0]"
星河医药有限公司009447,9.13598979897511e+017,1,,,5,2,1,-2323432,17930,"(17855.0, 21364.0]"
天成电子股份有限公司009448,9.1356223480379e+017,0,1,市级,1,4,5,343434,25920,"(24660.0, 27972.0]"
汇通化工集团有限公司009449,9.13130e+017,0,0,,4,7,4,-3434545,19130,"(17855.0, 21364.0]"
宏达物流集团有限公司009450,9.138419008e+017,1,1,省级,,7,5,6767,30670,"(27972.0, 31471.0]"
天成机械有限公司009451,9.1348228e+017,0,1,,,,4,5656,32760,"(31471.0, 35000.0]"
创元物流股份有限公司009452,9.134212889330e+017,0,,县级,,2,5,565,7130,"(3780.0, 7370.0]"
华泰食品有限公司009453,9.138201e+017,,0,市级,1,,,565,14870,"(14480.0, 17855.0]"
远航生物集团有限公司009454,9.13265e+017,1,,省级,4,1,6,565656,33850,"(31471.0, 35000.0]"
鼎盛化工股份有限公司009455,9.13678452323681e+017,0,0,,7,,7,565656,32040,"(31471.0, 35000.0]"
嘉禾智能有限责任公司009456,9.130089506440e+017,0,0,国家级,1,1,1,6767,17660,"(14480.0, 17855.0]"
创元环保有限公司009457,9.132526831540548e+017,,1,市级,,,5,6767,16530,"(14480.0, 17855.0]"
永泰信息股份有限公司009458,9.13731567209e+017,1,,市级,,1,5,-2323432,31480,"(31471.0, 35000.0]"
宏达能源有限责任公司009459,9.1369559558216745e+017,0,0,国家级,2,6,2,5656,21250,"(17855.0, 21364.0]"
星河信息股份有限公司009460,9.138498628024061e+017,0,,市级,3,5,,565656,17060,"(14480.0, 17855.0]"
启明材料有限责任公司009461,9.1332e+017,0,1,县级,6,5,4,676767,5320,"(3780.0, 7370.0]"
宏达能源股份有限公司009462,9.13687504180843e+017,,0,国家级,,5,2,-3434545,13580,"(10954.0, 14480.0]"
天成科技股份有限公司009463,9.13937872145e+017,1,1,国家级,5,5,7,676767,26430,"(24660.0, 27972.0]"
嘉禾智能股份有限公司009464,9.13240002e+017,0,0,,1,,6,565656,15250,"(14480.0, 17855.0]"
远航物流有限公司009465,9.13773964e+017,0,1,县级,5,5,4,565,15350,"(14480.0, 17855.0]"
盛世医药股份有限公司009466,9.133428400e+017,0,0,县级,7,,7,343434,1830,"(49.999, 3780.0]"
天成材料有限责任公司009467,9.130588541e+017,0,0,县级,3,6,,-3434545,33630,"(31471.0, 35000.0]"
宏达医药股份有限公司009468,9.1306774442e+017,1,1,国家级,6,3,,5656,26150,"(24660.0, 27972.0]"
金鼎网络集团有限公司009469,9.13046089e+017,,0,省级,,7,6,5656,3150,"(49.999, 3780.0]"
汇通装备有限公司009470,9.1323863046378e+017,1,0,,1,6,5,-2323432,24610,"(21364.0, 24660.0]"
创元生物有限公司009471,9.1315169476025e+017,1,0,国家级,3,,7,-3434545,590,"(49.999, 3780.0]"
汇通机械有限公司009472,9.138222630e+017,0,0,县级,4,7,5,-3434545,29350,"(27972.0, 31471.0]"
华信医药集团有限公司009473,9.13314050367526e+017,1,0,县级,1,3,2,676767,12670,"(10954.0, 14480.0]"
瑞丰智能有限责任公司009474,9.133899e+017,1,0,省级,7,4,7,676767,8490,"(7370.0, 10954.0]"
盛世电子有限责任公司009475,9.138059e+017,0,1,县级,4,7,4,565656,8800,"(7370.0, 10954.0]"
嘉禾贸易集团有限公司009476,9.13746e+017,0,0,县级,,2,1,343434,25210,"(24660.0, 27972.0]"
星河纺织有限责任公司009477,9.13875689270678e+017,1,0,,5,5,7,-3434545,20620,"(17855.0, 21364.0]"
宏达食品股份有限公司009478,9.131405e+017,0,0,市级,4,7,,565,9400,"(7370.0, 10954.0]"
瑞丰物流集团有限公司009479,9.13516463201499e+017,0,0,市级,,1,4,676767,2760,"(49.999, 3780.0]"
金鼎科技有限公司009480,9.137857e+017,0,1,国家级,4,2,4,565656,20460,"(17855.0, 21364.0]"
瑞丰机械有限公司009481,9.13899476138980e+017,0,0,,1,5,1,-3434545,31970,"(31471.0, 35000.0]"
永泰化工股份有限公司009482,9.13518e+017,1,1,,,3,3,6767,27880,"(24660.0, 27972.0]"
启明建设有限责任公司009483,9.13503444e+017,0,1,市级,2,7,7,676767,23910,"(21364.0, 24660.0]"
联创能源有限公司009484,9.13181e+017,0,1,县级,3,,1,565656,16090,"(14480.0, 17855.0]"
星河科技集团有限公司009485,9.13950e+017,0,0,,2,6,3,343434,23340,"(21364.0, 24660.0]"
星河信息有限公司009486,9.1351e+017,0,0,,7,6,7,5656,5530,"(3780.0, 7370.0]"
中原材料集团有限公司009487,9.133033998669357e+017,0,0,国家级,2,,4,565656,12600,"(10954.0, 14480.0]"
远航网络集团有限公司009488,9.13845233607e+017,0,1,市级,2,,3,6767,5710,"(3780.0, 7370.0]"
宏达建设有限责任公司009489,9.130280432e+017,0,1,县级,1,,5,-3434545,34990,"(31471.0, 35000.0]"
汇通贸易集团有限公司009490,9.1371382801138e+017,0,1,国家级,6,2,,343434,13120,"(10954.0, 14480.0]"
启明食品有限责任公司009491,9.1356642860e+017,1,,国家级,1,6,1,5656,4270,"(3780.0, 7370.0]"
华泰材料有限责任公司009492,9.13344509369e+017,1,1,国家级,,1,1,565,12700,"(10954.0, 14480.0]"
博雅生物有限公司009493,9.139614292e+017,,1,县级,,3,3,6767,26730,"(24660.0, 27972.0]"
创元机械股份有限公司009494,9.139092762e+017,1,1,国家级,1,1,,343434,29580,"(27972.0, 31471.0]"
汇通材料有限责任公司009495,9.135822825e+017,0,1,省级,3,4,1,565656,6690,"(3780.0, 7370.0]"
中原生物集团有限公司009496,9.135306e+017,0,0,,4,5,5,565656,33960,"(31471.0, 35000.0]"
汇通化工集团有限公司009497,9.1370033718383e+017,1,,市级,6,4,3,6767,26720,"(24660.0, 27972.0]"
远航生物有限公司009498,9.1394000e+017,1,1,市级,7,7,3,-3434545,25640,"(24660.0, 27972.0]"
中原机械有限公司009499,9.1324e+017,1,,国家级,7,1,6,-2323432,16970,"(14480.0, 17855.0]"
鼎盛网络集团有限公司009500,9.1385154509709e+017,0,1,,,6,1,343434,17730,"(14480.0, 17855.0]"
博雅智能股份有限公司009501,9.1326e+017,1,1,省级,1,4,5,565,3280,"(49.999, 3780.0]"
中原医药有限责任公司009502,9.138491030361e+017,1,0,国家级,6,7,5,565,24540,"(21364.0, 24660.0]"
金鼎贸易有限公司009503,9.1342e+017,0,1,省级,6,3,,565656,12670,"(10954.0, 14480.0]"
宏达科技有限公司009504,9.1306138e+017,0,1,省级,2,4,6,565656,9600,"(7370.0, 10954.0]"
华信智能集团有限公司009505,9.1338468985803625e+017,0,0,省级,1,4,3,343434,25010,"(24660.0, 27972.0]"
联创智能有限公司009506,9.137995607e+017,1,0,市级,3,6,4,5656,25670,"(24660.0, 27972.0]"
创元机械有限责任公司009507,9.1380402940e+017,0,0,县级,7,,3,565,29500,"(27972.0, 31471.0]"
创元生物有限责任公司009508,9.13853830959e+017,0,0,市级,6,7,4,565,27830,"(24660.0, 27972.0]"
创元纺织股份有限公司009509,9.135077239652e+017,1,1,省级,2,6,6,343434,14470,"(10954.0, 14480.0]"
金鼎材料有限责任公司009510,9.1327e+017,1,1,县级,6,,6,565,7350,"(3780.0, 7370.0]"
嘉禾材料有限责任公司009511,9.13494157e+017,0,0,市级,5,4,3,565,9810,"(7370.0, 10954.0]"
永泰智能有限公司009512,9.134930079913443e+017,1,1,,,3,1,5656,4340,"(3780.0, 7370.0]"
宏达信息有限责任公司009513,9.13161598011e+017,0,,国家级,5,4,2,565656,13500,"(10954.0, 14480.0]"
华信化工有限责任公司009514,9.13655730e+017,1,1,,6,7,5,565,19890,"(17855.0, 21364.0]"
创元装备有限公司009515,9.13412389826e+017,1,1,省级,,1,2,6767,23930,"(21364.0, 24660.0]"
永泰环保股份有限公司009516,9.135874e+017,0,0,县级,6,1,3,343434,22560,"(21364.0, 24660.0]"
创元生物股份有限公司009517,9.1306889e+017,,1,市级,1,1,5,676767,25200,"(24660.0, 27972.0]"
鼎盛环保集团有限公司009518,9.13505971398637e+017,,0,县级,6,2,3,-3434545,14300,"(10954.0, 14480.0]"
嘉禾能源有限责任公司009519,9.1332e+017,0,0,省级,6,6,3,565,14130,"(10954.0, 14480.0]"
星河电子集团有限公司009520,9.1303894e+017,0,0,市级,5,6,,565656,19660,"(17855.0, 21364.0]"
星河化工有限公司009521,9.136421e+017,0,1,国家级,4,3,2,5656,23570,"(21364.0, 24660.0]"
星河能源集团有限公司009522,9.134765e+017,0,0,省级,3,,6,5656,15180,"(14480.0, 17855.0]"
远航电子股份有限公司009523,9.1399107534594257e+017,0,1,县级,2,4,,676767,8010,"(7370.0, 10954.0]"
汇通材料股份有限公司009524,9.13087850693e+017,0,1,省级,3,3,6,343434,6450,"(3780.0, 7370.0]"
创元食品有限责任公司009525,9.13352417769469e+017,0,1,,2,,,-3434545,6740,"(3780.0, 7370.0]"
永泰装备有限责任公司009526,9.1364939e+017,0,0,国家级,2,1,1,5656,28060,"(27972.0, 31471.0]"
创元科技有限责任公司009527,9.139927918423753e+017,,1,市级,4,4,,565656,1590,"(49.999, 3780.0]"
启明机械集团有限公司009528,9.13950e+017,0,1,市级,3,4,7,-3434545,26380,"(24660.0, 27972.0]"
金鼎食品有限责任公司009529,9.13508803656e+017,1,0,县级,1,,4,343434,23620,"(21364.0, 24660.0]"
宏达环保股份有限公司009530,9.13872e+017,0,1,省级,2,7,2,-2323432,15560,"(14480.0, 17855.0]"
天成装备股份有限公司009531,9.1371200683395359e+017,1,0,省级,,1,3,-2323432,11180,"(10954.0, 14480.0]"
永泰纺织集团有限公司009532,9.13131196328e+017,0,1,国家级,1,7,6,676767,32820,"(31471.0, 35000.0]"
启明建设有限公司009533,9.13592e+017,0,0,县级,7,1,6,-2323432,3880,"(3780.0, 7370.0]"
盛世建设有限责任公司009534,9.1305e+017,0,0,,3,,3,565656,10670,"(7370.0, 10954.0]"
华泰物流有限责任公司009535,9.13711358e+017,1,1,国家级,7,1,6,343434,31000,"(27972.0, 31471.0]"
盛世电子有限公司009536,9.13677847e+017,1,0,,7,,3,343434,25090,"(24660.0, 27972.0]"
远航机械股份有限公司009537,9.1318140311708e+017,1,1,,2,2,6,565656,15180,"(14480.0, 17855.0]"
汇通材料集团有限公司009538,9.13844154647063e+017,0,1,市级,6,6,4,-2323432,14800,"(14480.0, 17855.0]"
天成能源有限公司009539,9.13672004162e+017,0,0,国家级,6,1,3,5656,4030,"(3780.0, 7370.0]"
华泰网络有限公司009540,9.130037e+017,1,0,国家级,5,2,4,-3434545,25680,"(24660.0, 27972.0]"
星河科技有限责任公司009541,9.13564476436e+017,1,,,4,,6,-3434545,18100,"(17855.0, 21364.0]"
汇通电子集团有限公司009542,9.13364820817e+017,1,1,县级,3,1,4,6767,16190,"(14480.0, 17855.0]"
启明纺织集团有限公司009543,9.13323912498596e+017,0,1,,6,5,6,5656,15830,"(14480.0, 17855.0]"
联创网络有限公司009544,9.13383493970e+017,0,1,省级,3,6,5,5656,12930,"(10954.0, 14480.0]"
创元化工股份有限公司009545,9.13192410e+017,1,1,县级,7,4,5,6767,10880,"(7370.0, 10954.0]"
远航物流集团有限公司009546,9.1329771946e+017,0,1,,,2,,-3434545,12440,"(10954.0, 14480.0]"
华泰环保有限公司009547,9.134915e+017,1,,,6,2,5,676767,14450,"(10954.0, 14480.0]"
金鼎网络集团有限公司009548,9.1345908226477100e+017,1,0,县级,3,3,5,6767,12450,"(10954.0, 14480.0]"
博雅网络股份有限公司009549,9.1360563555e+017,1,1,国家级,5,2,5,565,21080,"(17855.0, 21364.0]"
启明建设有限公司009550,9.1352640327e+017,0,0,国家级,5,3,6,676767,7100,"(3780.0, 7370.0]"
远航电子有限公司009551,9.1349852673426066e+017,1,1,国家级,4,2,2,-2323432,6150,"(3780.0, 7370.0]"
盛世建设股份有限公司009552,9.1335249180633354e+017,,,,,2,2,5656,21430,"(21364.0, 24660.0]"
金鼎物流集团有限公司009553,9.1306190577e+017,1,,市级,4,6,1,6767,5720,"(3780.0, 7370.0]"
联创物流集团有限公司009554,9.133622177210129e+017,1,0,,1,4,1,676767,33280,"(31471.0, 35000.0]"
联创食品有限公司009555,9.13413658e+017,1,1,县级,6,2,6,565,2180,"(49.999, 3780.0]"
瑞丰建设集团有限公司009556,9.1340410e+017,1,0,国家级,4,6,5,6767,22110,"(21364.0, 24660.0]"
宏达电子有限责任公司009557,9.1350e+017,1,1,县级,5,5,4,565656,17760,"(14480.0, 17855.0]"
博雅食品集团有限公司009558,9.139074004305446e+017,1,0,县级,5,4,7,565656,26860,"(24660.0, 27972.0]"
天成医药有限责任公司009559,9.13579841718e+017,0,,市级,5,2,2,565,26450,"(24660.0, 27972.0]"
鼎盛智能集团有限公司009560,9.1374970164047756e+017,1,1,省级,3,2,6,6767,24590,"(21364.0, 24660.0]"
宏达机械有限责任公司009561,9.1367141e+017,1,1,市级,7,7,2,-2323432,33090,"(31471.0, 35000.0]"
华信智能有限公司009562,9.1313705742219e+017,1,0,市级,2,4,3,-3434545,5380,"(3780.0, 7370.0]"
创元装备股份有限公司009563,9.1379982939e+017,1,1,省级,,3,2,676767,5000,"(3780.0, 7370.0]"
启明网络有限责任公司009564,9.1396612406e+017,,0,省级,5,6,6,5656,17920,"(17855.0, 21364.0]"
启明化工有限公司009565,9.1363235135427e+017,1,0,市级,2,5,7,676767,29100,"(27972.0, 31471.0]"
瑞丰材料股份有限公司009566,9.134565572037e+017,1,0,省级,,1,6,565,28410,"(27972.0, 31471.0]"
创元物流有限公司009567,9.13742e+017,0,1,市级,5,3,3,-2323432,3530,"(49.999, 3780.0]"
瑞丰能源有限公司009568,9.1326627393181e+017,0,0,市级,3,,6,343434,7130,"(3780.0, 7370.0]"
启明智能有限公司009569,9.13403826e+017,1,,县级,3,2,2,-3434545,7020,"(3780.0, 7370.0]"
盛世物流股份有限公司009570,9.1376823994e+017,1,0,省级,6,5,7,565,5820,"(3780.0, 7370.0]"
汇通科技有限责任公司009571,9.1312248956572934e+017,1,1,市级,4,6,4,565,7830,"(7370.0, 10954.0]"
创元医药有限公司009572,9.1327e+017,1,1,,2,6,,565656,17280,"(14480.0, 17855.0]"
汇通能源有限责任公司009573,9.1391088881081554e+017,1,0,县级,1,5,6,-3434545,20680,"(17855.0, 21364.0]"
星河建设股份有限公司009574,9.13085009197e+017,1,0,县级,1,3,7,5656,12720,"(10954.0, 14480.0]"
远航材料有限责任公司009575,9.138510770348e+017,1,1,国家级,2,3,7,5656,27910,"(24660.0, 27972.0]"
星河食品有限公司009576,9.13968348306e+017,1,0,市级,7,2,7,565656,28080,"(27972.0, 31471.0]"
博雅建设有限公司009577,9.130069918e+017,0,1,,3,3,,676767,4250,"(3780.0, 7370.0]"
博雅环保有限责任公司009578,9.1364350801e+017,0,1,市级,4,2,3,565656,6080,"(3780.0, 7370.0]"
华泰医药股份有限公司009579,9.13631650714354e+017,0,1,市级,4,6,3,-2323432,12470,"(10954.0, 14480.0]"
华泰纺织有限责任公司009580,9.13561130928868e+017,0,0,市级,5,6,5,5656,3750,"(49.999, 3780.0]"
瑞丰环保集团有限公司009581,9.13006720646e+017,0,1,国家级,2,,2,565,3940,"(3780.0, 7370.0]"
联创材料集团有限公司009582,9.138951e+017,1,0,国家级,2,7,6,676767,10550,"(7370.0, 10954.0]"
中原建设股份有限公司009583,9.13296568840092e+017,1,0,县级,7,1,6,-3434545,29150,"(27972.0, 31471.0]"
鼎盛装备有限公司009584,9.1302e+017,0,0,国家级,6,6,7,-3434545,5600,"(3780.0, 7370.0]"
鼎盛网络股份有限公司009585,9.138044723e+017,1,1,县级,,3,2,676767,32180,"(31471.0, 35000.0]"
天成机械股份有限公司009586,9.139475449906804e+017,,0,市级,1,5,5,565,980,"(49.999, 3780.0]"
中原电子有限责任公司009587,9.1330773e+017,0,1,市级,6,4,6,-2323432,19400,"(17855.0, 21364.0]"
汇通信息有限责任公司009588,9.136158142802e+017,1,,省级,1,5,,676767,5900,"(3780.0, 7370.0]"
华泰化工有限责任公司009589,9.1318179278941e+017,,1,县级,1,6,4,6767,14990,"(14480.0, 17855.0]"
华信物流有限公司009590,9.131057223e+017,0,0,省级,6,6,1,6767,31700,"(31471.0, 35000.0]"
启明环保有限公司009591,9.133713388031160e+017,1,1,省级,5,2,2,-2323432,31100,"(27972.0, 31471.0]"
博雅装备集团有限公司009592,9.13856013304e+017,1,1,省级,4,6,2,565656,19350,"(17855.0, 21364.0]"
星河智能集团有限公司009593,9.136216979053e+017,1,0,县级,,6,3,565,17490,"(14480.0, 17855.0]"
启明食品有限公司009594,9.131415686e+017,1,1,市级,2,3,5,5656,8520,"(7370.0, 10954.0]"
博雅信息股份有限公司009595,9.137281676604872e+017,,1,县级,5,6,1,676767,20200,"(17855.0, 21364.0]"
鼎盛生物有限责任公司009596,9.13754903e+017,,1,,2,6,,6767,7540,"(7370.0, 10954.0]"
瑞丰化工有限公司009597,9.1319505841891e+017,1,0,市级,2,4,2,-2323432,18690,"(17855.0, 21364.0]"
博雅生物集团有限公司009598,9.134461681439981e+017,0,1,国家级,5,6,,5656,22090,"(21364.0, 24660.0]"
天成生物有限责任公司009599,9.13618261e+017,1,0,国家级,,6,2,676767,19040,"(17855.0, 21364.0]"
天成贸易有限公司009600,9.1348486606570e+017,0,1,县级,1,6,2,5656,18290,"(17855.0, 21364.0]"
博雅纺织有限责任公司009601,9.136130948e+017,0,1,省级,1,2,,5656,8160,"(7370.0, 10954.0]"
天成网络有限公司009602,9.139240e+017,1,1,市级,4,1,2,5656,22450,"(21364.0, 24660.0]"
创元建设有限公司009603,9.135346751e+017,0,1,,3,4,,5656,27960,"(24660.0, 27972.0]"
博雅智能股份有限公司009604,9.13420728e+017,0,0,国家级,6,4,2,565656,33250,"(31471.0, 35000.0]"
金鼎环保集团有限公司009605,9.132962375451824e+017,1,0,省级,1,6,2,-3434545,23050,"(21364.0, 24660.0]"
博雅信息股份有限公司009606,9.1331557155421437e+017,0,0,县级,,5,5,6767,10850,"(7370.0, 10954.0]"
永泰智能股份有限公司009607,9.1372862198e+017,1,1,国家级,6,3,2,-2323432,7680,"(7370.0, 10954.0]"
汇通生物集团有限公司009608,9.1338364082e+017,,0,国家级,3,5,2,-2323432,29300,"(27972.0, 31471.0]"
永泰材料有限公司009609,9.13745472028578e+017,0,1,县级,5,1,7,565656,23420,"(21364.0, 24660.0]"
盛世医药有限责任公司009610,9.133975528e+017,1,1,县级,2,,,5656,27740,"(24660.0, 27972.0]"
启明贸易集团有限公司009611,9.1317512373909731e+017,0,1,国家级,4,6,3,6767,30070,"(27972.0, 31471.0]"
金鼎贸易集团有限公司009612,9.13273275e+017,0,0,,4,,4,5656,34630,"(31471.0, 35000.0]"
金鼎材料有限公司009613,9.131295e+017,0,1,市级,6,7,5,565656,4670,"(3780.0, 7370.0]"
联创贸易股份有限公司009614,9.139710e+017,0,0,,2,1,3,-2323432,14430,"(10954.0, 14480.0]"
星河信息有限责任公司009615,9.1343754e+017,,0,国家级,6,1,4,565,26230,"(24660.0, 27972.0]"
博雅机械股份有限公司009616,9.136086489725e+017,0,1,县级,5,1,3,5656,14010,"(10954.0, 14480.0]"
金鼎医药有限公司009617,9.13639906939298e+017,0,0,市级,5,5,4,565656,17550,"(14480.0, 17855.0]"
汇通生物有限责任公司009618,9.13036574379740e+017,1,1,县级,5,1,5,5656,32030,"(31471.0, 35000.0]"
嘉禾信息有限责任公司009619,9.139220e+017,1,1,省级,1,2,6,565656,17520,"(14480.0, 17855.0]"
鼎盛电子股份有限公司009620,9.13202e+017,0,1,,6,4,6,676767,9400,"(7370.0, 10954.0]"
汇通纺织集团有限公司009621,9.135016e+017,1,0,县级,7,5,4,5656,8150,"(7370.0, 10954.0]"
星河装备有限责任公司009622,9.135690e+017,0,0,县级,1,7,4,-2323432,34300,"(31471.0, 35000.0]"
启明电子股份有限公司009623,9.131548894e+017,1,,市级,6,4,7,343434,34220,"(31471.0, 35000.0]"
盛世食品集团有限公司009624,9.13103e+017,0,1,市级,4,4,6,5656,7760,"(7370.0, 10954.0]"
永泰食品有限公司009625,9.1378535e+017,1,0,国家级,,,5,343434,26810,"(24660.0, 27972.0]"
中原电子有限公司009626,9.132381398364e+017,,1,县级,6,6,5,-3434545,2300,"(49.999, 3780.0]"
宏达机械股份有限公司009627,9.1318888036386161e+017,1,1,省级,7,6,2,-3434545,24470,"(21364.0, 24660.0]"
盛世环保股份有限公司009628,9.134710873317e+017,0,1,省级,1,4,,6767,10340,"(7370.0, 10954.0]"
金鼎信息有限责任公司009629,9.13366614763449e+017,1,,市级,6,7,5,-2323432,30060,"(27972.0, 31471.0]"
汇通信息有限公司009630,9.135692e+017,,1,市级,5,3,1,676767,5580,"(3780.0, 7370.0]"
永泰环保集团有限公司009631,9.135054084e+017,1,1,国家级,7,7,7,565,26120,"(24660.0, 27972.0]"
创元化工有限公司009632,9.135037435432e+017,1,0,,6,3,7,-3434545,1950,"(49.999, 3780.0]"
汇通化工有限公司009633,9.13440616982266e+017,1,1,,5,5,2,5656,14480,"(10954.0, 14480.0]"
嘉禾食品有限责任公司009634,9.134791003111e+017,1,1,县级,6,3,1,565,26280,"(24660.0, 27972.0]"
永泰网络有限责任公司009635,9.13861220511133e+017,0,,国家级,4,3,5,343434,13010,"(10954.0, 14480.0]"
远航环保有限责任公司009636,9.13022564771e+017,1,0,,4,4,7,565,20030,"(17855.0, 21364.0]"
华信贸易有限公司009637,9.13029981603572e+017,1,1,县级,6,,7,5656,18700,"(17855.0, 21364.0]"
创元科技有限公司009638,9.1302e+017,1,1,县级,6,1,4,676767,20130,"(17855.0, 21364.0]"
盛世信息股份有限公司009639,9.134670e+017,1,1,国家级,,4,7,565,16710,"(14480.0, 17855.0]"
盛世信息股份有限公司009640,9.13517044e+017,1,1,市级,,,,-2323432,15460,"(14480.0, 17855.0]"
博雅化工有限责任公司009641,9.1323323538170765e+017,1,1,国家级,5,,2,565,24810,"(24660.0, 27972.0]"
联创生物集团有限公司009642,9.13961833449196e+017,0,1,县级,1,,1,565656,13250,"(10954.0, 14480.0]"
创元物流有限责任公司009643,9.138491789e+017,0,,国家级,,5,5,565656,10250,"(7370.0, 10954.0]"
联创装备集团有限公司009644,9.1349880e+017,1,1,,,3,3,5656,18090,"(17855.0, 21364.0]"
盛世医药股份有限公司009645,9.1384e+017,1,1,国家级,1,1,6,565,28280,"(27972.0, 31471.0]"
鼎盛材料有限责任公司009646,9.13798971e+017,0,0,省级,6,6,3,565656,13790,"(10954.0, 14480.0]"
博雅食品股份有限公司009647,9.131493101423e+017,0,0,市级,,7,1,-3434545,20520,"(17855.0, 21364.0]"
启明信息有限责任公司009648,9.1366190e+017,1,0,国家级,,7,5,5656,34760,"(31471.0, 35000.0]"
金鼎能源集团有限公司009649,9.13816939598820e+017,0,0,市级,,4,,565,15800,"(14480.0, 17855.0]"
金鼎物流有限责任公司009650,9.133901485703270e+017,0,0,,,6,1,6767,14670,"(14480.0, 17855.0]"
鼎盛材料有限责任公司009651,9.1361971e+017,1,,县级,6,7,1,565656,28330,"(27972.0, 31471.0]"
中原建设股份有限公司009652,9.1358159376e+017,0,0,市级,7,5,7,-3434545,17080,"(14480.0, 17855.0]"
天成材料有限责任公司009653,9.13950581e+017,0,0,国家级,5,2,2,565,14410,"(10954.0, 14480.0]"
瑞丰智能集团有限公司009654,9.130489809166e+017,1,0,县级,3,6,4,565,31740,"(31471.0, 35000.0]"
嘉禾纺织集团有限公司009655,9.1303650196183012e+017,0,0,市级,,1,,-3434545,13890,"(10954.0, 14480.0]"
远航环保有限责任公司009656,9.1320519240471930e+017,0,0,省级,5,4,,565656,16700,"(14480.0, 17855.0]"
天成食品集团有限公司009657,9.133944e+017,,1,省级,6,,1,565656,17580,"(14480.0, 17855.0]"
华泰物流有限公司009658,9.132782e+017,1,0,市级,3,3,3,676767,16580,"(14480.0, 17855.0]"
汇通材料集团有限公司009659,9.138556522862790e+017,0,,国家级,2,5,6,343434,10300,"(7370.0, 10954.0]"
宏达医药股份有限公司009660,9.1310516354018435e+017,1,0,,1,,5,-3434545,3130,"(49.999, 3780.0]"
嘉禾智能集团有限公司009661,9.139946104579688e+017,1,,,5,4,6,676767,21120,"(17855.0, 21364.0]"
华信机械有限公司009662,9.1350091973923540e+017,0,0,县级,7,7,2,-2323432,3900,"(3780.0, 7370.0]"
创元建设有限责任公司009663,9.13025379502998e+017,1,1,县级,3,2,3,-3434545,21770,"(21364.0, 24660.0]"
汇通材料有限公司009664,9.13331945918e+017,,,省级,1,4,3,565,20100,"(17855.0, 21364.0]"
华信物流有限公司009665,9.1312833130909e+017,,1,国家级,2,2,5,565,15900,"(14480.0, 17855.0]"
金鼎智能股份有限公司009666,9.1385296999828e+017,1,1,市级,2,1,4,565656,16180,"(14480.0, 17855.0]"
宏达生物有限责任公司009667,9.1342469974141e+017,1,,省级,6,4,,565656,21310,"(17855.0, 21364.0]"
远航智能股份有限公司009668,9.13550481188e+017,0,0,县级,1,7,4,676767,22800,"(21364.0, 24660.0]"
华信科技股份有限公司009669,9.13633549e+017,0,1,县级,1,5,2,565656,12150,"(10954.0, 14480.0]"
嘉禾材料股份有限公司009670,9.13668424152e+017,1,1,市级,3,6,,-2323432,3130,"(49.999, 3780.0]"
嘉禾能源集团有限公司009671,9.133104376885914e+017,1,0,国家级,3,,6,565,34670,"(31471.0, 35000.0]"
创元医药有限公司009672,9.139830803563139e+017,1,1,县级,3,2,4,565656,24200,"(21364.0, 24660.0]"
启明食品集团有限公司009673,9.136415480e+017,1,,,5,2,3,565656,27060,"(24660.0, 27972.0]"
远航贸易股份有限公司009674,9.13752021397e+017,1,0,国家级,1,6,5,5656,27850,"(24660.0, 27972.0]"
华泰机械有限责任公司009675,9.1344751622e+017,1,1,省级,4,1,2,6767,17250,"(14480.0, 17855.0]"
瑞丰网络有限责任公司009676,9.1310e+017,1,1,市级,,1,1,5656,13210,"(10954.0, 14480.0]"
中原贸易有限责任公司009677,9.130263103779036e+017,1,,县级,7,6,4,-2323432,33270,"(31471.0, 35000.0]"
中原装备集团有限公司009678,9.1367646481e+017,1,1,国家级,6,,4,-3434545,5410,"(3780.0, 7370.0]"
启明装备集团有限公司009679,9.13073e+017,1,1,县级,1,5,3,676767,2540,"(49.999, 3780.0]"
鼎盛食品有限责任公司009680,9.13108414543e+017,1,0,市级,,2,4,6767,25280,"(24660.0, 27972.0]"
金鼎机械有限责任公司009681,9.135577054915815e+017,1,1,,,4,6,343434,16400,"(14480.0, 17855.0]"
华泰网络集团有限公司009682,9.131467912e+017,0,,市级,4,7,2,565656,6950,"(3780.0, 7370.0]"
中原贸易有限责任公司009683,9.131149946198e+017,0,1,省级,,1,7,5656,34180,"(31471.0, 35000.0]"
启明建设集团有限公司009684,9.1366351770e+017,1,1,,1,2,1,343434,2640,"(49.999, 3780.0]"
联创医药有限责任公司009685,9.131907e+017,0,0,县级,5,3,5,-2323432,4240,"(3780.0, 7370.0]"
鼎盛电子股份有限公司009686,9.1348e+017,1,0,国家级,3,2,6,-2323432,32360,"(31471.0, 35000.0]"
中原物流有限责任公司009687,9.137513e+017,1,0,,1,4,4,565656,21280,"(17855.0, 21364.0]"
远航机械有限公司009688,9.131665039352959e+017,0,0,省级,6,6,2,-3434545,10930,"(7370.0, 10954.0]"
瑞丰医药有限公司009689,9.134181e+017,1,1,市级,7,7,6,343434,34080,"(31471.0, 35000.0]"
嘉禾智能集团有限公司009690,9.13998624099e+017,0,1,国家级,7,4,7,565656,33590,"(31471.0, 35000.0]"
中原材料有限责任公司009691,9.137914757590e+017,0,,县级,3,7,,676767,6770,"(3780.0, 7370.0]"
瑞丰科技有限责任公司009692,9.13307e+017,0,1,市级,2,5,4,565,33250,"(31471.0, 35000.0]"
宏达装备有限公司009693,9.1356e+017,0,1,市级,6,5,,676767,21330,"(17855.0, 21364.0]"
星河信息股份有限公司009694,9.1338890268271818e+017,1,0,县级,2,5,7,-2323432,19080,"(17855.0, 21364.0]"
博雅能源有限公司009695,9.1335e+017,0,1,县级,6,6,3,565,13210,"(10954.0, 14480.0]"
盛世物流有限公司009696,9.136689778323e+017,1,1,,2,2,2,676767,4980,"(3780.0, 7370.0]"
汇通能源有限责任公司009697,9.1388748e+017,1,1,县级,5,,1,565656,18020,"(17855.0, 21364.0]"
嘉禾纺织股份有限公司009698,9.1361145187778375e+017,0,0,省级,4,4,4,676767,22560,"(21364.0, 24660.0]"
华信化工股份有限公司009699,9.1383208534586029e+017,1,0,省级,4,5,,565,24550,"(21364.0, 24660.0]"
华泰机械有限责任公司009700,9.1322792075542e+017,,1,省级,5,5,1,676767,26820,"(24660.0, 27972.0]"
盛世贸易有限责任公司009701,9.13316364e+017,1,,国家级,,1,,565656,16110,"(14480.0, 17855.0]"
鼎盛电子股份有限公司009702,9.1376791869180e+017,1,0,,7,6,2,343434,26760,"(24660.0, 27972.0]"
华信建设有限责任公司009703,9.130244207e+017,1,0,省级,1,,6,5656,8150,"(7370.0, 10954.0]"
鼎盛智能集团有限公司009704,9.133222307e+017,0,,,4,,6,565656,13720,"(10954.0, 14480.0]"
宏达生物有限责任公司009705,9.1359169181e+017,1,0,国家级,2,5,,565,26000,"(24660.0, 27972.0]"
汇通贸易有限责任公司009706,9.1383671356e+017,0,0,市级,5,2,6,676767,2930,"(49.999, 3780.0]"
星河能源有限责任公司009707,9.1393897e+017,0,0,,5,,7,-2323432,17190,"(14480.0, 17855.0]"
联创生物有限责任公司009708,9.13440e+017,0,0,省级,5,2,2,565,2760,"(49.999, 3780.0]"
天成化工有限责任公司009709,9.1383469475655e+017,1,1,国家级,5,6,4,565656,14900,"(14480.0, 17855.0]"
远航贸易有限公司009710,9.13119e+017,0,0,国家级,4,5,4,676767,12100,"(10954.0, 14480.0]"
永泰智能集团有限公司009711,9.1391374614188e+017,0,0,县级,6,5,,343434,4110,"(3780.0, 7370.0]"
华信机械集团有限公司009712,9.1359609955329281e+017,0,0,县级,4,4,2,676767,11140,"(10954.0, 14480.0]"
创元科技集团有限公司009713,9.13108824281232e+017,1,1,,6,,4,565,5540,"(3780.0, 7370.0]"
盛世科技有限公司009714,9.130384494907e+017,,1,,2,5,2,-3434545,5680,"(3780.0, 7370.0]"
博雅电子集团有限公司009715,9.1328631358e+017,0,1,,7,6,5,-2323432,8000,"(7370.0, 10954.0]"
宏达食品有限责任公司009716,9.13565e+017,0,1,县级,,1,5,565656,29380,"(27972.0, 31471.0]"
嘉禾装备股份有限公司009717,9.13521e+017,0,0,县级,1,5,6,6767,22360,"(21364.0, 24660.0]"
创元食品股份有限公司009718,9.13608427371825e+017,0,1,省级,4,4,1,6767,3940,"(3780.0, 7370.0]"
创元材料有限责任公司009719,9.1362527195271e+017,1,0,国家级,2,,3,676767,28370,"(27972.0, 31471.0]"
博雅电子股份有限公司009720,9.137817434e+017,1,,省级,6,3,,5656,24230,"(21364.0, 24660.0]"
华泰医药有限公司009721,9.1368e+017,1,1,市级,,2,7,-2323432,19310,"(17855.0, 21364.0]"
金鼎纺织股份有限公司009722,9.1324520480e+017,0,0,县级,,6,1,565,2290,"(49.999, 3780.0]"
天成医药有限公司009723,9.1387748819247671e+017,0,,县级,5,7,6,343434,5830,"(3780.0, 7370.0]"
华信环保有限责任公司009724,9.1391422776139e+017,1,,国家级,4,1,,565656,8220,"(7370.0, 10954.0]"
宏达科技集团有限公司009725,9.13069453510e+017,1,0,国家级,,6,5,6767,7260,"(3780.0, 7370.0]"
汇通环保股份有限公司009726,9.135946e+017,1,0,县级,7,6,,565,27280,"(24660.0, 27972.0]"
远航智能有限公司009727,9.1373986e+017,0,0,国家级,,4,7,676767,420,"(49.999, 3780.0]"
中原信息有限责任公司009728,9.13359e+017,1,1,,2,5,4,565656,26150,"(24660.0, 27972.0]"
启明信息集团有限公司009729,9.13256e+017,0,0,省级,3,7,1,-3434545,28190,"(27972.0, 31471.0]"
华泰化工股份有限公司009730,9.1378e+017,1,1,国家级,2,7,3,676767,18490,"(17855.0, 21364.0]"
星河环保有限公司009731,9.1308244e+017,0,1,国家级,6,6,3,-2323432,19040,"(17855.0, 21364.0]"
瑞丰化工集团有限公司009732,9.1336524421961e+017,1,0,省级,6,1,7,565656,23040,"(21364.0, 24660.0]"
远航信息有限公司009733,9.1359760150e+017,0,0,国家级,7,3,3,6767,25250,"(24660.0, 27972.0]"
远航智能有限责任公司009734,9.137133921e+017,0,0,国家级,7,6,2,343434,24180,"(21364.0, 24660.0]"
博雅机械股份有限公司009735,9.13023081027027e+017,0,1,国家级,3,3,3,343434,19010,"(17855.0, 21364.0]"
天成网络有限责任公司009736,9.130921e+017,0,,,2,7,1,6767,20460,"(17855.0, 21364.0]"
鼎盛装备股份有限公司009737,9.131632e+017,1,,县级,2,7,1,565,28610,"(27972.0, 31471.0]"
盛世网络集团有限公司009738,9.134620339671e+017,1,1,县级,,1,4,6767,24530,"(21364.0, 24660.0]"
博雅信息集团有限公司009739,9.139190e+017,0,0,省级,,5,1,565,29130,"(27972.0, 31471.0]"
星河电子有限责任公司009740,9.130937941e+017,1,1,省级,5,1,4,565,28670,"(27972.0, 31471.0]"
博雅化工有限责任公司009741,9.1311142201789316e+017,0,0,国家级,,2,,565,17530,"(14480.0, 17855.0]"
金鼎智能有限公司009742,9.13164318592208e+017,0,1,县级,4,6,,676767,32580,"(31471.0, 35000.0]"
中原生物集团有限公司009743,9.1336635120791e+017,1,0,市级,,5,,6767,750,"(49.999, 3780.0]"
汇通环保集团有限公司009744,9.13237304296436e+017,1,0,省级,7,3,3,5656,17730,"(14480.0, 17855.0]"
嘉禾机械股份有限公司009745,9.132660895686642e+017,0,,县级,2,1,6,676767,28140,"(27972.0, 31471.0]"
嘉禾物流集团有限公司009746,9.13662e+017,1,0,国家级,6,4,,-2323432,32110,"(31471.0, 35000.0]"
星河智能集团有限公司009747,9.137468012973456e+017,0,1,县级,1,6,5,565656,8400,"(7370.0, 10954.0]"
汇通机械股份有限公司009748,9.1368e+017,,1,省级,2,6,2,565656,25500,"(24660.0, 27972.0]"
华信生物集团有限公司009749,9.1317791425714104e+017,1,0,省级,7,4,2,343434,14990,"(14480.0, 17855.0]"
汇通纺织有限责任公司009750,9.137150083645132e+017,0,1,省级,2,4,,6767,11070,"(10954.0, 14480.0]"
永泰信息有限责任公司009751,9.136756834132e+017,1,0,国家级,5,5,,-3434545,20760,"(17855.0, 21364.0]"
盛世智能有限责任公司009752,9.13637733444064e+017,1,0,,7,,7,6767,5490,"(3780.0, 7370.0]"
星河网络集团有限公司009753,9.1328320064416e+017,1,0,,1,2,4,-2323432,19640,"(17855.0, 21364.0]"
远航电子有限责任公司009754,9.130615148863141e+017,1,1,省级,,7,5,6767,24440,"(21364.0, 24660.0]"
中原装备股份有限公司009755,9.13402770e+017,0,1,国家级,1,4,2,676767,9720,"(7370.0, 10954.0]"
盛世科技有限公司009756,9.13570701e+017,1,0,国家级,2,,3,-3434545,6570,"(3780.0, 7370.0]"
联创材料有限公司009757,9.13829e+017,0,1,市级,7,2,4,-2323432,12830,"(10954.0, 14480.0]"
金鼎食品股份有限公司009758,9.1335462266521e+017,1,1,省级,4,6,5,-2323432,25660,"(24660.0, 27972.0]"
天成能源集团有限公司009759,9.1390615094792e+017,0,0,国家级,3,5,6,-3434545,28080,"(27972.0, 31471.0]"
天成网络集团有限公司009760,9.1330161726803572e+017,0,1,县级,5,,5,676767,2390,"(49.999, 3780.0]"
永泰科技集团有限公司009761,9.134252833e+017,1,1,县级,2,7,,6767,23810,"(21364.0, 24660.0]"
天成物流股份有限公司009762,9.13596282920e+017,0,0,县级,3,5,5,565656,27650,"(24660.0, 27972.0]"
宏达贸易有限公司009763,9.139171e+017,1,1,国家级,,1,1,-3434545,30150,"(27972.0, 31471.0]"
星河材料有限公司009764,9.1382762644107501e+017,0,0,市级,2,6,6,6767,1190,"(49.999, 3780.0]"
嘉禾医药集团有限公司009765,9.1353855945580020e+017,1,0,国家级,6,2,1,5656,32750,"(31471.0, 35000.0]"
联创纺织集团有限公司009766,9.138527146637955e+017,0,0,国家级,2,5,,676767,22280,"(21364.0, 24660.0]"
华泰物流集团有限公司009767,9.13927107598604e+017,1,1,国家级,6,,6,565,13120,"(10954.0, 14480.0]"
启明信息股份有限公司009768,9.13533e+017,0,0,省级,5,3,5,565,19570,"(17855.0, 21364.0]"
远航化工集团有限公司009769,9.1305e+017,0,0,省级,5,7,,6767,21300,"(17855.0, 21364.0]"
宏达化工有限公司009770,9.1306242045312096e+017,1,0,县级,3,3,1,565656,1490,"(49.999, 3780.0]"
鼎盛科技有限公司009771,9.13249491105376e+017,,,市级,1,6,,-3434545,28460,"(27972.0, 31471.0]"
盛世环保有限责任公司009772,9.1364391100671e+017,0,0,县级,4,6,6,5656,13430,"(10954.0, 14480.0]"
启明贸易集团有限公司009773,9.13153691e+017,1,0,省级,7,5,4,-2323432,24270,"(21364.0, 24660.0]"
金鼎贸易股份有限公司009774,9.130096192372689e+017,,0,市级,1,6,1,5656,34880,"(31471.0, 35000.0]"
嘉禾食品股份有限公司009775,9.1387197e+017,,1,省级,3,7,2,565656,7100,"(3780.0, 7370.0]"
永泰食品股份有限公司009776,9.1366322e+017,1,0,市级,1,3,7,5656,22040,"(21364.0, 24660.0]"
瑞丰贸易股份有限公司009777,9.13971219116084e+017,1,1,县级,2,2,1,565,16780,"(14480.0, 17855.0]"
联创智能有限责任公司009778,9.13606e+017,0,1,省级,1,7,5,676767,4680,"(3780.0, 7370.0]"
金鼎网络股份有限公司009779,9.13256283e+017,1,1,国家级,4,2,3,565656,31290,"(27972.0, 31471.0]"
嘉禾纺织有限责任公司009780,9.1350077605e+017,,1,省级,2,,1,6767,34860,"(31471.0, 35000.0]"
嘉禾信息集团有限公司009781,9.13650e+017,1,0,省级,2,4,4,565,9630,"(7370.0, 10954.0]"
星河环保集团有限公司009782,9.139938512788281e+017,,0,县级,,3,7,676767,27520,"(24660.0, 27972.0]"
华泰装备集团有限公司009783,9.1362696764223084e+017,0,1,县级,,5,4,-3434545,8340,"(7370.0, 10954.0]"
天成信息有限公司009784,9.13643e+017,0,0,国家级,6,2,3,565656,26750,"(24660.0, 27972.0]"
联创网络股份有限公司009785,9.1319195908e+017,1,1,,7,,,-3434545,7160,"(3780.0, 7370.0]"
汇通网络有限责任公司009786,9.13253e+017,1,1,省级,,3,2,5656,34760,"(31471.0, 35000.0]"
星河纺织集团有限公司009787,9.1312748363102e+017,0,0,,3,7,3,-2323432,9730,"(7370.0, 10954.0]"
联创科技股份有限公司009788,9.1380075e+017,0,1,省级,7,5,,6767,9240,"(7370.0, 10954.0]"
远航机械有限责任公司009789,9.135528765614661e+017,1,1,县级,3,7,2,6767,2100,"(49.999, 3780.0]"
天成建设有限责任公司009790,9.1312762490964492e+017,0,1,省级,1,4,5,-3434545,19240,"(17855.0, 21364.0]"
嘉禾物流有限责任公司009791,9.13481e+017,0,0,省级,1,3,3,5656,19030,"(17855.0, 21364.0]"
远航材料有限责任公司009792,9.13680e+017,,1,县级,1,7,6,343434,2310,"(49.999, 3780.0]"
中原电子有限责任公司009793,9.1342621779e+017,1,0,市级,6,1,5,6767,28050,"(27972.0, 31471.0]"
汇通建设集团有限公司009794,9.132584e+017,1,1,,2,4,6,343434,33830,"(31471.0, 35000.0]"
博雅材料有限公司009795,9.1370e+017,1,0,国家级,3,2,1,-2323432,10730,"(7370.0, 10954.0]"
宏达医药有限公司009796,9.13203588758e+017,1,,国家级,1,6,2,5656,28250,"(27972.0, 31471.0]"
宏达智能有限公司009797,9.134486e+017,,,市级,4,6,6,343434,32530,"(31471.0, 35000.0]"
金鼎机械集团有限公司009798,9.136560805618e+017,,0,省级,2,6,6,343434,17130,"(14480.0, 17855.0]"
金鼎网络集团有限公司009799,9.1328675389e+017,1,0,县级,2,7,1,676767,29080,"(27972.0, 31471.0]"
金鼎医药有限公司009800,9.1322867e+017,1,,省级,3,7,7,-3434545,2170,"(49.999, 3780.0]"
汇通装备有限责任公司009801,9.1376417407e+017,1,1,国家级,4,,,343434,19780,"(17855.0, 21364.0]"
华泰网络有限公司009802,9.1361e+017,1,1,国家级,3,3,3,6767,21330,"(17855.0, 21364.0]"
星河科技集团有限公司009803,9.135742e+017,0,1,县级,1,,1,343434,20310,"(17855.0, 21364.0]"
瑞丰环保集团有限公司009804,9.139110976227171e+017,0,0,,6,3,1,565,13020,"(10954.0, 14480.0]"
远航科技有限责任公司009805,9.13345245e+017,0,0,市级,6,4,7,565656,8170,"(7370.0, 10954.0]"
中原网络集团有限公司009806,9.134981e+017,1,1,县级,7,4,,676767,1140,"(49.999, 3780.0]"
创元建设股份有限公司009807,9.13605e+017,1,0,市级,,5,,565656,310,"(49.999, 3780.0]"
远航能源有限责任公司009808,9.13809e+017,,,县级,2,1,5,-3434545,33070,"(31471.0, 35000.0]"
博雅能源股份有限公司009809,9.13810928402042e+017,0,1,国家级,,5,6,5656,10170,"(7370.0, 10954.0]"
中原信息股份有限公司009810,9.13139324646e+017,0,0,市级,6,,1,565656,5480,"(3780.0, 7370.0]"
瑞丰食品有限公司009811,9.13203650738574e+017,1,0,,6,3,4,676767,7780,"(7370.0, 10954.0]"
宏达物流集团有限公司009812,9.13143654321282e+017,1,1,市级,4,5,2,-3434545,18820,"(17855.0, 21364.0]"
星河化工集团有限公司009813,9.132351e+017,0,0,县级,1,5,2,565656,14990,"(14480.0, 17855.0]"
中原纺织有限责任公司009814,9.139406428e+017,0,0,国家级,4,3,,565656,2340,"(49.999, 3780.0]"
中原生物有限公司009815,9.1352044818705932e+017,1,1,国家级,3,7,2,565656,6820,"(3780.0, 7370.0]"
启明建设股份有限公司009816,9.13138e+017,0,0,县级,1,3,6,6767,32750,"(31471.0, 35000.0]"
金鼎环保有限公司009817,9.1302878e+017,1,1,市级,1,3,6,-2323432,24510,"(21364.0, 24660.0]"
永泰装备集团有限公司009818,9.1399970553017700e+017,0,,县级,6,4,7,565,3050,"(49.999, 3780.0]"
汇通医药有限公司009819,9.13583599283e+017,0,1,省级,5,7,1,565656,23820,"(21364.0, 24660.0]"
永泰电子有限责任公司009820,9.13928e+017,,1,市级,,6,6,676767,33840,"(31471.0, 35000.0]"
金鼎医药股份有限公司009821,9.13601188e+017,1,0,省级,6,7,7,-2323432,11970,"(10954.0, 14480.0]"
华泰装备有限公司009822,9.1374168e+017,,0,县级,,5,5,6767,27840,"(24660.0, 27972.0]"
博雅信息有限责任公司009823,9.138328868e+017,0,0,市级,,,4,343434,32600,"(31471.0, 35000.0]"
联创能源集团有限公司009824,9.1366764785831012e+017,1,,国家级,4,4,7,343434,25330,"(24660.0, 27972.0]"
金鼎环保有限责任公司009825,9.1399e+017,0,1,市级,7,6,7,-3434545,34850,"(31471.0, 35000.0]"
联创机械股份有限公司009826,9.13949e+017,0,1,市级,6,,,5656,11760,"(10954.0, 14480.0]"
华泰装备有限公司009827,9.1390954250e+017,0,0,县级,2,1,5,6767,15640,"(14480.0, 17855.0]"
联创食品有限公司009828,9.1344567e+017,1,0,,2,6,2,676767,3770,"(49.999, 3780.0]"
华信材料股份有限公司009829,9.139123751897e+017,1,1,省级,,5,6,565,4710,"(3780.0, 7370.0]"
星河电子集团有限公司009830,9.1359617531420e+017,1,1,县级,3,6,3,565,9310,"(7370.0, 10954.0]"
星河智能股份有限公司009831,9.1325209492e+017,1,0,国家级,7,7,4,565656,29520,"(27972.0, 31471.0]"
汇通医药集团有限公司009832,9.133159e+017,1,0,省级,1,4,,-2323432,32320,"(31471.0, 35000.0]"
天成纺织股份有限公司009833,9.13750e+017,0,0,市级,5,1,,5656,10040,"(7370.0, 10954.0]"
华信化工集团有限公司009834,9.1398733e+017,0,0,,4,2,2,343434,26910,"(24660.0, 27972.0]"
联创装备股份有限公司009835,9.134673004e+017,,0,省级,6,,2,343434,33310,"(31471.0, 35000.0]"
博雅装备股份有限公司009836,9.133557223401e+017,,0,国家级,1,7,7,565656,7940,"(7370.0, 10954.0]"
嘉禾材料集团有限公司009837,9.138895774e+017,1,0,省级,6,5,6,343434,30630,"(27972.0, 31471.0]"
中原装备有限责任公司009838,9.134252679679e+017,,1,市级,3,3,2,676767,32240,"(31471.0, 35000.0]"
嘉禾物流股份有限公司009839,9.138064328041201e+017,0,,,6,2,6,343434,23060,"(21364.0, 24660.0]"
华信食品集团有限公司009840,9.1333e+017,0,1,省级,1,,6,676767,25130,"(24660.0, 27972.0]"
金鼎医药有限责任公司009841,9.13404632884e+017,1,,省级,6,6,1,6767,30490,"(27972.0, 31471.0]"
联创智能股份有限公司009842,9.1338365258e+017,1,0,省级,,6,4,-2323432,18590,"(17855.0, 21364.0]"
联创建设股份有限公司009843,9.1334107234908e+017,1,0,国家级,3,1,,6767,580,"(49.999, 3780.0]"
金鼎网络有限公司009844,9.13287809280414e+017,1,0,县级,,6,,565,23580,"(21364.0, 24660.0]"
瑞丰能源集团有限公司009845,9.13369242e+017,0,1,国家级,5,6,1,6767,18270,"(17855.0, 21364.0]"
华泰机械股份有限公司009846,9.1309807975501115e+017,1,0,县级,,2,5,565656,10620,"(7370.0, 10954.0]"
嘉禾物流有限责任公司009847,9.134372328749e+017,1,0,国家级,4,1,3,565,160,"(49.999, 3780.0]"
华泰电子股份有限公司009848,9.1354e+017,,0,国家级,7,6,7,343434,13040,"(10954.0, 14480.0]"
瑞丰电子有限责任公司009849,9.1385915e+017,0,0,市级,4,4,6,565,15960,"(14480.0, 17855.0]"
创元贸易集团有限公司009850,9.13756130015975e+017,1,1,,6,,4,343434,26850,"(24660.0, 27972.0]"
华信贸易集团有限公司009851,9.134970642e+017,1,1,省级,4,7,3,565656,12520,"(10954.0, 14480.0]"
鼎盛物流股份有限公司009852,9.1338372732e+017,,1,省级,3,7,6,-2323432,5530,"(3780.0, 7370.0]"
汇通信息有限责任公司009853,9.13726970710e+017,0,0,市级,2,5,2,565656,24780,"(24660.0, 27972.0]"
华信能源有限公司009854,9.1340197518116981e+017,1,1,省级,7,3,6,5656,21040,"(17855.0, 21364.0]"
联创机械集团有限公司009855,9.1315748890e+017,1,1,市级,6,1,3,343434,1180,"(49.999, 3780.0]"
金鼎贸易集团有限公司009856,9.13976485940e+017,1,0,市级,7,6,4,565656,32850,"(31471.0, 35000.0]"
远航纺织股份有限公司009857,9.13850e+017,0,0,县级,1,3,1,565,27790,"(24660.0, 27972.0]"
宏达能源集团有限公司009858,9.133061e+017,0,0,市级,,7,,6767,910,"(49.999, 3780.0]"
宏达能源有限责任公司009859,9.1303836335815438e+017,0,0,省级,3,3,4,5656,7770,"(7370.0, 10954.0]"
瑞丰物流股份有限公司009860,9.13419678e+017,1,1,,4,7,2,343434,34850,"(31471.0, 35000.0]"
瑞丰科技集团有限公司009861,9.13600190e+017,1,0,国家级,7,3,1,5656,28690,"(27972.0, 31471.0]"
远航材料股份有限公司009862,9.1301766734776432e+017,0,1,省级,4,7,,6767,26720,"(24660.0, 27972.0]"
华泰机械股份有限公司009863,9.134005447733e+017,0,0,市级,4,7,4,565656,22300,"(21364.0, 24660.0]"
宏达纺织集团有限公司009864,9.13405286951701e+017,1,0,县级,,2,6,343434,7780,"(7370.0, 10954.0]"
星河信息集团有限公司009865,9.136645023e+017,0,0,县级,,4,5,343434,730,"(49.999, 3780.0]"
联创机械股份有限公司009866,9.136341355e+017,1,1,省级,6,4,4,-2323432,1110,"(49.999, 3780.0]"
远航科技集团有限公司009867,9.13810720649387e+017,0,0,县级,3,1,5,5656,14980,"(14480.0, 17855.0]"
金鼎贸易集团有限公司009868,9.134591477608e+017,0,0,市级,4,7,4,5656,28660,"(27972.0, 31471.0]"
瑞丰能源集团有限公司009869,9.133026114545097e+017,0,1,市级,,4,5,565656,5020,"(3780.0, 7370.0]"
鼎盛医药有限责任公司009870,9.1335081e+017,1,1,县级,2,2,4,5656,13270,"(10954.0, 14480.0]"
永泰装备有限责任公司009871,9.13788024812988e+017,0,0,县级,5,1,2,565656,31750,"(31471.0, 35000.0]"
盛世网络股份有限公司009872,9.132906490e+017,0,0,市级,5,3,4,-2323432,33890,"(31471.0, 35000.0]"
宏达生物有限责任公司009873,9.1335696304676889e+017,1,1,国家级,1,,7,676767,23530,"(21364.0, 24660.0]"
瑞丰智能有限公司009874,9.1319191e+017,1,1,县级,6,6,2,-2323432,10460,"(7370.0, 10954.0]"
天成电子有限责任公司009875,9.136714e+017,1,0,省级,2,3,2,343434,17740,"(14480.0, 17855.0]"
中原贸易有限公司009876,9.13818969980e+017,0,1,市级,5,2,5,343434,25260,"(24660.0, 27972.0]"
宏达化工有限责任公司009877,9.131277714e+017,1,0,县级,6,4,4,-3434545,9430,"(7370.0, 10954.0]"
远航科技有限责任公司009878,9.136381e+017,0,0,省级,1,,2,-3434545,20240,"(17855.0, 21364.0]"
联创食品集团有限公司009879,9.13433779236e+017,1,0,省级,3,3,3,-3434545,15260,"(14480.0, 17855.0]"
中原科技有限责任公司009880,9.1346890472746e+017,1,0,省级,2,,7,-2323432,21520,"(21364.0, 24660.0]"
华信生物有限公司009881,9.13393225e+017,0,0,,7,,,-3434545,14460,"(10954.0, 14480.0]"
星河电子有限公司009882,9.1328e+017,0,1,省级,4,6,3,6767,10270,"(7370.0, 10954.0]"
启明物流集团有限公司009883,9.130027522e+017,1,0,县级,4,,3,6767,4120,"(3780.0, 7370.0]"
启明纺织有限责任公司009884,9.139960976669309e+017,0,0,国家级,5,1,2,5656,25020,"(24660.0, 27972.0]"
远航医药有限公司009885,9.13440487344e+017,1,,省级,,5,3,565,29950,"(27972.0, 31471.0]"
创元贸易有限责任公司009886,9.1303208e+017,,0,县级,3,5,5,565656,7200,"(3780.0, 7370.0]"
天成纺织股份有限公司009887,9.1347052370561e+017,1,1,,5,6,5,565656,30280,"(27972.0, 31471.0]"
华信医药有限公司009888,9.130800435410e+017,0,,,6,2,7,343434,27170,"(24660.0, 27972.0]"
华信科技股份有限公司009889,9.136678e+017,1,0,省级,6,6,2,565656,12910,"(10954.0, 14480.0]"
汇通信息有限公司009890,9.138634690511352e+017,0,1,市级,3,2,7,565,31790,"(31471.0, 35000.0]"
联创能源股份有限公司009891,9.132130e+017,,0,县级,3,3,3,343434,18700,"(17855.0, 21364.0]"
嘉禾装备集团有限公司009892,9.137262088167e+017,1,1,县级,1,3,,-2323432,33620,"(31471.0, 35000.0]"
宏达机械股份有限公司009893,9.136719247802333e+017,0,1,市级,1,2,,565656,4100,"(3780.0, 7370.0]"
瑞丰电子集团有限公司009894,9.1373e+017,1,1,县级,,4,5,-3434545,3980,"(3780.0, 7370.0]"
华泰装备股份有限公司009895,9.13918893e+017,,1,市级,4,3,2,565,30740,"(27972.0, 31471.0]"
星河物流有限责任公司009896,9.132537e+017,0,0,市级,1,,7,343434,30360,"(27972.0, 31471.0]"
宏达信息股份有限公司009897,9.1307591644685506e+017,1,0,,7,,6,565,15760,"(14480.0, 17855.0]"
宏达纺织有限责任公司009898,9.13430542e+017,0,0,,1,3,3,-2323432,33490,"(31471.0, 35000.0]"
远航环保有限公司009899,9.13955e+017,1,0,省级,4,6,3,676767,4670,"(3780.0, 7370.0]"
宏达环保股份有限公司009900,9.135646126e+017,,1,,1,2,6,343434,12530,"(10954.0, 14480.0]"
宏达生物股份有限公司009901,9.13678127177895e+017,0,0,国家级,4,,1,676767,880,"(49.999, 3780.0]"
永泰物流股份有限公司009902,9.13535640396139e+017,,,县级,,5,4,676767,30930,"(27972.0, 31471.0]"
联创环保有限公司009903,9.1381513433144e+017,0,0,国家级,7,7,1,-2323432,11000,"(10954.0, 14480.0]"
华泰物流集团有限公司009904,9.131905608468295e+017,0,0,市级,1,,3,6767,5360,"(3780.0, 7370.0]"
华信网络有限公司009905,9.13410673582e+017,0,1,省级,3,6,1,5656,1080,"(49.999, 3780.0]"
远航生物有限责任公司009906,9.13069e+017,,0,县级,4,1,4,-3434545,24600,"(21364.0, 24660.0]"
天成网络集团有限公司009907,9.132784317221192e+017,0,0,县级,6,3,3,5656,15870,"(14480.0, 17855.0]"
启明物流股份有限公司009908,9.1397e+017,0,0,县级,7,2,3,676767,30540,"(27972.0, 31471.0]"
华泰纺织集团有限公司009909,9.134759928e+017,1,0,县级,6,5,7,-2323432,32820,"(31471.0, 35000.0]"
鼎盛生物集团有限公司009910,9.13647402312872e+017,0,0,市级,5,7,,-2323432,10240,"(7370.0, 10954.0]"
华信建设有限公司009911,9.1349015426e+017,0,0,省级,2,1,2,565,1450,"(49.999, 3780.0]"
博雅电子股份有限公司009912,9.130699684e+017,0,1,省级,1,3,1,343434,21230,"(17855.0, 21364.0]"
鼎盛能源有限责任公司009913,9.1370939122902297e+017,1,0,国家级,,,2,676767,11390,"(10954.0, 14480.0]"
联创纺织有限责任公司009914,9.137070e+017,0,0,市级,3,2,7,5656,15880,"(14480.0, 17855.0]"
鼎盛贸易有限责任公司009915,9.13316792456e+017,1,1,县级,6,1,1,676767,15600,"(14480.0, 17855.0]"
华信智能股份有限公司009916,9.1372322e+017,1,0,省级,1,6,5,565,9740,"(7370.0, 10954.0]"
创元生物有限责任公司009917,9.133275e+017,1,0,县级,7,6,3,5656,5380,"(3780.0, 7370.0]"
鼎盛材料集团有限公司009918,9.139221e+017,1,0,县级,1,,5,565656,27950,"(24660.0, 27972.0]"
永泰网络集团有限公司009919,9.132315e+017,1,0,,,5,2,676767,15410,"(14480.0, 17855.0]"
天成材料有限公司009920,9.134621025e+017,0,1,,3,7,5,5656,11360,"(10954.0, 14480.0]"
华信机械有限责任公司009921,9.1348779e+017,1,1,国家级,,,4,565,21200,"(17855.0, 21364.0]"
瑞丰环保有限责任公司009922,9.13653722317e+017,0,1,,2,2,2,5656,29780,"(27972.0, 31471.0]"
远航装备股份有限公司009923,9.134222e+017,1,0,市级,,1,5,-3434545,10270,"(7370.0, 10954.0]"
联创信息有限责任公司009924,9.134720050924e+017,1,1,,7,3,1,676767,23670,"(21364.0, 24660.0]"
启明电子集团有限公司009925,9.1303e+017,0,0,,,7,7,-2323432,28000,"(27972.0, 31471.0]"
中原食品有限责任公司009926,9.1328209787393e+017,,1,国家级,7,3,3,343434,15640,"(14480.0, 17855.0]"
远航纺织股份有限公司009927,9.1323e+017,0,0,,3,4,,-3434545,10910,"(7370.0, 10954.0]"
金鼎化工有限公司009928,9.139232299053e+017,0,1,省级,1,,2,-2323432,34680,"(31471.0, 35000.0]"
联创网络集团有限公司009929,9.13246140e+017,0,1,县级,2,6,2,676767,6230,"(3780.0, 7370.0]"
嘉禾环保有限责任公司009930,9.1361832578654e+017,0,1,国家级,7,1,4,6767,2760,"(49.999, 3780.0]"
瑞丰贸易股份有限公司009931,9.13595102165556e+017,0,0,市级,2,2,5,-3434545,5610,"(3780.0, 7370.0]"
宏达机械股份有限公司009932,9.139000e+017,1,0,县级,2,3,6,343434,26890,"(24660.0, 27972.0]"
金鼎网络有限公司009933,9.1345118339e+017,1,0,市级,4,4,,565656,2940,"(49.999, 3780.0]"
嘉禾机械有限公司009934,9.1339292746e+017,0,1,县级,,4,,565656,8690,"(7370.0, 10954.0]"
中原机械有限责任公司009935,9.130899e+017,1,1,省级,1,2,2,5656,18740,"(17855.0, 21364.0]"
嘉禾电子有限责任公司009936,9.1305321870e+017,0,1,国家级,3,6,3,-2323432,25970,"(24660.0, 27972.0]"
金鼎物流有限公司009937,9.138349912665e+017,0,0,县级,,5,1,5656,27210,"(24660.0, 27972.0]"
永泰网络有限公司009938,9.131104120090e+017,1,1,县级,2,6,5,-3434545,10290,"(7370.0, 10954.0]"
远航医药有限责任公司009939,9.13315360e+017,1,,市级,1,6,1,6767,30440,"(27972.0, 31471.0]"
永泰贸易股份有限公司009940,9.1357416495366235e+017,0,1,国家级,5,6,5,5656,24420,"(21364.0, 24660.0]"
星河纺织有限责任公司009941,9.1331709634e+017,0,0,省级,4,,3,343434,3040,"(49.999, 3780.0]"
天成生物有限责任公司009942,9.13816987e+017,1,0,,2,1,4,676767,25080,"(24660.0, 27972.0]"
汇通纺织股份有限公司009943,9.1313e+017,0,1,市级,3,7,,565,530,"(49.999, 3780.0]"
中原电子有限公司009944,9.13825325470092e+017,1,0,国家级,5,5,3,-2323432,12560,"(10954.0, 14480.0]"
博雅生物有限公司009945,9.134677229e+017,0,0,县级,4,4,,5656,5670,"(3780.0, 7370.0]"
汇通装备有限公司009946,9.1379269253374e+017,0,0,市级,7,3,3,676767,26800,"(24660.0, 27972.0]"
嘉禾食品集团有限公司009947,9.1304e+017,0,0,市级,6,7,7,-3434545,12830,"(10954.0, 14480.0]"
博雅贸易有限责任公司009948,9.132395984e+017,1,0,市级,3,2,,676767,22500,"(21364.0, 24660.0]"
嘉禾信息股份有限公司009949,9.13044265e+017,0,0,市级,3,1,2,5656,29640,"(27972.0, 31471.0]"
金鼎电子集团有限公司009950,9.1363349241e+017,0,1,市级,7,6,5,565656,29290,"(27972.0, 31471.0]"
博雅化工股份有限公司009951,9.1348e+017,1,1,省级,4,2,1,676767,28040,"(27972.0, 31471.0]"
联创科技有限责任公司009952,9.1330918103835037e+017,0,1,省级,1,,7,-2323432,30540,"(27972.0, 31471.0]"
永泰生物有限公司009953,9.13710687778e+017,0,1,国家级,4,3,1,5656,30040,"(27972.0, 31471.0]"
博雅贸易股份有限公司009954,9.1373639409633e+017,1,0,国家级,,4,2,343434,34320,"(31471.0, 35000.0]"
汇通纺织集团有限公司009955,9.135590e+017,0,1,,2,4,2,5656,19860,"(17855.0, 21364.0]"
博雅网络集团有限公司009956,9.13131688682e+017,0,1,县级,7,3,4,565656,16580,"(14480.0, 17855.0]"
金鼎能源有限公司009957,9.135279e+017,1,1,省级,7,5,6,565,10770,"(7370.0, 10954.0]"
天成智能集团有限公司009958,9.136083777757e+017,1,0,国家级,4,3,1,565656,12210,"(10954.0, 14480.0]"
嘉禾化工股份有限公司009959,9.132846419838942e+017,1,0,省级,7,4,7,343434,80,"(49.999, 3780.0]"
瑞丰生物股份有限公司009960,9.13754412e+017,1,0,市级,7,3,1,5656,16630,"(14480.0, 17855.0]"
瑞丰食品有限责任公司009961,9.134327144e+017,0,1,市级,4,4,,-2323432,27060,"(24660.0, 27972.0]"
远航建设有限责任公司009962,9.1390564084774548e+017,0,1,,3,5,5,676767,13770,"(10954.0, 14480.0]"
汇通网络股份有限公司009963,9.1367e+017,0,0,,,2,4,676767,12920,"(10954.0, 14480.0]"
远航医药有限公司009964,9.1314458640154240e+017,0,0,市级,2,,3,565,12620,"(10954.0, 14480.0]"
联创物流集团有限公司009965,9.133134953e+017,1,0,市级,2,6,6,565,19720,"(17855.0, 21364.0]"
中原生物集团有限公司009966,9.1307272684398e+017,1,1,县级,6,2,4,-2323432,33720,"(31471.0, 35000.0]"
汇通物流股份有限公司009967,9.1389623865e+017,1,1,,2,,6,5656,6420,"(3780.0, 7370.0]"
嘉禾能源股份有限公司009968,9.1363471e+017,1,0,市级,1,2,2,-3434545,6950,"(3780.0, 7370.0]"
中原医药股份有限公司009969,9.13815e+017,0,0,,5,2,2,343434,330,"(49.999, 3780.0]"
启明贸易有限公司009970,9.139718547968034e+017,0,0,,4,4,1,6767,32820,"(31471.0, 35000.0]"
创元化工有限公司009971,9.1387e+017,1,1,省级,7,6,4,343434,14870,"(14480.0, 17855.0]"
嘉禾建设有限公司009972,9.130636228e+017,1,1,市级,4,6,6,-3434545,31730,"(31471.0, 35000.0]"
盛世科技股份有限公司009973,9.131244193e+017,0,1,市级,1,,1,565,13730,"(10954.0, 14480.0]"
宏达科技集团有限公司009974,9.1396662e+017,1,1,市级,,1,,-2323432,17590,"(14480.0, 17855.0]"
启明医药集团有限公司009975,9.13066e+017,1,0,市级,6,4,2,-2323432,23330,"(21364.0, 24660.0]"
汇通生物有限公司009976,9.1344708813913940e+017,0,0,县级,3,2,3,6767,34770,"(31471.0, 35000.0]"
联创科技集团有限公司009977,9.1399234e+017,0,0,,6,6,,565,14370,"(10954.0, 14480.0]"
天成食品有限责任公司009978,9.13660721400225e+017,1,0,市级,5,7,5,565656,22600,"(21364.0, 24660.0]"
瑞丰食品有限公司009979,9.130028e+017,0,1,省级,1,1,3,565,13410,"(10954.0, 14480.0]"
鼎盛电子集团有限公司009980,9.13506106253966e+017,0,0,市级,5,5,1,343434,27780,"(24660.0, 27972.0]"
中原物流股份有限公司009981,9.13664103416e+017,0,1,市级,5,6,4,-2323432,8980,"(7370.0, 10954.0]"
华信生物集团有限公司009982,9.132646565199e+017,0,1,国家级,5,4,,565656,5330,"(3780.0, 7370.0]"
金鼎材料集团有限公司009983,9.139035e+017,0,0,县级,,7,6,6767,31360,"(27972.0, 31471.0]"
启明物流集团有限公司009984,9.132415640116e+017,1,1,国家级,6,2,,565656,15360,"(14480.0, 17855.0]"
华泰建设有限责任公司009985,9.1378920314e+017,1,,县级,4,1,,5656,22320,"(21364.0, 24660.0]"
天成材料股份有限公司009986,9.133097291670580e+017,0,0,,6,7,7,5656,6880,"(3780.0, 7370.0]"
中原科技有限公司009987,9.1384e+017,1,1,省级,4,4,,343434,10190,"(7370.0, 10954.0]"
星河电子有限公司009988,9.1388542199e+017,0,1,省级,2,7,6,5656,32080,"(31471.0, 35000.0]"
远航材料有限责任公司009989,9.13283681800300e+017,0,1,省级,7,5,1,676767,9470,"(7370.0, 10954.0]"
博雅信息有限公司009990,9.136073360e+017,1,0,,5,5,1,565,12800,"(10954.0, 14480.0]"
创元生物集团有限公司009991,9.1350539831e+017,0,1,市级,5,5,2,-3434545,32800,"(31471.0, 35000.0]"
华信化工有限责任公司009992,9.136981053299e+017,1,0,县级,2,5,6,-3434545,18730,"(17855.0, 21364.0]"
联创纺织有限公司009993,9.1358859022e+017,1,0,县级,2,,3,343434,23580,"(21364.0, 24660.0]"
天成科技有限公司009994,9.13094e+017,1,1,省级,7,,,-3434545,26410,"(24660.0, 27972.0]"
瑞丰食品集团有限公司009995,9.13842685e+017,1,0,国家级,7,5,3,5656,12160,"(10954.0, 14480.0]"
中原建设有限责任公司009996,9.13191041525e+017,0,0,国家级,6,3,1,6767,120,"(49.999, 3780.0]"
永泰物流有限责任公司009997,9.131584e+017,1,0,县级,2,2,,343434,21570,"(21364.0, 24660.0]"
华信机械有限责任公司009998,9.139417384460e+017,1,0,国家级,4,7,3,676767,29680,"(27972.0, 31471.0]"
嘉禾环保有限责任公司009999,9.1346860e+017,0,,县级,3,2,5,-3434545,25600,"(24660.0, 27972.0]"
